,company,title,body,ai_related,matched_keywords_title,matched_keywords_body,matched_keywords_all,n_hits_title_total,n_hits_body_total,company_hits,body,relevant_section_spans,n_keyword_matches,relevant_len_chars,relevant_len_words,total_len_words
0,abn amro,ABN AMRO biedt bedrijven complete bescherming tegen cybercrime _ ABN AMRO.pdf,"ABN AMRO biedt midden- en grootbedrijf complete service tegen
cybercriminaliteit
Persbericht
Financiële criminaliteit
1 februari 2023, 09:00
Eunice Koekkoek
Senior Persvoorlichter
Het aantal bedrijven dat te maken heeft met cybercriminaliteit
neemt sterk toe. Dit kost het Nederlandse bedrijfsleven miljarden
euro’s per jaar. Als eerste bank in Nederland biedt ABN AMRO in
samenwerking met cybersecurity leverancier MMOX nu met
Cyber Veilig & Zeker een complete service tegen cyberrisico’s in
de vorm van voorkomen, beschermen, oplossen en verzekeren
van eventuele schade.
Meer dan 60 procent van de Nederlandse ondernemers heeft in meer of mindere
mate wel eens te maken gehad met cyberaanvallen. De Nederlandse politie
NL
Feedback
12/4/25, 5:51 PM
ABN AMRO biedt bedrijven complete bescherming tegen cybercrime | ABN AMRO
https://www.abnamro.com/nl/nieuws/abn-amro-biedt-midden-en-grootbedrijf-complete-service-tegen
1/6

registreerde in 2021 ruim 14.000 gevallen van cybercriminaliteit, wat een
toename is van een derde in vergelijking met 2020. De laatste cijfers van de politie
laten zien dat dit nagenoeg gelijk is gebleven. Alhoewel de risicoperceptie van
ondernemers stabiel blijft, blijkt uit onderzoek van ABN AMRO onder 233
bedrijven dat de bereidheid tot het nemen van maatregelen toeneemt. Daarnaast
zegt 45 procent van de ondervraagden wel eens te maken te hebben gehad met
cybercriminaliteit.
De hoge mate van expertise op het gebied van cyberbeveiliging die nodig is voor
een bedrijf om zich tegen cybercriminelen te wapenen, is een drempel voor velen.
Ondernemers uit het midden en grootbedrijf hebben hier geen of onvoldoende
kennis en middelen voor.
Als een van de grootste banken van Nederland heeft ABN AMRO die expertise wel
in huis, juist om de waardevolle financiële bezittingen van klanten te beschermen.
Door de samenwerking met MMOX komt een hoge mate van cyberveiligheid en -
zekerheid voor klanten van ABN AMRO nu een stuk dichterbij met Cyber Veilig &
Zeker.
Dick Berlijn, Strategisch Adviseur van MMOX en voormalig Chef Defensiestaf
benadrukt de urgentie: “Cybercriminaliteit is helaas niet meer weg te denken uit
de maatschappij. Dat maakt de maatschappij en het bedrijfsleven kwetsbaar. De
dreiging neemt nog altijd toe voor ondernemers en zeker voor degenen die actief
zijn in digitale dataverwerking en -communicatie. De kwetsbaarheid en de
consequenties zijn groot en voor niet alle ondernemers is een complete oplossing
die technologie en expertise koppelt binnen handbereik. Met de complete service
die ABN AMRO met MMOX aanbiedt aan het midden- en grootbedrijf kan
cybercriminaliteit als maatschappelijke uitdaging worden aangepakt.”
Martijn Dekker, Chief Information Security Officer bij ABN AMRO vult aan: “Digitale
veiligheid is een topprioriteit voor het bankwezen. Maar ook voor onze
ondernemers in het midden- en grootbedrijf. Ik ben zeer verheugd dat wij onze
expertise en intelligence in een digitaal veiligheidspakket nu ook kunnen
aanbieden voor onze ondernemers en een van hun belangrijkste zorgen kunnen
wegnemen met deze oplossing.”
Kijk 
 voor meer informatie.
Gerelateerd nieuws
hier
Lees meer nieuws
Feedback
12/4/25, 5:51 PM
ABN AMRO biedt bedrijven complete bescherming tegen cybercrime | ABN AMRO
https://www.abnamro.com/nl/nieuws/abn-amro-biedt-midden-en-grootbedrijf-complete-service-tegen
2/6

Eén datalek kan de sleutel zijn tot een digitale identiteit of andere kritische
diensten
Financiële criminaliteit
18/11/2025
Hans Sjouke Koopal
Feedback
12/4/25, 5:51 PM
ABN AMRO biedt bedrijven complete bescherming tegen cybercrime | ABN AMRO
https://www.abnamro.com/nl/nieuws/abn-amro-biedt-midden-en-grootbedrijf-complete-service-tegen
3/6

Criminelen richten zich op de mens achter de digitale kluis
Financiële criminaliteit
07/11/2025
Hans Sjouke Koopal
Feedback
12/4/25, 5:51 PM
ABN AMRO biedt bedrijven complete bescherming tegen cybercrime | ABN AMRO
https://www.abnamro.com/nl/nieuws/abn-amro-biedt-midden-en-grootbedrijf-complete-service-tegen
4/6

Klanten
Klantenservice
Corporate sites
7 op de 10 Nederlanders mist kennis over veilig gebruik QR-codes
Financiële criminaliteit
20/08/2025
Hans Sjouke Koopal
Particulieren
Zakelijke klanten
Private Banking
Particulieren contact
Zakelijk contact
Private Banking contact
Research Group Economics
Feedback
12/4/25, 5:51 PM
ABN AMRO biedt bedrijven complete bescherming tegen cybercrime | ABN AMRO
https://www.abnamro.com/nl/nieuws/abn-amro-biedt-midden-en-grootbedrijf-complete-service-tegen
5/6

Sociale media
Cookie-instellingen
©2025
ABN AMRO Bank N.V.
Werken bij
Dochterondernemingen
Facebook
LinkedIn
Instagram
Disclaimer
Privacyverklaring
Cookies
Veiligheid op het internet
US Persons
Modern Slavery Statement
Feedback
12/4/25, 5:51 PM
ABN AMRO biedt bedrijven complete bescherming tegen cybercrime | ABN AMRO
https://www.abnamro.com/nl/nieuws/abn-amro-biedt-midden-en-grootbedrijf-complete-service-tegen
6/6
",no,[],[],['facebook'],0,0,['facebook'],"...Group Economics
Feedback
12/4/25, 5:51 PM
ABN AMRO biedt bedrijven complete bescherming tegen cybercrime | ABN AMRO
https://www.abnamro.com/nl/nieuws/abn-amro-biedt-midden-en-grootbedrijf-complete-service-tegen
5/6

Sociale media
Cookie-instellingen
©2025
ABN AMRO Bank N.V.
Werken bij
Dochterondernemingen
Facebook
LinkedIn
Instagram
Disclaimer
Privacyverklaring
Cookies
Veiligheid op het internet
US Persons
Modern Slavery Statement
Feedback
12/4/25, 5:51 PM
ABN AMRO biedt bedrijven complete bescherming tegen cybercrime | ABN AMRO
https://www.abnamro.com/nl/nieuws/abn-amro-biedt-midden-en-grootbedrijf-complete-service-tegen...","[(4293, 4922)]",1,635,96,754
1,abn amro,Kunstmatige intelligentie_ Vriend of vijand_ _ ABN AMRO.pdf,"Kunstmatige intelligentie: Vriend of vijand?
Blog
Innovatie
13 januari 2016, 14:40
Arjan van Os
Hoofd Innovation Centre
Volgens velen is Frankenstein door Mary Shelley (1818) het eerste
science-fictionroman ooit. De hoofdpersoon Victor zou je, vanuit
onze tijd bezien, de pionier van onderzoek naar singulariteiten
kunnen noemen. Halverwege het eerste boek roept het monster
Victor toe: “U bent mijn schepper, maar ik ben uw meester;
gehoorzaamt!” Tweehonderd jaar later kunnen we ons afvragen of
deze situatie nog wel zo onrealistisch is. Maar in plaats van een
monster samengesteld uit lichaamsdelen van dode mensen, gaat
het nu om gladde en glanzende robots die slimmer zijn dan wij.
NL
Feedback
10/29/25, 9:02 PM
Kunstmatige intelligentie: Vriend of vijand? | ABN AMRO
https://www.abnamro.com/nl/nieuws/kunstmatige-intelligentie-vriend-of-vijand
1/8

“""De ontwikkeling van AI is een van de meest fascinerende huidige trends.
Frankenstein is niet langer puur science fiction. ""”
Arjan van Os
Hoofd Innovation Centre
Binnen de robotica behoort kunstmatige intelligentie (AI) tot de meest
controversiële onderwerpen. Auteur en computerwetenschapper Ray Kurzweil
gelooft dat rond het jaar 2029 computers alles kunnen doen wat wij nu kunnen -
maar dan beter. Hoewel de critici het er niet mee eens zijn, lijkt die mogelijkheid
steeds dichterbij te komen.
Niemand kan ontkennen dat de basis er al ligt. De hoeveelheid beschikbare data
telt inmiddels in de zettabytes. Deze oceaan van informatie is steeds beter
gestructureerd en via een groeiend aantal API’s voor ons beschikbaar. Dan zijn er
nog de almaar groeiende mogelijkheden van de toegepaste informatica. Voeg
deze drie factoren samen in slimme algoritmes, en je krijgt modellen en patronen
in real-time die mensen niet kunnen creëren of bevatten. Het is duidelijk dat het
niet lang meer duurt voordat we algoritmes kunnen maken die het menselijk
begrip te boven gaan.
Introductie van het monster
De ontwikkeling van AI is een van de meest fascinerende huidige trends.
Frankenstein is niet langer puur science fiction. The Big Techs zijn biljoenen aan het
investeren in AI-systemen; kijk bijvoorbeeld naar 
 van IBM, dat de
nuances van de menselijke taal en de context van vragen begrijpt. Vergeet ook
niet de alomtegenwoordige informatienavigator 
 van Apple, en de slimme
regio-specifieke 
 van Microsoft. Van beschrijvende systemen die
informatie produceren zijn het inmiddels voorspellende systemen geworden, die
inzichten produceren en gebruikers helpen betere beslissingen te maken. De
nieuwste stap is een systeem dat op zijn taken vooruitloopt met zelflerende
intelligentie.
Veranderingen omarmen
Binnen de financiële technologie is er een flinke toename te zien in het aantal AI-
gerichte start-ups. Ingenieurs en wetenschappers op het gebied van big data
zetten bedrijven op rond lerende software voor investment banks en nieuwe
cybersecurity-oplossingen. Maar ook binnen risicomanagement, dat aan het hart
van elke bank ligt, worden voorspellende en taakstellende systemen
Watson
Siri
Cortana
Feedback
10/29/25, 9:02 PM
Kunstmatige intelligentie: Vriend of vijand? | ABN AMRO
https://www.abnamro.com/nl/nieuws/kunstmatige-intelligentie-vriend-of-vijand
2/8

geïntroduceerd. Deze leveren efficiëntere risicomodellen dan de huidige versies,
die veelal omschrijvend van aard zijn.
In  de komende jaren zal AI waarschijnlijk aan invloed winnen binnen de financiële
dienstverlening. Het begint bij back-endfuncties zoals handelsbeslissingen
overzien, fraude detecteren, en risico’s analyseren. Maar in de nabije toekomst
komen daar ook front-endfuncties bij, waaronder persoonlijk advies en
revolutionaire manieren om met de bank te communiceren. Zo kunnen
omslachtige vragenlijsten vervangen worden door natuurlijke dialoog. De
‘intelligent agent’ kan beter en sneller persoonlijk advies leveren - dag en nacht.
Het helpt met verzekeringen en investeringen, denkt met je mee over welke
hypotheek het beste aansluit bij je financiële toekomst, en stelt je op de hoogte als
er iets bijzonders gebeurt of kan gebeuren.
Autonomer en klantspecifieker
In de geavanceerde versie van dit idee kunnen klanten met de hulp van hun
persoonlijke avatar besluiten hoe hun financiën geregeld moeten worden, hoeveel
er gespaard moet worden voor de zomervakantie, hoe hoog het minimale bedrag
op de huishoudrekening moet zijn, etc. Met dit systeem worden rekeningen
beheerd en ontvangen gebruikers alleen notificaties wanneer dat nodig is.
Uiteraard worden  transacties slim gecategoriseerd, komt er feedback over de
financiële gezondheid, en hoort de klant of de financiële doelen op koers liggen.
Al deze functies bestaan al, maar in een AI-realiteit zijn ze meer autonoom en
klant- en contextgevoelig, en geven ze de klant intelligentere inzichten en
adviezen.
Transparantie bieden
Het wordt interessant om te zien hoe de versnelling van AI-functionaliteit zal
verlopen tegen de achtergrond van de nieuwe EU-databeschermingswetten die
ingevoerd worden. Vanuit wettelijk oogpunt is het heel waarschijnlijk dat de logica
achter beslissingen en advies uitgelegd moet worden aan de gebruiker. De
robotadviseur moet in staat zijn transparantie te bieden over de achterliggende
beslisprocessen. Naast het hoe en wat van adviezen kunnen klanten hun
robotadviseur dus ook flink doorzagen over het waarom: over de principes,
hypotheses, uitgangspunten, logica, en denkwijze die de robot toepast.  Uiteraard
zijn informatiebescherming en gebruikersveiligheid ook topprioriteiten. We
moeten alle mogelijkheden onderzoeken om de data van onze klanten te
beveiligen en tegelijkertijd te blijven profiteren van de ongekende rekenkracht van
de robot.
Feedback
10/29/25, 9:02 PM
Kunstmatige intelligentie: Vriend of vijand? | ABN AMRO
https://www.abnamro.com/nl/nieuws/kunstmatige-intelligentie-vriend-of-vijand
3/8

De klant in gedachten houden
ABN AMRO zal niet morgen al de menselijke financiële adviseurs vervangen door
robots, maar het concept is niet zo futuristisch als we ons wellicht voorstellen. En
we kunnen nog niet zeggen in welke mate AI door zal dringen in de financiële
sector. Blijft het een back-endoplossing die menselijke adviseurs bijstaat met
steeds accuratere adviezen en projecties? Of omarmen klanten hun financiële
avatars vanwege hun nauwkeurigheid en continue beschikbaarheid? Zoals altijd
ligt het antwoord bij de klant, en zijn of haar bereidheid om zich aan te passen aan
de verandering. Door nu met deze technologie te experimenteren en zich voor te
bereiden op de veranderingen van de toekomst, doet ABN AMRO wat het
allerbeste is voor de klant: nu alles te weten te komen om later de meest
weloverwogen keuze te kunnen maken. Als scheppers van deze gladde en
glanzende monsters moeten juist wij er voor zorgen dat ze niet de baas over ons
gaan spelen.
Gerelateerd nieuws
Lees meer nieuws
Feedback
10/29/25, 9:02 PM
Kunstmatige intelligentie: Vriend of vijand? | ABN AMRO
https://www.abnamro.com/nl/nieuws/kunstmatige-intelligentie-vriend-of-vijand
4/8

ABN AMRO Bank introduceert in Nederland de nieuwe Debit Mastercard-
betaalpas
Economie
16/10/2025
Hans Sjouke Koopal
Feedback
10/29/25, 9:02 PM
Kunstmatige intelligentie: Vriend of vijand? | ABN AMRO
https://www.abnamro.com/nl/nieuws/kunstmatige-intelligentie-vriend-of-vijand
5/8

Sustainable Impact Fund versterkt de groei van Revyve door gezamenlijke
investering
Over ons
26/09/2025
Marieke Ziedses des Plantes
Feedback
10/29/25, 9:02 PM
Kunstmatige intelligentie: Vriend of vijand? | ABN AMRO
https://www.abnamro.com/nl/nieuws/kunstmatige-intelligentie-vriend-of-vijand
6/8

Klanten
Klantenservice
Corporate sites
Neobank BUUT nu beschikbaar
Innovatie
03/09/2025
Particulieren
Zakelijke klanten
Private Banking
Particulieren contact
Zakelijk contact
Private Banking contact
Research Group Economics
Feedback
10/29/25, 9:02 PM
Kunstmatige intelligentie: Vriend of vijand? | ABN AMRO
https://www.abnamro.com/nl/nieuws/kunstmatige-intelligentie-vriend-of-vijand
7/8

Sociale media
Cookie-instellingen
©2025
ABN AMRO Bank N.V.
Werken bij
Dochterondernemingen
Facebook
LinkedIn
Instagram
Disclaimer
Privacyverklaring
Cookies
Veiligheid op het internet
US Persons
Modern Slavery Statement
Feedback
10/29/25, 9:02 PM
Kunstmatige intelligentie: Vriend of vijand? | ABN AMRO
https://www.abnamro.com/nl/nieuws/kunstmatige-intelligentie-vriend-of-vijand
8/8
",yes,[],"['ai', 'algoritmes', 'kunstmatige intelligentie', 'robot', 'slimme algoritmes']","['kunstmatige intelligentie', 'facebook', 'ai', 'algoritmes', 'robot', 'microsoft', 'slimme algoritmes', 'ibm', 'apple']",0,22,"['apple', 'facebook', 'ibm', 'microsoft']","Kunstmatige intelligentie: Vriend of vijand?
Blog
Innovatie
13 januari 2016, 14:40
Arjan van Os
Hoofd Innovation Centre
Volgens velen is Frankenstein door Mary Shelley (1818) het eerste
science-fictionroman ooit. De hoofdpersoon Maar in plaats van een
monster samengesteld uit lichaamsdelen van dode mensen, gaat
het nu om gladde en glanzende robots die slimmer zijn dan wij.
NL
Feedback
10/29/25, 9:02 PM
Kunstmatige intelligentie: Vriend of vijand? | ABN AMRO
https://www.abnamro.com/nl/nieuws/kunstmatige-intelligentie-vriend-of-vijand
1/8

“""De ontwikkeling van AI is een van de meest fascinerende huidige trends.
Frankenstein is niet langer puur science fiction. ""”
Arjan van Os
Hoofd Innovation Centre
Binnen de robotica behoort kunstmatige intelligentie (AI) tot de meest
controversiële onderwerpen. Auteur en computerwetenschapper Ray Kurzweil
gelooft dat rond het jaar 2029 computers alles kunnen doen wat wij nu kunnen -
maar dan beter. Hoewel de steeds beter
gestructureerd en via een groeiend aantal API’s voor ons beschikbaar. Dan zijn er
nog de almaar groeiende mogelijkheden van de toegepaste informatica. Voeg
deze drie factoren samen in slimme algoritmes, en je krijgt modellen en patronen
in real-time die mensen niet kunnen creëren of bevatten. Het is duidelijk dat het
niet lang meer duurt voordat we algoritmes kunnen maken die het menselijk
begrip te boven gaan.
Introductie van het monster
De ontwikkeling van AI is een van de meest fascinerende huidige trends.
Frankenstein is niet langer puur science fiction. The Big Techs zijn biljoenen aan het
investeren in AI-systemen; kijk bijvoorbeeld naar 
 van IBM, dat de
nuances van de menselijke taal en de context van vragen begrijpt. Vergeet ook
niet de alomtegenwoordige informatienavigator 
 van Apple, en de slimme
regio-specifieke 
 van Microsoft. Van beschrijvende systemen die
informatie produceren zijn het inmiddels voorspellende systemen geworden, die
inzichten produceren en gebruikers helpen betere beslissingen te maken. De
nieuwste stap is een systeem dat op zijn taken vooruitloopt met zelflerende
intelligentie.
Veranderingen omarmen
Binnen de financiële technologie is er een flinke toename te zien in het aantal AI-
gerichte start-ups. Ingenieurs en wetenschappers op het gebied van big data
zetten bedrijven op rond lerende software voor investment banks en nieuwe
cybersecurity-oplossingen. Maar ook binnen risicomanagement, dat aan het hart
van elke bank ligt, worden voorspellende en taakstellende systemen
Watson
Siri
Cortana
Feedback
10/29/25, 9:02 PM
Kunstmatige intelligentie: Vriend of vijand? | ABN AMRO
https://www.abnamro.com/nl/nieuws/kunstmatige-intelligentie-vriend-of-vijand
2/8

geïntroduceerd. Deze leveren efficiëntere risicomodellen dan de huidige versies,
die veelal omschrijvend van aard zijn.
In  de komende jaren zal AI waarschijnlijk aan invloed winnen binnen de financiële
dienstverlening. Het begint bij back-endfuncties zoals handelsbeslissingen
overzien, fraude detecteren, en risico’s analyseren. Maar in de nabije toekomst
komen daar ook front-endfuncties bij, worden  transacties slim gecategoriseerd, komt er feedback over de
financiële gezondheid, en hoort de klant of de financiële doelen op koers liggen.
Al deze functies bestaan al, maar in een AI-realiteit zijn ze meer autonoom en
klant- en contextgevoelig, en geven ze de klant intelligentere inzichten en
adviezen.
Transparantie bieden
Het wordt interessant om te zien hoe de versnelling van AI-functionaliteit zal
verlopen tegen de achtergrond van de nieuwe EU-databeschermingswetten die
ingevoerd worden. Vanuit wettelijk oogpunt is het heel waarschijnlijk dat de logica
achter beslissingen en advies uitgelegd moet worden aan achterliggende
beslisprocessen. Naast het hoe en wat van adviezen kunnen klanten hun
robotadviseur dus ook flink doorzagen over het waarom: over de principes,
hypotheses, uitgangspunten, logica, en denkwijze die de robot toepast.  Uiteraard
zijn informatiebescherming en gebruikersveiligheid ook topprioriteiten. We
moeten alle mogelijkheden onderzoeken om de data van onze klanten te
beveiligen en tegelijkertijd te blijven profiteren van de ongekende rekenkracht van
de robot.
Feedback
10/29/25, 9:02 PM
Kunstmatige intelligentie: Vriend of vijand? | ABN AMRO
https://www.abnamro.com/nl/nieuws/kunstmatige-intelligentie-vriend-of-vijand
3/8

De klant in gedachten houden
ABN AMRO zal niet morgen al de menselijke financiële adviseurs vervangen door
robots, maar het concept is niet zo futuristisch als we ons wellicht voorstellen. En
we kunnen nog niet zeggen in welke mate AI door zal dringen in de financiële
sector. Blijft het een back-endoplossing die menselijke adviseurs bijstaat met
steeds accuratere adviezen en projecties? Of omarmen klanten hun financiële
avatars vanwege hun nauwkeurigheid...","[(0, 228), (540, 1267), (1496, 3619), (4495, 5122), (5205, 6307)]",27,4814,719,1270
2,abn amro,Samen sterk tegen cyberaanvallen van morgen _ ABN AMRO.pdf,"Samen sterk tegen cyberaanvallen van morgen
Nieuwsbericht
Innovatie
23 september 2020, 19:25
Cyberaanvallen zijn er altijd en overal. De benodigde kennis en
expertise om deze te voorkomen is echter schaars. Samenwerking
is daarom van wezenlijk belang. Het collectief is bovendien altijd
sterker dan het individu. ABN AMRO, Achmea, ING, de Volksbank
en TNO hebben daarom de handen ineengeslagen. Zij vormen
sinds afgelopen zomer het Partnership for Cyber Security
Innovation (PCSI).
Unieke manier van samenwerken
ABN AMRO kijkt samen met de andere partijen uit het PCSI naar mogelijkheden
voor innovatie op cybersecurity gebied. De gezamenlijke intentie is glashelder:
resultaten uit onderzoeken en projecten moeten de maatschappij helpen zich te
wapenen tegen de cyberaanvallen van morgen. Met de intensieve samenwerking
NL
Feedback
12/4/25, 5:55 PM
Samen sterk tegen cyberaanvallen van morgen | ABN AMRO
https://www.abnamro.com/nl/nieuws/samen-sterk-tegen-cyberaanvallen-van-morgen
1/6

binnen het PCSI  verbinden de partners toegepast onderzoek, actuele data en
problematieken uit de maatschappij op het gebied van cyber security. 
Martijn Dekker, Chief Information Security Officer bij ABN AMRO vertelt: ""Het
belang van goede informatiebeveiliging voor de samenleving was al groot en
neemt door de toenemende afhankelijkheid van IT alleen maar toe. PCSI is bij
uitstek het platform om gezamenlijk in te spelen op nieuwe mogelijkheden en
nieuwe bedreigingen aan te pakken.""
Actuele thema’s als basis voor projecten
Het PCSI hanteert een agile manier van werken. Via een ‘Security Radar’ worden
relevante thema’s in kaart gebracht en periodiek geactualiseerd. Hieruit worden
thema’s geselecteerd, waarvoor in workshops projectideeën worden gezocht. De
geselecteerde ideeën gaan een ‘staged innovation’ proces in, waarin telkens na
drie maanden wordt getoetst of een volgende stap een nog beter resultaat kan
opleveren of dat de oplossing kan worden gedeeld met een nader te bepalen
plaats in de maatschappij De leerpunten van het ‘staged innovation’ proces
worden weer meegenomen in de volgende themaselectie. 
Eerste projecten
Inmiddels heeft de eerste workshop plaatsgevonden en zijn drie projecten
geselecteerd die de volgende fase van het ‘staged innovation’ proces ingaan. De
drie projecten zijn: 
1. Crystal ball DDoS detectionHet idee hierbij is om te onderzoeken of nieuwe
DDoS aanvallen kunnen worden voorspeld vóórdat ze daadwerkelijk impact
veroorzaken. Dit is vergelijkbaar met de aanpak van tsunami waarschuwingen.
Publieke en private data met worden geanalyseerd met behulp van AI technieken.
2. Security journeyMet dit idee wordt onderzocht de ‘customer journey methodiek’
van marketeers te gebruiken is om medewerkers meer security-aware te maken.
Het doel hiervan is om security incidenten door menselijk gedrag terug te dringen.
Voor de security journey wordt data gedreven AI tooling gebruikt om interne
processen in kaart te brengen en voor elke betrokken rol de juiste stappen te
definiëren. 
3. Collaborative fleetDit project heeft tot doel gedrag te monitoren om de manier
van werken van aanvallers in kaart te brengen. Het idee van dit project is om
informatie van meerdere partijen te combineren en op die manier een beter beeld
te krijgen van de aanvallers en hun methoden. Door samenwerking en het delen
Feedback
12/4/25, 5:55 PM
Samen sterk tegen cyberaanvallen van morgen | ABN AMRO
https://www.abnamro.com/nl/nieuws/samen-sterk-tegen-cyberaanvallen-van-morgen
2/6

van informatie worden strategische inzichten verkregen die individuele
organisaties niet zouden kunnen krijgen.
Met deelname aan deze inspirerende projecten, hoopt ABN AMRO bij te dragen
aan het terugdringen van Cyberaanvallen. De bank kijkt dan ook erg uit naar wat
er voort komt uit de 
Gerelateerd nieuws
PCSI samenwerking.
Lees meer nieuws
BUX benoemt Marlou Jenniskens tot nieuwe CEO
Over ons
01/12/2025
Feedback
12/4/25, 5:55 PM
Samen sterk tegen cyberaanvallen van morgen | ABN AMRO
https://www.abnamro.com/nl/nieuws/samen-sterk-tegen-cyberaanvallen-van-morgen
3/6

ABN AMRO Bank introduceert in Nederland de nieuwe Debit Mastercard-
betaalpas
Economie
16/10/2025
Hans Sjouke Koopal
Feedback
12/4/25, 5:55 PM
Samen sterk tegen cyberaanvallen van morgen | ABN AMRO
https://www.abnamro.com/nl/nieuws/samen-sterk-tegen-cyberaanvallen-van-morgen
4/6

Klanten
Klantenservice
Corporate sites
Sustainable Impact Fund versterkt de groei van Revyve door gezamenlijke
investering
Over ons
26/09/2025
Marieke Ziedses des Plantes
Particulieren
Zakelijke klanten
Private Banking
Particulieren contact
Zakelijk contact
Private Banking contact
Feedback
12/4/25, 5:55 PM
Samen sterk tegen cyberaanvallen van morgen | ABN AMRO
https://www.abnamro.com/nl/nieuws/samen-sterk-tegen-cyberaanvallen-van-morgen
5/6

Sociale media
Cookie-instellingen
©2025
ABN AMRO Bank N.V.
Research Group Economics
Werken bij
Dochterondernemingen
Facebook
LinkedIn
Instagram
Disclaimer
Privacyverklaring
Cookies
Veiligheid op het internet
US Persons
Modern Slavery Statement
Feedback
12/4/25, 5:55 PM
Samen sterk tegen cyberaanvallen van morgen | ABN AMRO
https://www.abnamro.com/nl/nieuws/samen-sterk-tegen-cyberaanvallen-van-morgen
6/6
",yes,[],['ai'],"['facebook', 'ai']",0,2,['facebook'],"...nieuwe
DDoS aanvallen kunnen worden voorspeld vóórdat ze daadwerkelijk impact
veroorzaken. Dit is vergelijkbaar met de aanpak van tsunami waarschuwingen.
Publieke en private data met worden geanalyseerd met behulp van AI technieken.
2. Security journeyMet dit idee wordt onderzocht de ‘customer journey methodiek’
van marketeers te gebruiken is om medewerkers meer security-aware te maken.
Het doel hiervan is om security incidenten door menselijk gedrag terug te dringen.
Voor de security journey wordt data gedreven AI tooling gebruikt om interne
processen in kaart te brengen en voor elke betrokken rol de juiste stappen te
definiëren. 
3. Collaborative fleetDit project heeft tot doel gedrag te monitoren om contact
Feedback
12/4/25, 5:55 PM
Samen sterk tegen cyberaanvallen van morgen | ABN AMRO
https://www.abnamro.com/nl/nieuws/samen-sterk-tegen-cyberaanvallen-van-morgen
5/6

Sociale media
Cookie-instellingen
©2025
ABN AMRO Bank N.V.
Research Group Economics
Werken bij
Dochterondernemingen
Facebook
LinkedIn
Instagram
Disclaimer
Privacyverklaring
Cookies
Veiligheid op het internet
US Persons
Modern Slavery Statement
Feedback
12/4/25, 5:55 PM
Samen sterk tegen cyberaanvallen van morgen | ABN AMRO
https://www.abnamro.com/nl/nieuws/samen-sterk-tegen-cyberaanvallen-van-morgen
6/6...","[(2375, 3086), (4624, 5202)]",3,1296,196,799
3,abn amro,Van digitale assistent tot virtuele BFF _ ABN AMRO.pdf,"Van digitale assistent tot virtuele BFF
Blog
Innovatie
3 oktober 2016, 13:00
Julia Krauwer
Artificial Intelligence Expert
Het was 1997 en ik was in de ban van mijn Tamagotchi. Wanneer
mijn digitale huisdier piepte van de honger snelde ik toe om hem
eten te geven. Was hij eenzaam, dan gaf ik hem de nodige
aandacht. Mijn ouders moesten een beetje lachen om die
toewijding naar een paar pixels, maar inmiddels is interactie
tussen mens en machine niet meer weg te denken. En het gaat er
niet minder op worden.
“""Vanuit welke hoek je het ook bekijkt, door middel van Artificial Intelligence
kunnen bedrijven hun klanten nog beter van dienst zijn.""”
NL
Feedback
12/4/25, 5:54 PM
Van digitale assistent tot virtuele BFF | ABN AMRO
https://www.abnamro.com/nl/nieuws/van-digitale-assistent-tot-virtuele-bff
1/8

Julia Krauwer
Artificial Intelligence Expert
Door middel van Artificial Intelligence worden niet alleen onze digitale huisdieren
steeds slimmer, maar creëren we onmisbare assistenten die ons leven en werk
radicaal gaan transformeren.
Artificial Intelligence als gereedschapskist
Artificial Intelligence (AI) een verzameling van technologieën die de verschillende
menselijke vaardigheden imiteren. Via image recognition kunnen computers
bijvoorbeeld objecten en gezichten op foto’s herkennen. Met behulp van speech
recognition en natural language processing kunnen computers spraak en tekst
begrijpen. Tel daarbij het vermogen van sommige machines om te redeneren, te
voorspellen en te blijven leren op basis van nieuwe input (machine learning) op,
en je hebt een gereedschapskist waarmee je iets zou kunnen creëren wat de
menselijke intelligentie benadert.
Vermakelijk, niet intelligent
Mijn Tamagotchi was vermakelijk, maar niet bepaald intelligent. Willen we iets
‘intelligent’ noemen, dan moet het in ieder geval kunnen putten uit verschillende
cognitieve vaardigheden. Denk hierbij aan perceptie, het begrijpen en produceren
van taal, leren, redeneren en het oplossen van problemen. Mijn digitale huisdier
stond dan ook mijlenver af van het digitale gezelschap zoals we dat nu kennen.
Denk aan Apple’s Siri, Microsoft’s Cortana en Amazon’s Alexa. Ook toen wist ik
maar al te goed dat de Tamagotchi me niet zou begrijpen, laat staan doorvragen
of advies geven. Verliefdheden deelde ik dus nog gewoon met vriendinnetjes en
alle prangende vragen over zakgeld stelde ik aan mijn ouders.
Praatpalen en emoji’s
De virtuele assistenten van nu kunnen gelukkig meer dan mijn surrogaathuisdier
van twintig jaar geleden. Siri doorzoekt het gehele web voor je en maakt her en
der zelfs een (voorgeprogrammeerd) grapje. Alexa begrijpt spraak en kan via een
connectie met je bank geld overboeken wanneer je dat vraagt. Ook je auto kan
straks worden gekoppeld aan Amazon’s praatpaal, waardoor je het voertuig op
afstand kunt afsluiten en altijd weet hoeveel brandstof je nog hebt. Of neem
Penny, een mobiele app waarvan de gelijknamige avatar je informatie geeft over je
inkomsten en uitgaven in een natuurlijke dialoog. Niet geheel onbelangrijk: Penny
gebruikt emoji’s, net zoals jij en ik.
Feedback
12/4/25, 5:54 PM
Van digitale assistent tot virtuele BFF | ABN AMRO
https://www.abnamro.com/nl/nieuws/van-digitale-assistent-tot-virtuele-bff
2/8

Steeds meer menselijke trekjes
Virtuele assistenten duiken overal op, van basic tot heel geavanceerd. De meesten
hebben echter nog geen boodschap aan onze emoties. Uitzondering is MoodBox,
een speaker die muziek voor je uitkiest op basis van de emotie in je stem en ook
nog eens empathisch reageert. En Amazon werkt aan een update van Alexa, zodat
ze haar antwoorden kan aanpassen als je geïrriteerd of boos klinkt. Machines
worden dus niet alleen steeds slimmer, ze krijgen ook steeds meer menselijke
trekjes. Zelfs creativiteit lijkt geen exclusief menselijke skill meer nu de eerste
computergegenereerde deuntjes, schilderijen en romans een feit zijn.
Een digitale assistent voor elk
Er zijn nog geen computers die alle cognitieve, emotionele en creatieve
vaardigheden op menselijk niveau beheersen. Wel kent kunstmatige intelligentie
nu al interessante toepassingen. Zo zien we in de financiële wereld twee soorten
virtuele assistenten: assistenten die de bankmedewerker helpen zijn werk beter te
doen, en assistenten die direct met de klant interacteren.
Slimmer met elk gesprek
Van die laatste soort kennen we al tal van voorbeelden. Zo beantwoordt een
chatbot op de website van SwedBank al je vragen en heeft de app van
challengerbank Atom een virtual agent die slimmer wordt met elk gesprek. Ook
presenteerden we laatst op Startup Friday een prototype van een chatbot die je op
basis van een aantal vragen vertelt wat je maximale hypotheek is. Overigens hoeft
zo’n assistent niet per se een gezicht en een karakter te hebben. Een digitale
assistent kan ook de vorm hebben van een slimme app die je inzicht biedt in je
inkomsten en uitgaven, zoals ABN AMRO’s Grip.
Van onderbuikgevoel naar data-analyse
Ook voor de bankmedewerker bieden digitale assistenten uitkomst. Denk
bijvoorbeeld aan een dashboard waarop de relatiemanager in één oogopslag ziet
welke klant advies nodig heeft en wat zijn financiële behoeften zijn. Of een
virtuele robot die eentonig en tijdrovend werk overneemt. Ook kan de virtuele
assistent een fraudedetectiesysteem zijn dat subtiele veranderingen in
transactiepatronen opmerkt. Of een risicoanalyse die niet leunt op
onderbuikgevoel maar op geavanceerde data-analyse.
Feedback
12/4/25, 5:54 PM
Van digitale assistent tot virtuele BFF | ABN AMRO
https://www.abnamro.com/nl/nieuws/van-digitale-assistent-tot-virtuele-bff
3/8

Persoonlijke noot in virtuele vorm
Vanuit welke hoek je het ook bekijkt, door middel van Artificial Intelligence kunnen
bedrijven hun klanten nog beter van dienst zijn. Direct via chatbots en slimme
apps, of indirect door de medewerker te ontzorgen en te empoweren. In diensten
die nu al geautomatiseerd zijn wordt de persoonlijke noot in virtuele vorm
teruggebracht. In services waar menselijk contact tot de kern behoort, komt nog
meer tijd en persoonlijke aandacht voor de klant.
Virtuele BFF
'Menselijk contact' en 'persoonlijke aandacht' - ik ga er prat op. Net zoals ik
vroeger mijn beslommeringen het liefst met mijn vriendinnen en familie deelde,
vind ik een menselijk luisterend oor nog altijd het fijnst. Ook in het contact tussen
ABN AMRO en haar klanten zal dit een belangrijke rol blijven spelen. Tegelijkertijd
wordt interactie tussen mens en machine steeds normaler. Bij de bank kijken we
daarom hoe we richting de toekomst een goede combinatie kunnen blijven
neerzetten. We leven in een tijd waarin geheimen worden toevertrouwd aan
chatbots en virtuele psychologen doorvragen tot het probleem is ontrafeld. Waar
mijn Tamagotchi na zijn dood gewoon in een doos belandde, krijgen in Japan
AIBO-robothondjes tegenwoordig een plechtige begrafenis.
Gaan we van virtuele assistent naar virtuele BFF? Ik zal mijn Tamagotchi om zijn
visie vragen. En aan mijn vriendinnen…
Gerelateerd nieuws
Lees meer nieuws
Feedback
12/4/25, 5:54 PM
Van digitale assistent tot virtuele BFF | ABN AMRO
https://www.abnamro.com/nl/nieuws/van-digitale-assistent-tot-virtuele-bff
4/8

BUX benoemt Marlou Jenniskens tot nieuwe CEO
Over ons
01/12/2025
Feedback
12/4/25, 5:54 PM
Van digitale assistent tot virtuele BFF | ABN AMRO
https://www.abnamro.com/nl/nieuws/van-digitale-assistent-tot-virtuele-bff
5/8

ABN AMRO Bank introduceert in Nederland de nieuwe Debit Mastercard-
betaalpas
Economie
16/10/2025
Hans Sjouke Koopal
Feedback
12/4/25, 5:54 PM
Van digitale assistent tot virtuele BFF | ABN AMRO
https://www.abnamro.com/nl/nieuws/van-digitale-assistent-tot-virtuele-bff
6/8

Klanten
Klantenservice
Corporate sites
Sustainable Impact Fund versterkt de groei van Revyve door gezamenlijke
investering
Over ons
26/09/2025
Marieke Ziedses des Plantes
Particulieren
Zakelijke klanten
Private Banking
Particulieren contact
Zakelijk contact
Private Banking contact
Feedback
12/4/25, 5:54 PM
Van digitale assistent tot virtuele BFF | ABN AMRO
https://www.abnamro.com/nl/nieuws/van-digitale-assistent-tot-virtuele-bff
7/8

Sociale media
Cookie-instellingen
©2025
ABN AMRO Bank N.V.
Research Group Economics
Werken bij
Dochterondernemingen
Facebook
LinkedIn
Instagram
Disclaimer
Privacyverklaring
Cookies
Veiligheid op het internet
US Persons
Modern Slavery Statement
Feedback
12/4/25, 5:54 PM
Van digitale assistent tot virtuele BFF | ABN AMRO
https://www.abnamro.com/nl/nieuws/van-digitale-assistent-tot-virtuele-bff
8/8
",yes,[],"['ai', 'artificial intelligence', 'chatbot', 'chatbots', 'kunstmatige intelligentie', 'machine learning', 'natural language processing', 'robot']","['kunstmatige intelligentie', 'machine learning', 'facebook', 'ai', 'robot', 'apple', 'artificial intelligence', 'natural language processing', 'microsoft', 'chatbots', 'chatbot']",0,16,"['apple', 'facebook', 'microsoft']","Van digitale assistent tot virtuele BFF
Blog
Innovatie
3 oktober 2016, 13:00
Julia Krauwer
Artificial Intelligence Expert
Het was 1997 en ik was in de ban van mijn Tamagotchi. Wanneer
mijn digitale huisdier piepte van de honger snelde ik toe om hem
eten te geven. inmiddels is interactie
tussen mens en machine niet meer weg te denken. En het gaat er
niet minder op worden.
“""Vanuit welke hoek je het ook bekijkt, door middel van Artificial Intelligence
kunnen bedrijven hun klanten nog beter van dienst zijn.""”
NL
Feedback
12/4/25, 5:54 PM
Van digitale assistent tot virtuele BFF | ABN AMRO
https://www.abnamro.com/nl/nieuws/van-digitale-assistent-tot-virtuele-bff
1/8

Julia Krauwer
Artificial Intelligence Expert
Door middel van Artificial Intelligence worden niet alleen onze digitale huisdieren
steeds slimmer, maar creëren we onmisbare assistenten die ons leven en werk
radicaal gaan transformeren.
Artificial Intelligence als gereedschapskist
Artificial Intelligence (AI) een verzameling van technologieën die de verschillende
menselijke vaardigheden imiteren. Via image recognition kunnen computers
bijvoorbeeld objecten en gezichten op foto’s herkennen. Met behulp van speech
recognition en natural language processing kunnen computers spraak en tekst
begrijpen. Tel daarbij het vermogen van sommige machines om te redeneren, te
voorspellen en te blijven leren op basis van nieuwe input (machine learning) op,
en je hebt een gereedschapskist waarmee je iets zou kunnen creëren wat de
menselijke intelligentie benadert.
Vermakelijk, niet intelligent
Mijn Tamagotchi was vermakelijk, maar niet bepaald intelligent. Willen en produceren
van taal, leren, redeneren en het oplossen van problemen. Mijn digitale huisdier
stond dan ook mijlenver af van het digitale gezelschap zoals we dat nu kennen.
Denk aan Apple’s Siri, Microsoft’s Cortana en Amazon’s Alexa. Ook toen wist ik
maar al te goed dat de Tamagotchi me niet zou begrijpen, laat staan doorvragen
of advies geven. Verliefdheden deelde ik dus nog deuntjes, schilderijen en romans een feit zijn.
Een digitale assistent voor elk
Er zijn nog geen computers die alle cognitieve, emotionele en creatieve
vaardigheden op menselijk niveau beheersen. Wel kent kunstmatige intelligentie
nu al interessante toepassingen. Zo zien we in de financiële wereld twee soorten
virtuele assistenten: assistenten die de bankmedewerker helpen zijn werk beter te
doen, en assistenten die direct met de klant interacteren.
Slimmer met elk gesprek
Van die laatste soort kennen we al tal van voorbeelden. Zo beantwoordt een
chatbot op de website van SwedBank al je vragen en heeft de app van
challengerbank Atom een virtual agent die slimmer wordt met elk gesprek. Ook
presenteerden we laatst op Startup Friday een prototype van een chatbot die je op
basis van een aantal vragen vertelt wat je maximale hypotheek is. Overigens hoeft
zo’n assistent niet per se een gezicht en een karakter te hebben. Een digitale bieden digitale assistenten uitkomst. Denk
bijvoorbeeld aan een dashboard waarop de relatiemanager in één oogopslag ziet
welke klant advies nodig heeft en wat zijn financiële behoeften zijn. Of een
virtuele robot die eentonig en tijdrovend werk overneemt. Ook kan de virtuele
assistent een fraudedetectiesysteem zijn dat subtiele veranderingen in
transactiepatronen opmerkt. Of een risicoanalyse die niet leunt op
onderbuikgevoel maar op...","[(0, 263), (399, 1763), (1921, 2301), (3850, 4789), (4980, 5417)]",19,3390,522,1345
4,accenture,Beyond the Hype_ Why Agentic AI is Closer Than you Think _ Accenture.pdf,"BLOG
Beyond the hype:
Why agentic AI is
closer than you
think
Accenture Center for Advanced AI
3-MINUTE READ
 JULY 2, 2025
Introduction
“When I hear ‘2025 is the year of agents,’ I get nervous…
this is the decade of agents.” — Andrej Karpathy, YC
Startup School 2025
USA



10/29/25, 8:49 PM
Beyond the Hype: Why Agentic AI is Closer Than you Think | Accenture
https://www.accenture.com/us-en/blogs/data-ai/beyond-hype-why-agentic-ai-closer-than-you-think
1/10

We’re hearing a lot of talk about where we really stand
with agentic AI. Is the hype outpacing reality? Or are we
actually further along than most realize? In our view, the
evolution from simple prompting to true agentic
systems is happening faster than people expect—driven
by real signals of standardization and interoperability.
The question isn’t whether we’ll get there, but how
quickly we can scale the value.
Businesses today feel increasing pressure to unlock real
productivity gains, deeper reasoning, and fully
integrated workflows. Meeting this challenge requires
moving beyond simple Q&A to AI that can plan, act, and
collaborate autonomously through AI agents.
Understanding where we are on this journey helps
organizations invest in the right capabilities now, so
they don’t get left behind.
From prompts to agents: The stages
of evolution
Figure 1: Performance Hierarchy from Successive Stages of
AI Innovation



10/29/25, 8:49 PM
Beyond the Hype: Why Agentic AI is Closer Than you Think | Accenture
https://www.accenture.com/us-en/blogs/data-ai/beyond-hype-why-agentic-ai-closer-than-you-think
2/10

As figure 1 illustrates, the recent evolution of AI follows
three key stages, each unlocking higher levels of
performance. The release of ChatGPT in November
2022 was a pivotal inflection point—catalyzing a move
from classical AI to generative AI. Since then,
progression has moved through two major post-
generative phases: Single Agent and Multi-Agent
Systems.
The first stage, often referred to as “one-shot AI,”
centers on users directly interacting with large
language models (LLMs) through natural language
prompts. While powerful, these models are typically
trained on public data and lack enterprise-specific
context. To bridge this gap, many organizations employ
Retrieval-Augmented Generation (RAG), which
supplements LLMs with enterprise data through a
search mechanism to generate more relevant and
accurate responses. 80% of the 2,000 projects
Accenture has done so far involved this pattern. It’s a
common way to start a proof of concept (POC) to
experiment the initial power of AI. 
These patterns function as general-purpose task
processors—effective for retrieving information or
summarizing content but are inherently reactive. They
don’t plan, reflect, or act autonomously, making them
suitable only for narrow, query-based/prompt-based
tasks.
Why single agents aren’t enough



10/29/25, 8:49 PM
Beyond the Hype: Why Agentic AI is Closer Than you Think | Accenture
https://www.accenture.com/us-en/blogs/data-ai/beyond-hype-why-agentic-ai-closer-than-you-think
3/10

The second stage goes beyond prompting and
introduces AI Agents—single agent working on top of
LLMs that add planning capabilities, sequential
reasoning, and external tools (e.g., calculator, search
engine) to plan, reflect, act autonomously, and pursue
goals.  These are cognitive and action-oriented
capabilities that do not exist in the first stage.
For example, a Research Agent is designed much like a
human researcher: it tackles an ambiguously defined
question, pulls information from diverse sources,
reasons over that information, and synthesizes its own
point of view. Each single agent like the Research Agent
has a clear profile definition and specialty along with
memory, planning, and action capabilities so that it can
act like a trained apprentice focused on one task.
Many ecosystem agents fall into this category as well.
However, these agents are often confined to the
ecosystem they’re built in and lack the ability to interact
or coordinate with agents in other systems. Without
orchestration frameworks to connect these specialized
utility agents, organizations cannot tackle more
complex, multi-step workflows that require dynamic
collaboration. This is why single agents alone aren’t
enough to drive true enterprise-scale transformation.
The multi-agent future
The third and most advanced stage mirrors the way
human teams operate. This is what is known as Multi-
Agent Systems, which are composed of multiple
specialized agents that coordinate with each other and



10/29/25, 8:49 PM
Beyond the Hype: Why Agentic AI is Closer Than you Think | Accenture
https://www.accenture.com/us-en/blogs/data-ai/beyond-hype-why-agentic-ai-closer-than-you-think
4/10

dynamically allocate subtasks within complex
workflows. Compared to the second stage (single
agents), multi-agent systems require orchestration
frameworks, agent-to-agent communication protocols,
more robust memory management, and deeper
enterprise integration. This architectural leap unlocks
significantly higher cognitive performance. For
example, these systems are now capable of
coordinating decisions across domains, such as
marketing, finance, HR, and supply chain—not in silos,
but as integrated intelligence.
Through Accenture's Trusted Agent Huddle, Accenture-
built agents can work seamlessly alongside agents from
other enterprise platforms to make this cross-domain
integrated intelligence a reality. To achieve true
reinvention and enterprise-scale impact, organizations
must move toward this stage—up the performance
hierarchy and into the agentic AI era.
Figure 2: Multi-agent example
Figure 2 illustrates how a multi-agent system works in
practice. In this telecommunications industry example,
a user’s goal, such as understanding AAA membership
benefits and optimizing an iPhone purchase, is fulfilled



10/29/25, 8:49 PM
Beyond the Hype: Why Agentic AI is Closer Than you Think | Accenture
https://www.accenture.com/us-en/blogs/data-ai/beyond-hype-why-agentic-ai-closer-than-you-think
5/10

by a coordinated team of specialized agents. This
example represents the kind of complex workflow we
often see in real-life enterprise scenarios.
Each agent has a defined profile: a Research Agent
gathers information from trusted sources, an Analytics
Agent processes and interprets the data, and a
Validation Agent cross-checks and refines the results.
These agents work together through an orchestration
framework, using agent-to-agent and model context
protocols. This collaborative approach enables dynamic
planning, decomposition of tasks, robust memory
mechanisms, and continuous self-reflection and
learning. By integrating these capabilities, the system
achieves higher cognitive performance than any single
agent working alone, demonstrating the leap from
isolated tasks to complex, cross-domain workflows that
characterize the power of the agentic AI era.
Standards fuel acceleration
Figure 3: Where Agentic AI Sits on the Innovation Curve



10/29/25, 8:49 PM
Beyond the Hype: Why Agentic AI is Closer Than you Think | Accenture
https://www.accenture.com/us-en/blogs/data-ai/beyond-hype-why-agentic-ai-closer-than-you-think
6/10

There is a tendency to think multi-agent systems are far
off, but early signals suggest otherwise. Building on the
Abernathy and Utterback model that describes the
evolution of product and process innovation through
distinct phases1, figure 3 shows our view that agentic AI
is already crossing the gap between early exploration
and dominant design.
Why? The recent standardization of protocols (e.g.,
agent-to-agent communication standards, model
context protocols) as a “dominant design” is
accelerating adoption. Think of model context
protocols (MCP) as giving AI agents a consistent, plug-
and-play way to connect with tools, services, and data—
no matter where they live or how they’re built. The
agent-to-agent standard gives agents a common
language to “talk” to each other. These protocols are a
clear signal of maturity, enabling scalability and
interoperability – critical prerequisites for widespread
deployment.
Lessons from history: A familiar
tipping point
There’s a historical precedent for this kind of tipping
point. In the 1990s and early 2000s, mobile networks
were fragmented across competing standards like
CDMA and GSM, causing global incompatibility, higher
costs, and slow adoption. The eventual convergence on
LTE and 5G created a unified foundation that unlocked
global interoperability and rapid innovation. Similarly,



10/29/25, 8:49 PM
Beyond the Hype: Why Agentic AI is Closer Than you Think | Accenture
https://www.accenture.com/us-en/blogs/data-ai/beyond-hype-why-agentic-ai-closer-than-you-think
7/10

today’s agentic AI ecosystem employs standardized
frameworks and communication protocols.
Moreover, the rate of change and adoption for multi-
agent systems is much faster than anticipated,
especially due to convergence around standards. For
example, a useful parallel is the mobile app revolution:
before standardization, developers had to build
separately for each device/environment. Once Apple
and Google introduced SDKs, standards, and app store
guidelines, development scaled rapidly, fueling
explosive growth – a global app economy and billions
of mobile users. Agentic AI is now at a similar inflection
point.
Shaping the curve
As with any platform shift, timing is everything. And
because Accenture has been preparing for this wave,
we’re not just keeping up, we’re shaping the curve. This
is Accenture’s moment to lead. Just as app stores to
Apple and Google; and CUDA to NVIDIA; and Pytorch to
Meta, we are doing the same for enterprise agentic AI.
With AI Refinery, the Trusted Agent Huddle, and the
Distiller SDK, we’re building deep and indispensable
differentiators that create sustainable customer impact
over time. We are making it easier for clients to stay,
scale, and grow with us.
This is also the moment for organizations to build on
our advantage and turn it into real results. We believe
that to get ready for the agentic AI era, organizations
should start by identifying the business areas where AI



10/29/25, 8:49 PM
Beyond the Hype: Why Agentic AI is Closer Than you Think | Accenture
https://www.accenture.com/us-en/blogs/data-ai/beyond-hype-why-agentic-ai-closer-than-you-think
8/10

agents can drive real impact; invest in preparing data
and knowledge assets so agents can reason and act
with confidence; and pilot the first trusted agents on
priority workflows, then expand, orchestrate, and scale
across functions. By starting in this way, organizations
can build the agentic AI capabilities that can grow with
every wave of innovation.
Source
1 Utterback, James M. 1994. Mastering the Dynamics of Innovation.
Boston: Harvard Business School Press. Archived from the original
on January 15, 2024. Retrieved January 14, 2024.
WRITTEN BY
Lan Guan
Chief AI Officer

Let there be change



10/29/25, 8:49 PM
Beyond the Hype: Why Agentic AI is Closer Than you Think | Accenture
https://www.accenture.com/us-en/blogs/data-ai/beyond-hype-why-agentic-ai-closer-than-you-think
9/10

© 2025 Accenture. All Rights Reserved.
Preference Center
Careers
About Us
Contact Us
Locations
Sitemap
Privacy Statement
Terms & Conditions
Cookie Policy/Settings
Accessibility Statement
Do Not Sell/Share My Personal
Information



10/29/25, 8:49 PM
Beyond the Hype: Why Agentic AI is Closer Than you Think | Accenture
https://www.accenture.com/us-en/blogs/data-ai/beyond-hype-why-agentic-ai-closer-than-you-think
10/10
",yes,['ai'],"['ai', 'chatgpt', 'llms']","['ai', 'google', 'llms', 'nvidia', 'chatgpt', 'apple']",1,59,"['apple', 'google', 'nvidia']","BLOG
Beyond the hype:
Why agentic AI is
closer than you
think
Accenture Center for Advanced AI
3-MINUTE READ
 JULY 2, 2025
Introduction
“When I hear ‘2025 is the year of agents,’ I get nervous…
this is the decade of agents.” — Andrej Karpathy, YC
Startup School 2025
USA



10/29/25, 8:49 PM
Beyond the Hype: Why Agentic AI is Closer Than you Think | Accenture
https://www.accenture.com/us-en/blogs/data-ai/beyond-hype-why-agentic-ai-closer-than-you-think
1/10

We’re hearing a lot of talk about where we really stand
with agentic AI. Is the hype outpacing reality? Or are we
actually further along than most realize? In our view, the
evolution from simple prompting to true agentic
systems is happening faster than we can scale the value.
Businesses today feel increasing pressure to unlock real
productivity gains, deeper reasoning, and fully
integrated workflows. Meeting this challenge requires
moving beyond simple Q&A to AI that can plan, act, and
collaborate autonomously through AI agents.
Understanding where we are on this journey helps
organizations invest in the right capabilities now, so
they don’t get left behind.
From prompts to agents: The stages
of evolution
Figure 1: Performance Hierarchy from Successive Stages of
AI Innovation



10/29/25, 8:49 PM
Beyond the Hype: Why Agentic AI is Closer Than you Think | Accenture
https://www.accenture.com/us-en/blogs/data-ai/beyond-hype-why-agentic-ai-closer-than-you-think
2/10

As figure 1 illustrates, the recent evolution of AI follows
three key stages, each unlocking higher levels of
performance. The release of ChatGPT in November
2022 was a pivotal inflection point—catalyzing a move
from classical AI to generative AI. Since then,
progression has moved through two major post-
generative phases: Single Agent and Multi-Agent
Systems.
The first stage, often referred to as “one-shot AI,”
centers on users directly interacting with large
language models (LLMs) through natural language
prompts. While powerful, these models are typically
trained on public data and lack enterprise-specific
context. To bridge this gap, many organizations employ
Retrieval-Augmented Generation (RAG), which
supplements LLMs with enterprise data through a
search mechanism to generate more relevant and
accurate responses. 80% of the 2,000 projects
Accenture has done so far involved this pattern. It’s a
common way to start a proof of concept (POC) to
experiment the initial power of AI. 
These patterns function as general-purpose task
processors—effective for retrieving information or
summarizing content but are inherently reactive. They
don’t plan, reflect, or act autonomously, making them
suitable only for narrow, query-based/prompt-based
tasks.
Why single agents aren’t enough



10/29/25, 8:49 PM
Beyond the Hype: Why Agentic AI is Closer Than you Think | Accenture
https://www.accenture.com/us-en/blogs/data-ai/beyond-hype-why-agentic-ai-closer-than-you-think
3/10

The second stage goes beyond prompting and
introduces AI Agents—single agent working on top of
LLMs that add planning capabilities, sequential
reasoning, and external tools (e.g., calculator, search
engine) to plan, reflect, act autonomously, and pursue
goals.  These are cognitive and action-oriented
capabilities that do not is known as Multi-
Agent Systems, which are composed of multiple
specialized agents that coordinate with each other and



10/29/25, 8:49 PM
Beyond the Hype: Why Agentic AI is Closer Than you Think | Accenture
https://www.accenture.com/us-en/blogs/data-ai/beyond-hype-why-agentic-ai-closer-than-you-think
4/10

dynamically allocate subtasks within complex
workflows. Compared to the second stage (single
agents), multi-agent systems require orchestration
frameworks, agent-to-agent communication protocols,
more robust memory management, and deeper
enterprise integration. enterprise platforms to make this cross-domain
integrated intelligence a reality. To achieve true
reinvention and enterprise-scale impact, organizations
must move toward this stage—up the performance
hierarchy and into the agentic AI era.
Figure 2: Multi-agent example
Figure 2 illustrates how a multi-agent system works in
practice. In this telecommunications industry example,
a user’s goal, such as understanding AAA membership
benefits and optimizing an iPhone purchase, is fulfilled



10/29/25, 8:49 PM
Beyond the Hype: Why Agentic AI is Closer Than you Think | Accenture
https://www.accenture.com/us-en/blogs/data-ai/beyond-hype-why-agentic-ai-closer-than-you-think
5/10

by a coordinated team of specialized agents. This
example represents the kind of complex workflow we
often see in real-life enterprise scenarios.
Each agent has a defined profile: a capabilities, the system
achieves higher cognitive performance than any single
agent working alone, demonstrating the leap from
isolated tasks to complex, cross-domain workflows that
characterize the power of the agentic AI era.
Standards fuel acceleration
Figure 3: Where Agentic AI Sits on the Innovation Curve



10/29/25, 8:49 PM
Beyond the Hype: Why Agentic AI is Closer Than you Think | Accenture
https://www.accenture.com/us-en/blogs/data-ai/beyond-hype-why-agentic-ai-closer-than-you-think
6/10

There is a tendency to think multi-agent systems are far
off, but early signals suggest otherwise. Building on the
Abernathy and Utterback model that describes the
evolution of product and process innovation through
distinct phases1, figure 3 shows our view that agentic AI
is already crossing the gap between early exploration
and dominant design.
Why? The recent standardization of protocols (e.g.,
agent-to-agent communication standards, model
context protocols) as a “dominant design” is
accelerating adoption. Think of model context
protocols (MCP) as giving AI agents a consistent, plug-
and-play way to connect with tools, services, and data—
no matter where they live or how they’re built. The
agent-to-agent standard gives agents a common
language...","[(0, 719), (858, 3401), (4444, 5019), (5390, 6253), (6709, 7972)]",64,5970,975,1864
5,accenture,Embracing Gen AI at Work _ News Article _ Accenture.pdf,"NEWS ARTICLE
Embracing Gen
AI at work
10-MINUTE READ
 OCTOBER 1, 2024
Originally published in Harvard Business Review in
September–October 2024
Generative artificial intelligence is expected to radically
transform all kinds of jobs over the next few years. No
longer the exclusive purview of technologists, AI can
now be put to work by nearly anyone, using commands
in everyday language instead of code. According to our
research, most business functions and more than 40%
of all U.S. work activity can be augmented, automated,
or reinvented with gen AI. The changes are expected to
have the largest impact on the legal, banking,
USA



10/29/25, 8:49 PM
Embracing Gen AI at Work | News Article | Accenture
https://www.accenture.com/us-en/insights/data-ai/embracing-gen-ai-work
1/8

insurance, and capital-market sectors—followed by
retail, travel, health, and energy.
For organizations and their employees, this looming
shift has massive implications. In the future many of us
will find that our professional success depends on our
ability to elicit the best possible output from large
language models (LLMs) like ChatGPT—and to learn and
grow along with them. To excel in this new era of AI-
human collaboration, most people will need one or
more of what we call “fusion skills”—intelligent
interrogation, judgment integration, and reciprocal
apprenticing.
Intelligent interrogation involves prompting LLMs (or in lay
terms, giving them instructions) in ways that will produce
measurably better reasoning and outcomes. Put simply, it’s
the skill of thinking with AI. For example, a customer
service rep at a financial services company might use it
when looking for the answer to a complicated customer
inquiry; a pharmaceutical scientist, to investigate drug
compounds and molecular interactions; a marketer, to
mine datasets to find optimal retail pricing.
Judgment integration is about bringing in your human
discernment when a gen AI model is uncertain about what
to do or lacks the necessary business or ethical context in
its reasoning. The idea is to make the results of human-
machine interactions more trustworthy. Judgment
integration requires sensing where, when, and how to step
in, and its effectiveness is measured by the reliability,
accuracy, and explainability of the AI’s output.
With reciprocal apprenticing, you help AI learn about your
business tasks and needs by incorporating rich data and
organizational knowledge into the prompts you give it,
thereby training it to be your cocreator. It’s the skill of
tailoring gen AI to your company’s specific business
context so that it can achieve the outcomes you want. As



10/29/25, 8:49 PM
Embracing Gen AI at Work | News Article | Accenture
https://www.accenture.com/us-en/insights/data-ai/embracing-gen-ai-work
2/8

Why do you need to systematically develop these new
skills for thinking, building trust, and tailoring?
Empirical research consistently shows that ad hoc
instructions—the way most employees prompt LLMs
today—lead to unreliable or poor outcomes, especially
for complex reasoning tasks. This is true across
functions, from customer service, to marketing, to
logistics, to R&D. It’s critical for all of us to bring more
rigor to our use of gen AI at work. In this article we’ll
explain how.
Interrogating AI
Intelligently
How do you improve the output of a massively complex
system like an LLM, which is trained on mountains of
data and driven by probabilities instead of human
logic? There are several techniques you can use.
Think step by step
Train LLMs in stages
you do that, you yourself learn how to train the AI to tackle
more-sophisticated challenges. Once a capability that only
data scientists and analytics experts building data models
needed, reciprocal apprenticing has become increasingly
crucial in nontechnical roles.



10/29/25, 8:49 PM
Embracing Gen AI at Work | News Article | Accenture
https://www.accenture.com/us-en/insights/data-ai/embracing-gen-ai-work
3/8

Explore creatively with LLMs
Incorporating your
judgment
Bringing expert—and ethical—human discernment into
the equation will be critical for generating AI outputs
that are trustworthy, accurate, and explainable and
have a positive influence on society. Here are some
techniques you can use:
Integrate RAG
Protect privacy and avoid bias
Scrutinize suspect output
Turning AI into your
apprentice



10/29/25, 8:49 PM
Embracing Gen AI at Work | News Article | Accenture
https://www.accenture.com/us-en/insights/data-ai/embracing-gen-ai-work
4/8

As the size and complexity of LLMs increase, they can
exhibit “emergent properties”—powerful new abilities,
such as advanced reasoning, that they weren’t trained
for but that nevertheless appear after you tailor LLMs by
giving them contextual data or knowledge. To spur their
development, you can take the following steps.
Provide the model with “thought
demonstrations” 
Train your LLMs to learn new processes
Acquiring new fusion
skills
Widespread acquisition of gen AI skills will require not
just significant investment by organizations but also
individual initiative, study, and hard work. Although a
few companies are offering relevant training, most have



10/29/25, 8:49 PM
Embracing Gen AI at Work | News Article | Accenture
https://www.accenture.com/us-en/insights/data-ai/embracing-gen-ai-work
5/8

not yet developed robust programs. Indeed, in our 2024
survey of 7,000 professionals, we found that while 94%
said they were ready to learn new skills to work with
gen AI, only 5% reported that their employers were
actively training their workforces in it on a significant
scale. So many of you will need to take matters into
your own hands—and keep up with the rapid advances
in LLMs and the high-level research being translated
into practices for a variety of jobs and industries. You
can enroll in online courses from providers such as
Coursera, Udacity (which was recently acquired by our
firm), the University of Texas at Austin, Arizona State
University, and Vanderbilt University; experiment with
the prompting techniques we’ve discussed as well as
with emerging ones; and push your employers to
provide more opportunities to use LLMs along with
instruction in best practices for them.
Up next: acquiring the skills to do chain-of-thought
prompting for agentic workflows and multimodal large
language models (MLLMs), which integrate different
kinds of data, like text, audio, video, and images, while
also providing outputs in those formats. One group of
researchers has found that chain-of-thought prompting
improved MLLMs’ performance by up to 100%. Early
adopters are already testing these methods, but they’re
not mature enough yet for widespread adoption.
The AI revolution isn’t coming; it’s already here, with
leading companies using the technology to reimagine
processes across industries, functions, and jobs. Gen AI
has dramatically raised the bar, requiring us to think with
AI, ensure that we trust it, and continually tailor it—and
ourselves—to perform better. Though gen AI is part of



10/29/25, 8:49 PM
Embracing Gen AI at Work | News Article | Accenture
https://www.accenture.com/us-en/insights/data-ai/embracing-gen-ai-work
6/8

the extended movement to create more-symbiotic
relationships between humans and machines, it’s also
unique in the annals of technology. No other major
innovation in history has taken off so fast. Knowledge
work is set to be transformed more quickly and
powerfully than many of us can even imagine. Get
ready. The future of business will be driven not by gen
AI alone but by the people who know how to use it most
effectively.  
A version of this article appeared in the September–
October 2024 issue of Harvard Business Review.
AUTHORS
H. James (Jim) Wilson
Global Managing Director – Thought Leadership & Technology Research
Paul Daugherty
Chief Technology & Innovation Officer


Let there be change



10/29/25, 8:49 PM
Embracing Gen AI at Work | News Article | Accenture
https://www.accenture.com/us-en/insights/data-ai/embracing-gen-ai-work
7/8

© 2025 Accenture. All Rights Reserved.
Preference Center
Careers
About Us
Contact Us
Locations
Sitemap
Privacy Statement
Terms & Conditions
Cookie Policy/Settings
Accessibility Statement
Do Not Sell/Share My Personal
Information



10/29/25, 8:49 PM
Embracing Gen AI at Work | News Article | Accenture
https://www.accenture.com/us-en/insights/data-ai/embracing-gen-ai-work
8/8
",yes,['ai'],"['ai', 'artificial intelligence', 'chatgpt', 'llm', 'llms']","['ai', 'llms', 'artificial intelligence', 'chatgpt', 'llm']",1,58,[],"NEWS ARTICLE
Embracing Gen
AI at work
10-MINUTE READ
 OCTOBER 1, 2024
Originally published in Harvard Business Review in
September–October 2024
Generative artificial intelligence is expected to radically
transform all kinds of jobs over the next few years. No
longer the exclusive purview of technologists, AI can
now be put to work by nearly anyone, using commands
in everyday language instead of code. According to our
research, most business functions and more than 40%
of all U.S. work activity can be augmented, automated,
or reinvented with gen AI. The changes are expected to
have the largest impact on the legal, banking,
USA



10/29/25, 8:49 PM
Embracing Gen AI at Work | News Article | Accenture
https://www.accenture.com/us-en/insights/data-ai/embracing-gen-ai-work
1/8

insurance, and capital-market sectors—followed by
retail, travel, health, and energy.
For organizations and their employees, this looming
shift has massive implications. In the future many of us
will find that our professional success depends on our
ability to elicit the best possible output from large
language models (LLMs) like ChatGPT—and to learn and
grow along with them. To excel in this new era of AI-
human collaboration, most people will need one or
more of what we call “fusion skills”—intelligent
interrogation, judgment integration, and reciprocal
apprenticing.
Intelligent interrogation involves prompting LLMs (or in lay
terms, giving them instructions) in ways that will produce
measurably better reasoning and outcomes. Put simply, it’s
the skill of thinking with AI. For example, a customer
service rep at a financial services company might use it
when looking for the answer to a complicated customer
inquiry; a pharmaceutical scientist, to investigate drug
compounds and molecular interactions; a marketer, to
mine datasets to find optimal retail pricing.
Judgment integration is about bringing in your human
discernment when a gen AI model is uncertain about what
to do or lacks the necessary business or ethical context in
its reasoning. The idea is to make the results of human-
machine interactions more trustworthy. Judgment
integration requires sensing where, when, and how to step
in, and its effectiveness is measured by the reliability,
accuracy, and explainability of the AI’s output.
With reciprocal apprenticing, you help AI learn about your
business tasks and needs by incorporating rich data and
organizational knowledge into the prompts you give it,
thereby training it to be your cocreator. It’s the skill of
tailoring gen AI to your company’s specific business
context so that it can achieve the outcomes you want. As



10/29/25, 8:49 PM
Embracing Gen AI at Work | News Article | Accenture
https://www.accenture.com/us-en/insights/data-ai/embracing-gen-ai-work
2/8

Why do you need to systematically develop these new
skills for thinking, building trust, and tailoring?
Empirical research consistently shows that ad hoc
instructions—the way most employees prompt LLMs
today—lead to unreliable or poor outcomes, especially
for complex reasoning tasks. This is true across
functions, from customer service, to marketing, to
logistics, to R&D. It’s critical for all of us to bring more
rigor to our use of gen AI at work. In this article we’ll
explain how.
Interrogating AI
Intelligently
How do you improve the output of a massively complex
system like an LLM, which is trained on mountains of
data and driven by probabilities instead of human
logic? There are several techniques you can use.
Think step by step
Train LLMs in stages
you do that, you yourself learn how to train the AI to tackle
more-sophisticated challenges. Once a capability that only
data scientists and analytics experts building data models
needed, reciprocal apprenticing has become increasingly
crucial in nontechnical roles.



10/29/25, 8:49 PM
Embracing Gen AI at Work | News Article | Accenture
https://www.accenture.com/us-en/insights/data-ai/embracing-gen-ai-work
3/8

Explore creatively with LLMs
Incorporating your
judgment
Bringing expert—and ethical—human discernment into
the equation will be critical for generating AI outputs
that are trustworthy, accurate, and explainable and
have a positive influence on society. Here are some
techniques you can use:
Integrate RAG
Protect privacy and avoid bias
Scrutinize suspect output
Turning AI into your
apprentice



10/29/25, 8:49 PM
Embracing Gen AI at Work | News Article | Accenture
https://www.accenture.com/us-en/insights/data-ai/embracing-gen-ai-work
4/8

As the size and complexity of LLMs increase, they can
exhibit “emergent properties”—powerful new abilities,
such as advanced reasoning, that they weren’t trained
for but that nevertheless appear after you tailor LLMs by
giving them contextual data or knowledge. To spur their
development, you can take the following steps.
Provide the model with “thought
demonstrations” 
Train your LLMs to learn new processes
Acquiring new fusion
skills
Widespread acquisition of gen AI skills will require not
just significant investment by organizations but also
individual initiative, study, and hard work. Although a
few companies are offering relevant training, most have



10/29/25, 8:49 PM
Embracing Gen AI at Work | News Article | Accenture
https://www.accenture.com/us-en/insights/data-ai/embracing-gen-ai-work
5/8

not yet developed robust programs. Indeed, in our 2024
survey of 7,000 professionals, we found that while 94%
said they were ready to learn new skills to work with
gen AI, only 5% reported that their employers were
actively training their workforces in it on a significant
scale. So many of you will need to take matters into
your own hands—and keep up with the rapid advances
in LLMs and the high-level research being translated
into practices for a variety of jobs and industries. You
can enroll in online courses from providers such as
Coursera, Udacity (which was recently Austin, Arizona State
University, and Vanderbilt University; experiment with
the prompting techniques we’ve discussed as well as
with emerging ones; and push your employers to
provide more opportunities to use LLMs along with
instruction in best practices for them.
Up next: acquiring the skills to do chain-of-thought
prompting for agentic workflows and multimodal large
language models (MLLMs), which integrate different
kinds researchers has found that chain-of-thought prompting
improved MLLMs’ performance by up to 100%. Early
adopters are already testing these methods, but they’re
not mature enough yet for widespread adoption.
The AI revolution isn’t coming; it’s already here, with
leading companies using the technology to reimagine
processes across industries, functions, and jobs. Gen AI
has dramatically raised the bar, requiring us to think with
AI, ensure that we trust it, and continually tailor it—and
ourselves—to perform better. Though gen AI is part of



10/29/25, 8:49 PM
Embracing Gen AI at Work | News Article | Accenture
https://www.accenture.com/us-en/insights/data-ai/embracing-gen-ai-work
6/8

the extended movement to create more-symbiotic
relationships between humans and machines, it’s also
unique in the annals of technology. No other major
innovation in history has taken off so Knowledge
work is set to be transformed more quickly and
powerfully than many of us can even imagine. Get
ready. The future of business will be driven not by gen
AI alone but by the people who know how to use it most
effectively.  
A version of this article appeared in the September–
October 2024 issue of Harvard Business Review.
AUTHORS Global Managing Director – Thought Leadership & Technology Research
Paul Daugherty
Chief Technology & Innovation Officer


Let there be change



10/29/25, 8:49 PM
Embracing Gen AI at Work | News Article | Accenture
https://www.accenture.com/us-en/insights/data-ai/embracing-gen-ai-work
7/8

© 2025 Accenture. All Rights Reserved.
Preference Center
Careers
About Us
Contact Us
Locations
Sitemap
Privacy Statement
Terms & Conditions
Cookie Policy/Settings
Accessibility Statement
Do Not Sell/Share My Personal
Information



10/29/25, 8:49 PM
Embracing Gen AI at Work | News Article | Accenture
https://www.accenture.com/us-en/insights/data-ai/embracing-gen-ai-work
8/8...","[(0, 5915), (5966, 6394), (6501, 7386), (7393, 7732), (7755, 8431)]",58,8250,1353,1385
6,accenture,Nudge Users to Catch Gen AI Errors _ Byline _ Accenture.pdf,"NEWS ARTICLE
Nudge users to
catch generative
AI errors
Using large language models to generate text
can save time but often results in unpredictable
errors. Prompting users to review outputs can
improve their quality.
7-MINUTE READ
 MAY 29, 2024
Republished with permission from MIT Sloan
Management Review
OpenAI’s ChatGPT has generated excitement since its
release in November 2022, but it has also created new
challenges for managers. On the one hand, business
USA



10/29/25, 8:49 PM
Nudge Users to Catch Gen AI Errors | Byline | Accenture
https://www.accenture.com/us-en/insights/data-ai/nudge-users-catch-generative-ai-errors
1/9

leaders understand that they cannot afford to overlook
the potential of generative AI large language models
(LLMs). On the other hand, apprehensions surrounding
issues such as bias, inaccuracy, and security
breaches loom large, limiting trust in these models.
In such an environment, responsible approaches to
using LLMs are critical to the safe adoption of
generative AI. Consensus is building that humans must
remain in the loop (a scenario in which human oversight
and intervention places the algorithm in the role of
a learning apprentice) and responsible AI principles
must be codified. Without a proper understanding of AI
models and their limitations, users could place too
much trust in AI-generated content. Accessible and
user-friendly interfaces like ChatGPT, in particular, can
present errors with confidence while lacking
transparency, warnings, or any communication of their
own limitations to users. A more effective approach
must assist users with identifying the parts of AI-
generated content that require affirmative human
choice, fact-checking, and scrutiny.
In a recent field experiment, we explored a way to assist
users in this endeavor. We provided global business
research professionals at Accenture with a tool
developed at Accenture’s Dock innovation center,
designed to highlight potential errors and omissions in
LLM content. We then measured the extent to which
adding this layer of friction had the intended effect of
reducing the likelihood of uncritical adoption of LLM
content and bolstering the benefits of having humans
in the loop.



10/29/25, 8:49 PM
Nudge Users to Catch Gen AI Errors | Byline | Accenture
https://www.accenture.com/us-en/insights/data-ai/nudge-users-catch-generative-ai-errors
2/9

The findings revealed that consciously adding some
friction to the process of reviewing LLM-generated
content can lead to increased accuracy — without
significantly increasing the time required to complete
the task. This has implications for how companies can
deploy generative AI applications more responsibly.
Experiment with friction
Friction has a bad name in the realm of digital customer
experience, where companies strive to eliminate any
roadblocks to satisfying user needs. But recent
research suggests that organizations should embrace
beneficial friction in AI systems to improve human
decision-making. Our experiment set out to practically
explore this hypothesis in the field by measuring the
efficiency and accuracy trade-offs of adding targeted
friction, or cognitive and procedural speed bumps, to
LLM outputs in the form of error highlighting. We tested
whether intentional structurally embedded resistance
to the uninterrupted and automatic application of AI
would slow the user process and make potential errors
more likely to be noticed. We believed that this would
encourage participants to engage in what is referred to
in behavioral economics as System 2 thinking, a more
conscious and deliberative type of cognitive processing
than the more intuitive System 1 thinking, akin to
accuracy nudges in misinformation research.
The study, a collaborative effort between MIT and
Accenture, aimed to explore the integration of an LLM
into a task familiar to business research professionals.
The objective was to complete and submit two



10/29/25, 8:49 PM
Nudge Users to Catch Gen AI Errors | Byline | Accenture
https://www.accenture.com/us-en/insights/data-ai/nudge-users-catch-generative-ai-errors
3/9

executive summaries of company profiles (Task 1 and
Task 2) within a 70-hour time frame and seek and
reference any available sources, simulating real work
conditions. The research participants were given text
output from ChatGPT, along with the corresponding
prompts, and were told that they could use as much or
as little of the content as they saw fit.
Passages from the provided ChatGPT output and
prompts were highlighted in different colors.
Participants were informed that the highlighting
features were part of a hypothetical tool Accenture
could potentially develop and that the highlights
conveyed different meanings depending on the color.
Text highlighted in purple matched terms used in the
prompt and terms in internal databases and publicly
available information sources; text highlighted in
orange indicated potentially untrue statements that
should be considered for removal or replacement; text
that was in the prompt but omitted in the output was
indicated below the generated output and highlighted
in blue; and text that was not identified as belonging to
any of these categories was left unhighlighted.
Ideally, this hypothetical tool would combine natural
language processing (NLP) techniques and an AI model
to query all outputs against a predefined source of truth
to highlight potential errors or omissions, but for the
purposes of this experiment, the highlighting was done
using a combination of algorithmic and human inputs.
In addition, we purposely baked in some attention-
check errors (nonhighlighted) to measure the
circumstances under which adding friction in LLM use



10/29/25, 8:49 PM
Nudge Users to Catch Gen AI Errors | Byline | Accenture
https://www.accenture.com/us-en/insights/data-ai/nudge-users-catch-generative-ai-errors
4/9

led to greater error detection (and improved accuracy)
by participants.
Participants were randomly assigned to one of three
experimental conditions, with varying levels of
cognitive speed bumps in the form of highlighting:
Our findings revealed that introducing friction that
nudges users to more carefully scrutinize LLM-
generated text can help them catch inaccuracies and
omissions. Participants in the no-highlight control
condition missed more errors than those in either of the
conditions with error labeling (31% more in Task 1 and
10% more in Task 2). Moreover, the proportion of
omissions detected was 17% in the no-highlight
condition but 48% in the full-highlight condition and
54% in the error-highlight condition.
As anticipated, these improvements did come with a
trade-off: Participants in the full- highlight group saw a
statistically significant increase (an average of 43% and
61% in Tasks 1 and 2, respectively) in the time required
to complete the tasks versus the control group.
However, in the error-only highlight condition, the
In the full friction condition, the LLM-generated content
contained three kinds of highlighting based on the prompt
that indicated that information was likely correct,
incorrect, or missing from the output.
In the medium friction condition, the LLM-generated
content contained two kinds of highlighting based on the
prompt that indicated likely errors and omissions of
information that should have been in the output.
In the no friction control condition, the LLM-generated
content contained no highlighting at all, as per the current
generative AI user experience.



10/29/25, 8:49 PM
Nudge Users to Catch Gen AI Errors | Byline | Accenture
https://www.accenture.com/us-en/insights/data-ai/nudge-users-catch-generative-ai-errors
5/9

average difference in the time taken versus the control
was not statistically significant. Considering that each
task typically took one to two hours on average without
the assistance of generative AI, this trade-off was
considered acceptable. Thus, the second condition,
which involved medium friction, demonstrated a way to
optimize the balance between accuracy and efficiency.
Three behavioral insights
The results of our field experiment point to actions
organizations can take to help employees more
effectively incorporate generative AI tools into their
work and be more likely to recognize potential errors
and biases.
Ensure thoughtfulness in crafting the
prompt — a touch point for beneficial
friction — given users’ tendency toward
cognitive anchoring on generative AI
output.
Participants’ final submissions were lexically very similar to the
LLM-generated content (60% to 80% identical content, as
measured by NLP similarity scores). This suggests that the
01



10/29/25, 8:49 PM
Nudge Users to Catch Gen AI Errors | Byline | Accenture
https://www.accenture.com/us-en/insights/data-ai/nudge-users-catch-generative-ai-errors
6/9

participants anchored on that output, even when they were
asked to consider it as merely an input to their own writing.
This underscores the importance of being thoughtful about
the prompt provided to the LLM, since its output can set the
trajectory for the final version of the content. Recent research
suggests that anchoring may prove beneficial under some
circumstances when generative AI content is perceived as
high in quality and can play a compensatory role for an error-
prone writer. But, given our findings of high similarity between
the LLM-generated text and the final submissions from human
participants, it could also lead a user down the wrong path.
Recognize that confidence is a virtue but
overconfidence is a vice.
Experiment, experiment, experiment.
About the Authors
Renée Richardson Gosline is head of the Human-First AI
Group at MIT’s Initiative on the Digital Economy and a
senior lecturer and research scientist at the MIT Sloan
School of Management. Yunhao Zhang is a postdoctoral
02
03



10/29/25, 8:49 PM
Nudge Users to Catch Gen AI Errors | Byline | Accenture
https://www.accenture.com/us-en/insights/data-ai/nudge-users-catch-generative-ai-errors
7/9

fellow at the Psychology of Technology Institute.
Haiwen Li is a doctoral candidate at the MIT Institute for
Data, Systems, and Society. Paul Daugherty is chief
technology and innovation officer at Accenture. Arnab
D. Chakraborty is the global responsible AI lead and a
senior managing director at Accenture. Philippe
Roussiere is global lead, Paris, for research innovation
and AI at Accenture. Patrick Connolly is global
responsible AI/generative AI research manager at
Accenture Research, Dublin.
Acknowledgments
Reprinted from MIT Sloan Management Review, (c)
Massachusetts Institute of Technology, 2024. The
article Nudge users to catch generative AI errors
originally published on May 29, 2024 and Summer 2024
print magazine. 
Related insights
Reinvention in the age of generative AI

Generative AI for customer growth

AI for everyone

Let there be change



10/29/25, 8:49 PM
Nudge Users to Catch Gen AI Errors | Byline | Accenture
https://www.accenture.com/us-en/insights/data-ai/nudge-users-catch-generative-ai-errors
8/9

© 2025 Accenture. All Rights Reserved.
Preference Center
Careers
About Us
Contact Us
Locations
Sitemap
Privacy Statement
Terms & Conditions
Cookie Policy/Settings
Accessibility Statement
Do Not Sell/Share My Personal
Information



10/29/25, 8:49 PM
Nudge Users to Catch Gen AI Errors | Byline | Accenture
https://www.accenture.com/us-en/insights/data-ai/nudge-users-catch-generative-ai-errors
9/9
",yes,['ai'],"['ai', 'chatgpt', 'llm', 'llms', 'nlp', 'openai']","['ai', 'llms', 'openai', 'chatgpt', 'nlp', 'llm']",1,74,[],"NEWS ARTICLE
Nudge users to
catch generative
AI errors
Using large language models to generate text
can save time but often results in unpredictable
errors. Prompting users to review outputs can
improve their quality.
7-MINUTE READ
 MAY 29, 2024
Republished with permission from MIT Sloan
Management Review
OpenAI’s ChatGPT has generated excitement since its
release in November 2022, but it has also created new
challenges for managers. On the one hand, business
USA



10/29/25, 8:49 PM
Nudge Users to Catch Gen AI Errors | Byline | Accenture
https://www.accenture.com/us-en/insights/data-ai/nudge-users-catch-generative-ai-errors
1/9

leaders understand that they cannot afford to overlook
the potential of generative AI large language models
(LLMs). On the other hand, apprehensions surrounding
issues such as bias, inaccuracy, and security
breaches loom large, limiting trust in these models.
In such an environment, responsible approaches to
using LLMs are critical to the safe adoption of
generative AI. Consensus is building that humans must
remain in the loop (a scenario in which human oversight
and intervention places the algorithm in the role of
a learning apprentice) and responsible AI principles
must be codified. Without a proper understanding of AI
models and their limitations, users could place too
much trust in AI-generated content. Accessible and
user-friendly interfaces like ChatGPT, in particular, can
present errors with confidence while lacking
transparency, warnings, or any communication of their
own limitations to users. A more effective approach
must assist users with identifying the parts of AI-
generated content that require affirmative human
choice, fact-checking, and scrutiny.
In a recent field experiment, we explored a way to assist
users in this endeavor. We provided global business
research professionals at Accenture with a tool
developed at Accenture’s Dock innovation center,
designed to highlight potential errors and omissions in
LLM content. We then measured the extent to which
adding this layer of friction had the intended effect of
reducing the likelihood of uncritical adoption of LLM
content and bolstering the benefits of having humans
in the loop.



10/29/25, 8:49 PM
Nudge Users to Catch Gen AI Errors | Byline | Accenture
https://www.accenture.com/us-en/insights/data-ai/nudge-users-catch-generative-ai-errors
2/9

The findings revealed that consciously adding some
friction to the process of reviewing LLM-generated
content can lead to increased accuracy — without
significantly increasing the time required to complete
the task. This has implications for how companies can
deploy generative AI applications more responsibly.
Experiment with friction
Friction has a bad name in the realm of digital customer
experience, where companies strive to eliminate any
roadblocks to satisfying user needs. But recent
research suggests that organizations should embrace
beneficial friction in AI systems to improve human
decision-making. Our experiment set out to practically
explore this hypothesis in the field by measuring the
efficiency and accuracy trade-offs of adding targeted
friction, or cognitive and procedural speed bumps, to
LLM outputs in the form of error highlighting. We tested
whether intentional structurally embedded resistance
to the uninterrupted and automatic application of AI
would slow the user process and make potential errors
more likely to be noticed. We believed that this would
encourage participants to engage in what is referred to
in behavioral than the more intuitive System 1 thinking, akin to
accuracy nudges in misinformation research.
The study, a collaborative effort between MIT and
Accenture, aimed to explore the integration of an LLM
into a task familiar to business research professionals.
The objective was to complete and submit two



10/29/25, 8:49 PM
Nudge Users to Catch Gen AI Errors | Byline | Accenture
https://www.accenture.com/us-en/insights/data-ai/nudge-users-catch-generative-ai-errors
3/9

executive summaries of company profiles (Task 1 and
Task 2) within a 70-hour time frame and seek and
reference any available sources, simulating real work
conditions. The research participants were given text
output from ChatGPT, along with the corresponding
prompts, and were told that they could use as much or
as little of the content as they saw fit.
Passages from the provided ChatGPT output and
prompts were highlighted in different colors.
Participants were informed that the highlighting
features were part of a hypothetical tool Accenture
could potentially develop and that the highlights
conveyed output and highlighted
in blue; and text that was not identified as belonging to
any of these categories was left unhighlighted.
Ideally, this hypothetical tool would combine natural
language processing (NLP) techniques and an AI model
to query all outputs against a predefined source of truth
to highlight potential errors or omissions, but for the
purposes of this experiment, the highlighting was done
using a combination of algorithmic and human inputs.
In addition, we purposely baked in some attention-
check errors (nonhighlighted) to measure the
circumstances under which adding friction in LLM use



10/29/25, 8:49 PM
Nudge Users to Catch Gen AI Errors | Byline | Accenture
https://www.accenture.com/us-en/insights/data-ai/nudge-users-catch-generative-ai-errors
4/9

led to greater error detection (and improved accuracy)
by participants.
Participants were randomly assigned to one of three
experimental conditions, with varying levels of
cognitive speed bumps in the form of highlighting:
Our findings revealed that introducing friction that
nudges users to more carefully scrutinize LLM-
generated text can help them catch inaccuracies and
omissions. Participants in the no-highlight control
condition missed more errors than those in either of the
conditions with error labeling (31% more Tasks 1 and 2, respectively) in the time required
to complete the tasks versus the control group.
However, in the error-only highlight condition, the
In the full friction condition, the LLM-generated content
contained three kinds of highlighting based on the prompt
that indicated that information was likely correct,
incorrect, or missing from the output.
In the medium friction condition, the LLM-generated
content contained two kinds of highlighting based on the
prompt that indicated likely errors and omissions of
information that should have been in the output.
In the no friction control condition, the LLM-generated
content contained no highlighting at all, as per the current
generative AI user experience.



10/29/25, 8:49 PM
Nudge Users to Catch Gen AI Errors | Byline | Accenture
https://www.accenture.com/us-en/insights/data-ai/nudge-users-catch-generative-ai-errors
5/9

average difference in the time taken versus the control
was not statistically significant. Considering that each
task typically took one to two hours on average without
the assistance of generative AI, this trade-off was
considered acceptable. Thus, the second condition,
which involved medium friction, demonstrated a way to
optimize the balance between accuracy and efficiency.
Three behavioral insights
The results of our field experiment point to actions
organizations can take to help employees more
effectively incorporate generative AI tools into their
work and be more likely to recognize potential errors
and biases.
Ensure thoughtfulness in crafting the
prompt — a touch point for beneficial
friction — given users’ tendency toward
cognitive anchoring on generative AI
output.
Participants’ final submissions were lexically very similar to the
LLM-generated content (60% to 80% identical content, as
measured by NLP similarity scores). This suggests that the
01



10/29/25, 8:49 PM
Nudge Users to Catch Gen AI Errors | Byline | Accenture
https://www.accenture.com/us-en/insights/data-ai/nudge-users-catch-generative-ai-errors
6/9

participants anchored on that output, even when they were
asked to consider it as merely an input to their own writing.
This underscores the importance of being thoughtful about
the prompt provided to the LLM, since its output can set the
trajectory for the final version of the content. Recent research
suggests that anchoring may prove beneficial under some
circumstances when generative AI content is perceived as
high in quality and can play a compensatory role for an error-
prone writer. But, given our findings of high similarity between
the LLM-generated text and the final submissions from human
participants, it could also lead a user down the wrong path.
Recognize that confidence is a virtue but
overconfidence is a vice.
Experiment, experiment, experiment.
About the Authors
Renée Richardson Gosline is head of the Human-First AI
Group at MIT’s Initiative on the Digital Economy and a
senior lecturer and research scientist at the MIT Sloan
School of Management. Yunhao Zhang is a postdoctoral
02
03



10/29/25, 8:49 PM
Nudge Users to Catch Gen AI Errors | Byline | Accenture
https://www.accenture.com/us-en/insights/data-ai/nudge-users-catch-generative-ai-errors
7/9

fellow at the Psychology of Technology Institute.
Haiwen Li is a doctoral candidate at the MIT Institute for
Data, Systems, and Society. Paul Daugherty is chief
technology and innovation officer at Accenture. Arnab
D. Chakraborty is the global responsible AI lead and a
senior managing director at Accenture. Philippe
Roussiere is global lead, Paris, for research innovation
and AI at Accenture. Patrick Connolly is global
responsible AI/generative AI research manager at
Accenture Research, Dublin.
Acknowledgments
Reprinted from MIT Sloan Management Review, (c)
Massachusetts Institute of Technology, 2024. The
article Nudge users to catch generative AI errors
originally published on May 29, 2024 and Summer 2024
print magazine. 
Related insights
Reinvention in the age of generative AI

Generative AI for customer growth

AI for everyone

Let there be change



10/29/25, 8:49 PM
Nudge Users to Catch Gen AI Errors | Byline | Accenture
https://www.accenture.com/us-en/insights/data-ai/nudge-users-catch-generative-ai-errors
8/9

© 2025 Accenture. All Rights Reserved.
Preference Center
Careers
About Us
Contact Us
Locations
Sitemap
Privacy Statement
Terms & Conditions
Cookie Policy/Settings
Accessibility Statement
Do Not Sell/Share My Personal
Information



10/29/25, 8:49 PM
Nudge Users to Catch Gen AI Errors | Byline | Accenture
https://www.accenture.com/us-en/insights/data-ai/nudge-users-catch-generative-ai-errors
9/9...","[(0, 3539), (3635, 4715), (5104, 6408), (6786, 11445)]",74,10588,1669,1805
7,accenture,Unleash the Power of Agentic AI in Post-merger Integration _ Accenture.pdf,"BLOG
Unleash the
power of agentic
AI in post-merger
integration
5-MINUTE READ
 SEPTEMBER 2, 2025
Leading deal professionals are increasingly using next-
gen technologies, including generative AI, in the
various stages of their mergers and acquisitions (M&A)
deal cycle.
In a recent Accenture survey, 82% of dealmakers say AI
and advanced analytics are already accelerating their
pre-deal insights. New technologies are helping deal
USA



10/29/25, 8:48 PM
Unleash the Power of Agentic AI in Post-merger Integration | Accenture
https://www.accenture.com/us-en/blogs/business-functions-blog/agentic-post-merger-integration
1/8

teams identify and assess targets faster, refine bids with
greater precision and craft more effective value
creation plans. Where AI adoption is lagging, however,
is in post-deal integration.
Dealmakers who are able to embed generative AI
broadly across the deal lifecycle are 4x more likely to
report that they consistently capture post-acquisition
value. A leading media and telecom company for
instance used generative AI-powered automation to
streamline post-merger data integration, significantly
boosting productivity and improving customer data
accuracy.
Agentic AI is a powerful—yet still largely untapped—tool
in transforming future state operating models in M&A.
Applying agentic AI to
transform future state
operating models
For larger mergers or acquisitions, post-deal integration
can take anywhere between 9–24 months. Getting the
integration done often means companies take their
eyes off the roadmap of where they want to be—and
halt innovation as a result.
What many executives don’t realize is that M&A
integration presents an opportunity to drive innovation.
The engine cover has already been lifted, as you will, so
it’s the perfect time to immediately pursue changes that
will drive greater efficiency and boost performance.



10/29/25, 8:48 PM
Unleash the Power of Agentic AI in Post-merger Integration | Accenture
https://www.accenture.com/us-en/blogs/business-functions-blog/agentic-post-merger-integration
2/8

Agentic AI can make driving such improvements more
straightforward by introducing autonomous “AI agents”
that take on multi-step workflows—serving like tireless
analysts. As Justin Boitano, VP of enterprise software at
NVIDIA, states: “Agentic AI is enabling enterprises to
enhance productivity with intelligent agents capable of
handling complex, multi-step challenges."" By
leveraging agentic AI, companies can avoid merely
patching up existing processes in their post-deal
integration. Instead, they’re able to build a forward-
looking operational environment that is fit for purpose
and drives real value.
Our research shows that the number of companies with
fully modernized, AI-led processes has nearly doubled
from 9% in 2023 to 16% in 2024. Agentic AI can
optimize both end-to-end processes, such as procure-
to-pay, leading to better economics and faster
integration, as well as enhance go-to-market
capabilities like pricing, leading to increased revenue.
The key benefits of applying agentic AI in M&A
integration are threefold: faster integration of systems,
greater cost and revenue synergies and enabling
leapfrog innovation. Compared to peers, we see
organizations that have developed intelligent
operations achieve 2.5x higher revenue growth, 2.4x
greater productivity and 3.3x greater success at scaling
generative AI use cases.
End-to-end processes
example: Procure to pay



10/29/25, 8:48 PM
Unleash the Power of Agentic AI in Post-merger Integration | Accenture
https://www.accenture.com/us-en/blogs/business-functions-blog/agentic-post-merger-integration
3/8

During the planning process, agentic AI can analyze the
procurement and payment processes of both
companies to identify redundancies, inefficiencies and
opportunities for optimization. This analysis helps in
designing a new, streamlined procure-to-pay (P2P)
process that integrates the best practices from both
organizations.
Post-merger, agentic AI can be applied to automate the
P2P workflow—from purchase order creation to
payment processing—by intelligently routing tasks,
flagging anomalies and predicting potential issues. It
can also enhance supplier management by
continuously monitoring supplier performance and
suggesting improvements. This approach not only
accelerates the integration but also drives better
economics and operational benefits.
Common challenges
Dealmakers face several common challenges when
integrating agentic AI in M&A. These include large
volumes of scattered and/or incomplete data, the
selection of the right technology and partners, as well
as differences in technological maturity levels and
culture between the two companies. Dealmakers often
wrestle with the fundamental question of whether to
build, buy or partner with technology solutions.
To address these challenges, leading dealmakers are
taking a structured approach. They ensure their teams
have the necessary training and hands-on experience to
effectively use agentic AI tools. They also embed



10/29/25, 8:48 PM
Unleash the Power of Agentic AI in Post-merger Integration | Accenture
https://www.accenture.com/us-en/blogs/business-functions-blog/agentic-post-merger-integration
4/8

agentic AI into core deal activities, such as screening,
diligence and value creation planning, and standardize
and centralize deal data to unlock smarter insights.
Furthermore, they pilot new technologies in live deal
processes to test and refine their impact before full
deployment. By creating a culture of innovation and
continuous learning, they can better navigate the
complexities to drive greater value from their deals.
Agentic AI is relatively cheap and fast to design, build
and deploy—and you can begin reaping benefits if you
get started early in the planning process.
Linking M&A to
transformative future
state operating models
During M&A, the effort of integration is already
significant, so leveraging agentic AI to drive material
change can pay off by reducing costs and improving
the overall economics of the deal. It can not only
streamline processes but also create a more integrated
and forward-looking operational environment that
strengthens resilience sets the new company up for
long-term success.
Three key takeaways for
dealmakers include



10/29/25, 8:48 PM
Unleash the Power of Agentic AI in Post-merger Integration | Accenture
https://www.accenture.com/us-en/blogs/business-functions-blog/agentic-post-merger-integration
5/8

Consider agentic AI in the pre- and post-close planning
process
Use M&A as a catalyst for leapfrog innovation
Recognize and broadly communicate the value of agentic
AI
We recommend leveraging agentic AI to optimize
operating model innovation in the integration phase of
your next merger or acquisition—and unlock alpha
along the way.
 
Written in collaboration with Austin Corbett and J.
Neely.
Related content
RESEARCH REPORT
The art of dealmaking in
the age of AI
RESEARCH REPORT
Reinventing M&A with
generative AI
BLOG
Navigati
extende



10/29/25, 8:48 PM
Unleash the Power of Agentic AI in Post-merger Integration | Accenture
https://www.accenture.com/us-en/blogs/business-functions-blog/agentic-post-merger-integration
6/8

WRITTEN BY
Ron Hofmeister
Managing Director – Accenture Strategy



Let there be change
Preference Center



10/29/25, 8:48 PM
Unleash the Power of Agentic AI in Post-merger Integration | Accenture
https://www.accenture.com/us-en/blogs/business-functions-blog/agentic-post-merger-integration
7/8

© 2025 Accenture. All Rights Reserved.
Careers
About Us
Contact Us
Locations
Sitemap
Privacy Statement
Terms & Conditions
Cookie Policy/Settings
Accessibility Statement
Do Not Sell/Share My Personal
Information



10/29/25, 8:48 PM
Unleash the Power of Agentic AI in Post-merger Integration | Accenture
https://www.accenture.com/us-en/blogs/business-functions-blog/agentic-post-merger-integration
8/8
",yes,['ai'],['ai'],"['ai', 'nvidia']",1,36,['nvidia'],"BLOG
Unleash the
power of agentic
AI in post-merger
integration
5-MINUTE READ
 SEPTEMBER 2, 2025
Leading deal professionals are increasingly using next-
gen technologies, including generative AI, in the
various stages of their mergers and acquisitions (M&A)
deal cycle.
In a recent Accenture survey, 82% of dealmakers say AI
and advanced analytics are already accelerating their
pre-deal insights. New technologies are helping deal
USA



10/29/25, 8:48 PM
Unleash the Power of Agentic AI in Post-merger Integration | Accenture
https://www.accenture.com/us-en/blogs/business-functions-blog/agentic-post-merger-integration
1/8

teams identify and assess targets faster, refine bids with
greater precision and craft more effective value
creation plans. Where AI adoption is lagging, however,
is in post-deal integration.
Dealmakers who are able to embed generative AI
broadly across the deal lifecycle are 4x more likely to
report that they consistently capture post-acquisition
value. A leading media and telecom company for
instance used generative AI-powered automation to
streamline post-merger data integration, significantly
boosting productivity and improving customer data
accuracy.
Agentic AI is a powerful—yet still largely untapped—tool
in transforming future state operating models in M&A.
Applying agentic AI to
transform future state
operating models
For larger mergers or acquisitions, post-deal integration
can take anywhere between 9–24 months. Getting the
integration done often means companies take their
eyes off you will, so
it’s the perfect time to immediately pursue changes that
will drive greater efficiency and boost performance.



10/29/25, 8:48 PM
Unleash the Power of Agentic AI in Post-merger Integration | Accenture
https://www.accenture.com/us-en/blogs/business-functions-blog/agentic-post-merger-integration
2/8

Agentic AI can make driving such improvements more
straightforward by introducing autonomous “AI agents”
that take on multi-step workflows—serving like tireless
analysts. As Justin Boitano, VP of enterprise software at
NVIDIA, states: “Agentic AI is enabling enterprises to
enhance productivity with intelligent agents capable of
handling complex, multi-step challenges."" By
leveraging agentic AI, companies can avoid merely
patching up existing processes in their post-deal
integration. Instead, they’re able to build a forward-
looking operational environment that is fit for purpose
and drives real value.
Our research shows that the number of companies with
fully modernized, AI-led processes has nearly doubled
from 9% in 2023 to 16% in 2024. Agentic AI can
optimize both end-to-end processes, such as procure-
to-pay, leading to better economics and faster
integration, as well as enhance go-to-market
capabilities like pricing, leading to increased revenue.
The key benefits of applying agentic AI in M&A
integration are threefold: faster integration of systems,
greater cost and revenue synergies and enabling
leapfrog innovation. Compared to peers, we see
organizations that have developed intelligent
operations achieve 2.5x higher revenue growth, 2.4x
greater productivity and 3.3x greater success at scaling
generative AI use cases.
End-to-end processes
example: Procure to pay



10/29/25, 8:48 PM
Unleash the Power of Agentic AI in Post-merger Integration | Accenture
https://www.accenture.com/us-en/blogs/business-functions-blog/agentic-post-merger-integration
3/8

During the planning process, agentic AI can analyze the
procurement and payment processes of both
companies to identify redundancies, inefficiencies and
opportunities for optimization. This analysis helps in
designing a new, streamlined procure-to-pay (P2P)
process that integrates the best practices from both
organizations.
Post-merger, agentic AI can be applied to automate the
P2P workflow—from purchase order creation to
payment processing—by intelligently routing tasks,
flagging anomalies and predicting potential issues. It
can also enhance supplier management by supplier performance and
suggesting improvements. This approach not only
accelerates the integration but also drives better
economics and operational benefits.
Common challenges
Dealmakers face several common challenges when
integrating agentic AI in M&A. These include large
volumes of scattered and/or incomplete data, the
selection of the right technology and partners, as well
as differences in technological maturity levels and
culture between partner with technology solutions.
To address these challenges, leading dealmakers are
taking a structured approach. They ensure their teams
have the necessary training and hands-on experience to
effectively use agentic AI tools. They also embed



10/29/25, 8:48 PM
Unleash the Power of Agentic AI in Post-merger Integration | Accenture
https://www.accenture.com/us-en/blogs/business-functions-blog/agentic-post-merger-integration
4/8

agentic AI into core deal activities, such as screening,
diligence and value creation planning, and standardize
and centralize deal data to unlock smarter insights.
Furthermore, they pilot new technologies in live deal and refine their impact before full
deployment. By creating a culture of innovation and
continuous learning, they can better navigate the
complexities to drive greater value from their deals.
Agentic AI is relatively cheap and fast to design, build
and deploy—and you can begin reaping benefits if you
get started early in the planning process.
Linking M&A to
transformative future
state operating models
During M&A, the effort of integration is already
significant, so leveraging agentic AI to drive material
change can pay off by reducing costs and improving
the overall economics of the deal. It can not only
streamline processes but also create a more integrated...","[(0, 1534), (1754, 4226), (4251, 4699), (4802, 5460), (5479, 6145)]",37,5785,892,1237
8,accenture,‘Bending Time’ in the Age of Gen AI _ Byline _ Accenture.pdf,"NEWS ARTICLE
‘Bending time’ in
the age of
generative AI
Boards must overcome a gap in understanding
technology so they can unlock value at scale.
7-MINUTE READ
 JUNE 10, 2024
Originally published in the California Management
Review on June 10, 2024.
Technology is now ubiquitous across businesses and
increasingly the deciding factor between industry
leaders and laggards. Companies that effectively
internalize and harness intelligent technologies like
generative and predictive artificial intelligence, and
USA



10/29/25, 8:49 PM
‘Bending Time’ in the Age of Gen AI | Byline | Accenture
https://www.accenture.com/us-en/insights/life-sciences/bending-time-age-generative-ai
1/11

then transform their businesses at scale  are driving
industry-leading performance, as evidenced by growth
in enterprise value. In fact, these companies are
‘bending time’ by accelerating product development,
manufacturing, operations, and customer centricity. Yet
while everyone is experimenting, unfortunately only
10% of more than 1000 organizations we surveyed are
adopting intelligent technologies at a scale that can
fast-track their business strategies.1
One reason for the small portion of businesses that are
strategically applying these technologies at scale, is
that doing so requires a forward-looking CEO, C-suite,
and board of directors. Today, boards of directors who
enjoy the technology expertise to enable companies to
successfully play “offense,” by deploying technologies
to accelerate innovations, and also to play “defense” by
implementing technological advances that safeguard
operations from risks, remain a minority. While most
boards of Standard and Poor’s 500 companies have the
customary audit, compensation, and governance
committees of the board, relatively few have
technology committees.
In tech-responsive fields like life sciences, technology
can have an exponential impact on performance by
integrating unstructured and structured data, and thus
speeding up discovery and development, and
personalizing drugs for diseases previously considered
untreatable, and
helping with access to, and appropriate usage by patients.



10/29/25, 8:49 PM
‘Bending Time’ in the Age of Gen AI | Byline | Accenture
https://www.accenture.com/us-en/insights/life-sciences/bending-time-age-generative-ai
2/11

Even in such fields, technology-savvy board members
are few and far between. Only 8% of board members at
the world’s 20 largest life science companies are
technology experts, according to Accenture
Research.2 Similarly, just 8% of board members at the
world’s leading 40 life sciences companies have
completed planned generative AI training sessions or
engaged with outside experts. A mere 14% actively
leverage generative AI to transform their own
companies’ businesses.3 Taken together, these findings
suggest that technology-deficient boards can cause
companies to leave critical opportunities on the table.
Boards seek to build appropriate capabilities to fulfill
their fiduciary duties in corporate governance, audit
and compensation. Now, the more modern, more
performance-oriented boards strive to be sufficiently
tech-proficient in order to be able to provide expert
guidance on decisions that could profoundly affect a
company’s future.



10/29/25, 8:49 PM
‘Bending Time’ in the Age of Gen AI | Byline | Accenture
https://www.accenture.com/us-en/insights/life-sciences/bending-time-age-generative-ai
3/11

So how can companies effectively embed technology
expertise in their boards? Based on our decades of
experience as board members, CEOs, and advisors, as
well as in-depth interviews with CEOs at some of the
largest biopharma companies, we believe that those
boards who
are the most successful at guiding management teams
through technology-driven decisions, that can help
secure competitive advantages. Below, we explore
three ways companies can make this happen.
Improve technology representation
As technological advances increasingly impact, and potentially
reinvent, every part of companies’ operations, all board
members need to be up to speed on the latest relevant
technologies and their implications for their business. They
must understand and sharpen their technology knowledge
well enough to evaluate the options and to oversee the
strategy and the execution of a management team’s leveraging
of technology. On technology, boards need to ask the right
questions and proactively surface new ideas to support the
management team’s efforts to gain the competitive edge.
Simultaneously, boards should do their part in helping protect
recruit technology experts as new members, and who
install formal technology committees of the board, and
who
continuously train and provide refreshers on technology
topics
01



10/29/25, 8:49 PM
‘Bending Time’ in the Age of Gen AI | Byline | Accenture
https://www.accenture.com/us-en/insights/life-sciences/bending-time-age-generative-ai
4/11

the company from risks, whether they be in cybersecurity or
the responsible use of technologies.
TECH EXPERT
20%
Deep Technology knowledge
coupled with real life
experience
TECH LITERATE
30%
Understands technology well,
able to ask the right questions
to evaluate risks and
opportunities
TECH AWARE
50%
Aware of the latest
technologies and their
implications for the business
To power-up their technology capabilities, boards need to
develop three levels of expertise that we refer to as “tech
aware”, “tech literate” and “tech expert.” All board members
should be at least at the level of “tech aware” i.e., aware of the
latest technologies and their implications for their business. In
addition, several directors should function at the “tech literate”
level. These directors should understand technology well
enough to ask the right questions, to competently discern
both opportunities and risks. Finally, at least a few directors
should qualify at the “tech expert” level. They should have
deep technology knowledge coupled with multiple real-life
experiences of getting things done. These “tech-expert” board
members should engage in multiple industry initiatives, bring
in new ideas to challenge the executive team, and be
comfortable in providing expert advice to the other members
of the board and to management, on the oversight of tech-
oriented decisions.



10/29/25, 8:49 PM
‘Bending Time’ in the Age of Gen AI | Byline | Accenture
https://www.accenture.com/us-en/insights/life-sciences/bending-time-age-generative-ai
5/11

Given the high demand for directors with both functional
expertise and experience in technology, we recommend
companies seek out three types of individuals who can
complement the experience, knowledge and skills of their
other board colleagues:
Consider Merck’s board of directors…With four of 13 board
members coming from a technology background, Merck’s
board has the highest technology representation of the top 20
life science companies we analyzed. Their board level
technology experts hail from both large technology
companies and venture capital firms alike, with expertise
ranging from knowledge management to aeronautics to
cybersecurity.
The board’s deep understanding of technology strategy,
emerging trends and the opportunities and risks associated
with them, helped Merck quickly decide on capital allocations
and a plan for their business reinvention. Their transformation
includes new techniques to examine cells and proteins and
how they interact, in addition to high-performance computing
capability to analyze complex molecular processes and
pathways. It also means involving more new and more diverse
partners to execute an ambitious clinical agenda. “With the
board’s support, we could effectively prioritize, invest in, and
scale about half a dozen AI use cases across the company
while modernizing the technology that underpins its
technology architecture and upskill our talent,” Merck CEO
Rob Davis told us in a recent interview.
executives who have held technology-related positions
and have driven enterprise-wide digital technology
transformations,
former and current technology company C-suite
executives, with functional or industry expertise and
senior leaders in consulting or private equity who have
helped scale business technology transformations.



10/29/25, 8:49 PM
‘Bending Time’ in the Age of Gen AI | Byline | Accenture
https://www.accenture.com/us-en/insights/life-sciences/bending-time-age-generative-ai
6/11

Form and empower a formal technology
committee
Conduct continuous training on emerging
technologies
A tech-savvy board
At a time when most C-Suite executives anticipate a
faster rate of change and want to unlock the potentially
exciting opportunities now available to them from
rapidly evolving technologies like generative AI,
embedding technology expertise within the boardroom
is no longer a choice but a strategic imperative. Boards
have a duty to ensure management teams remain at the
vanguard of innovation by proactively guiding strategic
decisions in intelligent technologies and safeguarding
companies against associated risks. Those boards that
embrace three key strategies—improving technology
representation, forming technology committees, and
conducting regular technology training— are the most
likely to fulfill their obligations while cultivating an
02
03



10/29/25, 8:49 PM
‘Bending Time’ in the Age of Gen AI | Byline | Accenture
https://www.accenture.com/us-en/insights/life-sciences/bending-time-age-generative-ai
7/11

environment conducive to enabling companies to
harness their full potential.
In conclusion: today’s governance standards are even
sharper in holding boards accountable for their
collective performance, just like management is held
accountable for their performance. More than ever
before, the boards of today need to lean-in on what’s
happening in the business, while also fulfilling their
oversight duties. Given that technology trends can now
enable companies to become the winners in their own
verticals, building up technology firepower inside the
board has now become pivotal. Ever more demanding
shareholders expect nothing less…
References
1 Reinvention in the Age of Generative AI. Accenture.
2023. Reinvention in the Age of Generative AI |
Accenture
3 Accenture Research analysis of the boards of top 20
Life Sciences companies by 2023 revenue. 2024. 
4 Accenture Research — Life Sciences Board of
Directors Generative AI readiness survey. N=36, top 40
biopharma companies by revenue. Fielded Oct 2023. 
4 Ibid. 
5 Accenture Research analysis of the boards of top 20
Life Sciences companies by 2023 revenue. 2024. 



10/29/25, 8:49 PM
‘Bending Time’ in the Age of Gen AI | Byline | Accenture
https://www.accenture.com/us-en/insights/life-sciences/bending-time-age-generative-ai
8/11

6 Accenture Research — Life Sciences Board of
Directors Generative AI readiness survey. N=36, top 40
biopharma companies by revenue. Fielded Oct 2023.
About the authors
Arjun Bedi is Senior Managing Director and is Chairman
of Accenture’s Diamond Client Leadership Council, a
portfolio, 300+ cross-industry strategic clients that
drive a significant part of Accenture’s global revenues.
He is a member of Accenture’s Global Management
Committee, and founding co-chair of Accenture’s
annual Life Sciences CEO Forum.
Fred Hassan is a Director with the private equity firm,
Warburg Pincus. Hassan’s public boards include
Precigen, Cocrystal Pharma, and BridgeBio. Fred
Hassan is the former Chairman of the Board and Chief
Executive Officer of Schering-Plough Corporation, and
before that, Chairman and Chief Executive Officer of
Pharmacia corporation.
Selen Karaca-Griffin is the Global Research Lead for
Accenture Products and Life Sciences, leading a team
of 30+ researchers globally. She is responsible for the
industry’s thought leadership agenda, including
scientific innovation, science and technology
convergence, digital health, market disruptions and
their impact on driving the future of industries.
The article ‘Bending Time’ in the Age of Generative AI: Is
Your Board Ready? originally published in the California



10/29/25, 8:49 PM
‘Bending Time’ in the Age of Gen AI | Byline | Accenture
https://www.accenture.com/us-en/insights/life-sciences/bending-time-age-generative-ai
9/11

Management Review on June 10, 2024.
Related insights
Reinvention in the age of generative AI

Generative AI for customer growth

AI for everyone

Let there be change
Preference Center
Careers
About Us
Contact Us
Locations
Sitemap



10/29/25, 8:49 PM
‘Bending Time’ in the Age of Gen AI | Byline | Accenture
https://www.accenture.com/us-en/insights/life-sciences/bending-time-age-generative-ai
10/11

© 2025 Accenture. All Rights Reserved.
Privacy Statement
Terms & Conditions
Cookie Policy/Settings
Accessibility Statement
Do Not Sell/Share My Personal
Information



10/29/25, 8:49 PM
‘Bending Time’ in the Age of Gen AI | Byline | Accenture
https://www.accenture.com/us-en/insights/life-sciences/bending-time-age-generative-ai
11/11
",yes,['ai'],"['ai', 'artificial intelligence']","['artificial intelligence', 'ai']",1,36,[],"NEWS ARTICLE
‘Bending time’ in
the age of
generative AI
Boards must overcome a gap in understanding
technology so they can unlock value at scale.
7-MINUTE READ
 JUNE 10, 2024
Originally published in the California Management
Review on June 10, 2024.
Technology is now ubiquitous across businesses and
increasingly the deciding factor between industry
leaders and laggards. Companies that effectively
internalize and harness intelligent technologies like
generative and predictive artificial intelligence, and
USA



10/29/25, 8:49 PM
‘Bending Time’ in the Age of Gen AI | Byline | Accenture
https://www.accenture.com/us-en/insights/life-sciences/bending-time-age-generative-ai
1/11

then transform their businesses at scale  are driving
industry-leading performance, as evidenced by growth
in enterprise value. In fact, these companies are
‘bending time’ by accelerating product development,
manufacturing, personalizing drugs for diseases previously considered
untreatable, and
helping with access to, and appropriate usage by patients.



10/29/25, 8:49 PM
‘Bending Time’ in the Age of Gen AI | Byline | Accenture
https://www.accenture.com/us-en/insights/life-sciences/bending-time-age-generative-ai
2/11

Even in such fields, technology-savvy board members
are few and far between. Only 8% of board members at
the world’s 20 largest life science companies are
technology experts, according to Accenture
Research.2 Similarly, just 8% of board members at the
world’s leading 40 life sciences companies have
completed planned generative AI training sessions or
engaged with outside experts. A mere 14% actively
leverage generative AI to transform their own
companies’ businesses.3 Taken together, these findings
suggest that technology-deficient boards can cause
companies to leave critical opportunities on the table.
Boards seek to build appropriate capabilities order to be able to provide expert
guidance on decisions that could profoundly affect a
company’s future.



10/29/25, 8:49 PM
‘Bending Time’ in the Age of Gen AI | Byline | Accenture
https://www.accenture.com/us-en/insights/life-sciences/bending-time-age-generative-ai
3/11

So how can companies effectively embed technology
expertise in their boards? Based on our decades of
experience as board members, CEOs, and advisors, as
well as in-depth interviews with formal technology committees of the board, and
who
continuously train and provide refreshers on technology
topics
01



10/29/25, 8:49 PM
‘Bending Time’ in the Age of Gen AI | Byline | Accenture
https://www.accenture.com/us-en/insights/life-sciences/bending-time-age-generative-ai
4/11

the company from risks, whether they be in cybersecurity or
the responsible use of technologies.
TECH EXPERT
20%
Deep Technology knowledge
coupled with real life
experience
TECH LITERATE
30% to the other members
of the board and to management, on the oversight of tech-
oriented decisions.



10/29/25, 8:49 PM
‘Bending Time’ in the Age of Gen AI | Byline | Accenture
https://www.accenture.com/us-en/insights/life-sciences/bending-time-age-generative-ai
5/11

Given the high demand for directors with both functional
expertise and experience in technology, we recommend
companies seek out three types of individuals who can
complement the experience, knowledge...","[(0, 910), (2011, 2971), (3155, 3619), (4633, 5113), (6191, 6663)]",36,3293,522,2004
9,achmea,Human Rights and Labour Rights Statement - 2025.pdf,"Human Rights  
and Labour Rights  
Statement
2025

Customer Due Diligence approach
Achmea has a responsibility to prevent financial crime, including money laundering 
and the funding of terrorism and criminal activities. These activities can have an adverse 
effect on the communities in which they occur. In order to prevent the risks of violation 
of sanctions laws, money laundering and terrorist financing, Achmea conducts a due 
diligence when entering into a business agreement or performing a transaction with a 
client. Our due diligence approach reflects international laws, regulations and industry 
standards. It is detailed in Achmea’s Integrity & Fraud Policy and Customer Due Diligence 
Policy which clearly outlines roles and responsibilities and governance structures in 
relation to combatting financial economic crime. The Customer Due Diligence Policy 
also includes principles on High-Risk Country exposure. Achmea has identified business 
reasons for not participating in transactions involving individuals and entities in certain 
specified countries. Achmea companies may not enter into new relationships with 
customers from these countries and have processes in place to discontinue any existing 
relationships or positions involving these countries. For more information also see our 
risk framework for managing integrity.
Protecting data and privacy of our customers
We strive to deliver an excellent customer experience. New technologies and digitalisation 
enable us to become more relevant in the lives of our customers, with personalised 
offerings, based on individual customer profiles. Apart from the benefits that these 
developments bring, customers want their personal information to be safe. Achmea 
respects, and is committed to protect, customer data. We have (IT-)security policies 
and measures in place to protect customer data. Achmea has a Privacy Policy that 
describes how we process and protect customer data in compliance with applicable 
data protection laws. Achmea’s public Privacy Statement can be found on our website.
We handle the data entrusted to us carefully and transparently. We aim to use data in 
an ethically-sound manner, so our customers can conduct their business safely and 
securely. Achmea has an Ethical Framework which describes the basic principles for 
the responsible use of artificial intelligence in core processes, such as acceptance policy, 
setting premiums, fraud policy and claims handling. The aim of this framework is to 
prevent any form of discrimination, exclusion and unfair treatment of our customers. 
The framework is not limited to artificial intelligence but applies to all modern, data-driven 
decision-making that affects customer trust. The framework is based on the Ethics 
guidelines for trustworthy AI of the High- Level Expert Group on Artificial Intelligence of 
the EU.
Responsible marketing practices
Achmea aims to provide responsible products and services, with accurate, complete 
and understandible information. Marketing communications shall also respect human 
dignity and not incite or condone any form of discrimination, including that based upon 
ethnic or national origin, religion, gender, age, disability or sexual orientation. Achmea 
conducts a periodic evaluation of products against its Product Approval and Review 
Process (PARP) policy. Products may not be marketed or distributed without careful 
assessment of the risks and careful assessment of other relevant aspects, including 
the duty of care to the customer. The PARP policy includes:
•	
Carrying out a risk assessment of products and services;
•	
Monitoring the social and environmental impact and risks of products and services;
•	
Ensure that each product contains information about possible risks. 
We also strive to be as accessible as possible in our marketing and communications. 
That means that: 
7 / 13
HUMAN RIGHTS AND LABOUR RIGHTS STATEMENT - 2025
",yes,[],"['ai', 'artificial intelligence']","['artificial intelligence', 'ai']",0,4,[],"...data in 
an ethically-sound manner, so our customers can conduct their business safely and 
securely. Achmea has an Ethical Framework which describes the basic principles for 
the responsible use of artificial intelligence in core processes, such as acceptance policy, 
setting premiums, fraud policy and claims handling. The aim of this framework is to 
prevent any form of discrimination, exclusion and unfair treatment of our customers. 
The framework is not limited to artificial intelligence but applies to all modern, data-driven 
decision-making that affects customer trust. The framework is based on the Ethics 
guidelines for trustworthy AI of the High- Level Expert Group on Artificial Intelligence of 
the EU.
Responsible marketing practices
Achmea aims to provide responsible products and services, with accurate, complete 
and understandible information. Marketing communications shall also respect human 
dignity and not...","[(2152, 3086)]",4,940,136,574
10,achmea,SFCR 2023 Achmea Group finaal v1.0.pdf,"
 
Risk Profile 
                                                                                                                             Achmea Solvency and Financial Condition Report 2023| 
69 
 
 
Tight labour market 
 
Explanation 
Tightness on the labour market can now be considered to be structural in 
nature. It has a direct and an indirect impact. The direct impact is the risk of 
Achmea being unable to attract and retain the talent required for 
innovation and business continuity. This could disrupt services and lead to 
Achmea incurring extra expenses. Use of external capacity can only partially 
absorb the impact. The indirect impact relates to the risk to services 
provided by other parties in the supply chain, such as a shortage of medical 
personnel or employees at contractors or repair workshops. 
Control measures 
Initiatives have been started within Achmea on various themes in response 
to these developments, including employability, employer brand, leadership 
and Strategic Workforce Management. Core elements of Strategic 
Workforce Management include stimulating internal employee mobility and 
focussing on upskilling and reskilling. Through further investments in the 
area of our building block ‘Expertise in data & digital’, the efficiency of 
business processes will be further improved, among other things with the 
aim of reducing the required deployment of both own personnel and 
indirect personnel in the chain. 
Artificial intelligence 
 
Explanation 
The developments in the field of artificial intelligence are comprehensive 
and manifesting themselves at a rapid pace.  
Achmea uses artificial intelligence in various business processes, including 
underwriting and claims handling. Risks in these business processes include 
decisions that are either incorrect or insufficiently transparent or 
explainable as well as incorrect handling of ethical issues. This can lead to a 
negative impact on Achmea’s results (e.g. fines or claims) as well as damage 
to its reputation. In addition, Achmea may be confronted with fraud in 
underwriting and claims reporting through the falsification of evidence and 
other forms of misinformation.  
There is also a risk that competitors will apply artificial intelligence in their 
business operations faster and more efficiently than Achmea, resulting in a 
loss of market share. 
A point of attention for Achmea is the timely identification of relevant 
developments and tightening of its systems and processes where necessary. 
Control measures 
The risks of artificial intelligence are actively managed on the basis of IT, 
Privacy, PARP and model management policies. Specific measures include 
guaranteeing human supervision of decisions taken with the aid of artificial 
intelligence and also establishing control measures on the underlying 
systems and models. In addition, an ethical framework has been established 
to test the use of applications. Active efforts are also being made to 
increase the level of knowledge about artificial intelligence and to monitor 
developments in this field. 
MARKET RISK 
 
Financial markets 
 
Explanation 
As a financial services provider, Achmea is significantly exposed to the 
financial markets, mainly because of its investment portfolio. Due to 
political and geopolitical instability, global economic developments and 
decisions by financial authorities, volatility can arise in the financial markets 
with consequences for the valuation of our investments and liabilities. 
After a sharp increase in 2022, market interest rates fell slightly in 2023, but 
are still at a higher level compared to previous years. Higher market interest 
rates are expected to have a positive effect on the long-term protection of 
policyholders. In the shorter term, interest costs on refinancing will 
increase, causing the Fixed Charge Coverage Ratio to deteriorate, with 
possible consequences for the rating. A period with (long-term) low interest 
rates remains possible.  
A specific point of attention is the risk of a decrease in the value of 
investments within our portfolio due to the energy transition. 
 
Control measures 
This risk is controlled by the risk management measures as described in 
section C.2. Market Risk. 
 
",yes,[],['artificial intelligence'],['artificial intelligence'],0,6,[],"...the efficiency of 
business processes will be further improved, among other things with the 
aim of reducing the required deployment of both own personnel and 
indirect personnel in the chain. 
Artificial intelligence 
 
Explanation 
The developments in the field of artificial intelligence are comprehensive 
and manifesting themselves at a rapid pace.  
Achmea uses artificial intelligence in various business processes, including 
underwriting and claims handling. Risks in these business processes include 
decisions that are either incorrect or insufficiently transparent or 
explainable as well as incorrect Achmea may be confronted with fraud in 
underwriting and claims reporting through the falsification of evidence and 
other forms of misinformation.  
There is also a risk that competitors will apply artificial intelligence in their 
business operations faster and more efficiently than Achmea, resulting in a 
loss of market share. 
A point of attention for Achmea is the timely identification of relevant 
developments and tightening of its systems and processes where necessary. 
Control measures 
The risks of artificial intelligence are actively managed on the basis of IT, 
Privacy, PARP and model management policies. Specific measures include 
guaranteeing human supervision of decisions taken with the aid of artificial 
intelligence systems and models. In addition, an ethical framework has been established 
to test the use of applications. Active efforts are also being made to 
increase the level of knowledge about artificial intelligence and to monitor 
developments in this field. 
MARKET RISK 
 
Financial markets 
 
Explanation 
As a financial services provider, Achmea is significantly exposed to the 
financial markets, mainly because of its...","[(1268, 1881), (2040, 2781), (2840, 3258)]",6,1780,251,606
11,aegon,Aegon employs 'big data’ to streamline claims handling _ Aegon Group Corporate Website _ Aegon.pdf,"Aegon
employs 'big
data’ to
streamline
claims
handling
December 20, 2016, 17:00
CET •
3
minutes
All News
Contact
Media relations
Investor relations

Aegon Hungary is taking a big
leap forward in operational
efficiency and customer service
by automating 40% of claims
handling in its non-life business.
[node:field_featured_media:entity:field_media_image]
Man and women reviewing a car
accident
​
Identifying trends from millions of
data points, commonly referred to
as big data, is opening up big
opportunities for Aegon, and has


Aegon Global

(/)
Search

been identified as a key area in
which the company can support its
strategy.
In Aegon Hungary, a higher level of
automation has been made
possible as the result of a new
algorithm. It works by analyzing the
detailed history of client behavior
logged by the company's database
for household insurance.
Using a proprietary model
developed three years ago, the
data mining team at Aegon
Hungary determined that around
90% of its policyholders were
'reliable', meaning that they never
submit a claim, or their claims are
always error-free.
Automated claims
settlement
Based on this knowledge, in co-
operation with customer
relationship management (CRM),
claims and product development
teams, Data Miners developed a
model which made it possible to
increase automated claims
settlement from 20% to 40%.
(/)

The previous level of automated
claims settlement (20%) was
based on segments. The
advantage of the new method is
that it analyses customer behavior
at contract level.
""Concretely, this means we will no
longer send an assessor to
investigate the claim further, but
only focus on the payout,"" explains
Dániel Szabó, head of the data
mining team and a member of the
Aegon Analytical Academy.
Less administration
for customers
For most people, preparing and
submitting a claim to an insurance
company is an extra administrative
burden in their already busy lives.
By doubling the amount of claims
that can be processed
automatically, customer
satisfaction is expected to soar.
""It's going to be a great customer
experience,"" says Dániel. ""It means
customers won't have to wait for
an assessor anymore, don't have
to negotiate anything, and don't
have to wait for their money.""
(/)

Reduced risk, lower
premiums
Increased automation will also
benefit shareholders. Non-life
insurance accounts for 60-63% of
Aegon Hungary's profits. Greater
automation in claims handling
lowers the company's claims ratio,
an important indicator of
profitability for an insurance
company. (The claims ratio is the
percentage of claims incurred of
total premium income.) And lower
claims also lead to lower
premiums for all customers.
Not all the claims of low-risk
customers can be automated,
however. Assessors will still get
involved, depending on certain
factors, such as the type of house
a policyholder lives in, the type of
claim they are making, and how
high the claim is.
Predicting claims
The team took the project a step
further by developing an algorithm
that can predict whether a new
customer will make a claim or
(/)

About us
(/about)
Our company
(/about/our-
company)
Our strategy
(/about/strategy)
Investors
(/investors)
Annual reports
(/investors/annual-
reports/archive)
Financial results
(/investors/results)
Media
(/newsroom)
All news
(/newsroom/news/overview)
Media relations
(/newsroom/contact-media-
relations)
cancel their policy within the first
six months of purchasing a non-life
policy.
The first six months are a key
indicator: claims submitted after
this period are generally
considered low risk. As a result,
these can also be processed
automatically, leading to quicker
claim handling, and happier
customers.
The model can be used for making
the procedure of underwriting
simpler and more accurate. The
application of this model is
currently under discussion with
other relevant departments within
the company.
(/)

Our purpose
(/about/our-
purpose)
Contact Aegon
(/about/contact-
us)
Presentations
(/investors/presentations)
Investor information
(/investors/investor-
information)
Media kit
(/newsroom/media-kit)
Press release subscription
(/newsroom/press-release-
subscription)
Sustainability
(/sustainability)
Our approach
(/sustainability/our-
approach)
Our priorities
(/sustainability/our-
priorities)
Business conduct
(/sustainability/business-
conduct)
Careers
(/careers)
Search vacancies
(/careers/vacancies)
Why Aegon
(/careers/why-
aegon)
Career development
(/careers/career-
development)
(/)

(https://www
Privacy statement (/privacy)
Cookie statement (/cookies)
Accessibility (/accessibility)
Disclaimer (/disclaimer)
Aegon
©2025
(/)
",no,[],[],[],0,0,[],,[],0,0,0,688
12,aegon,AI and aging workforces_ transforming the workplace landscape _ Aegon Group Corporate Website _ Aegon.pdf,"AI and aging
workforces:
transforming
the workplace
landscape
May 01, 2025, 9:07 CEST • 2 minutes
All News
Global workplaces are
experiencing major changes due
to factors like advancements in
artificial intelligence (AI) and
robotics, and the impact of
demographic shifts in the
workforce. 
As part of our purpose of Helping
people live their best lives, we aim
to provide our customers with the
tools they need to remain agile and
equipped to navigate future
events. Understanding the
challenges and opportunities
faced by the individuals and
businesses that we support is,
therefore, key. A new report
Contact
Media relations
Investor relations



Aegon Global

(/)
Search

(https://www.transamericainstitute.org/research/publications/
frontiers-employers-and-the-
evolving-workforce-survey-report-
2025) entitled New Frontiers:
Employers and the Evolving
Workforce, by non-profit the
Transamerica Institute and its
Transamerica Center for
Retirement Studies (TCRS),
provides insights about the
evolving dynamics and impacts of
AI and a multigenerational
workforce.
Embracing AI and
robotics
AI and robotics are redefining
industries, reshaping job roles, and
boosting productivity. The report
reveals that nearly 75% of
employers are already integrating
or plan to incorporate these
technologies to drive innovation
and efficiency. However, this
evolution also presents
challenges, as nearly 50% of
employers acknowledged that
their employees had concerns
about AI's impact on job security. 
“Employers’ visions for integrating
these technologies have not fully
translated into action plans for
(/)

their workforce. But the message
for workers is clear: Do your best
to keep pace with changes that
could affect your employability
and identify alternative pathways,
if needed,” said Catherine
Collinson, CEO and president of
Transamerica Institute and TCRS.
While 85% of employers feel
responsible for helping their
employees keep their job skills up
to date, less than 50% cite talent
development as a top workforce
management priority. This means
people need to take responsibility
for their own development to
remain adaptable in this changing
environment. 
Navigating a
multigenerational
workforce
The aging workforce represents
another critical transformation in
today’s workplace. Workers aged
65 and older are projected to
become the fastest-growing
segment from 2023 to 2033, yet
only 26% of employers with job
openings last year gave significant
consideration to applicants aged
50 and above. 
(/)

“Amid current labor shortages,
employers may be overlooking an
opportunity to expand their talent
pool to include older workers. We
currently have four to five
generations in the workforce,
bringing a powerhouse of diversity
in skills, expertise, and
perspectives,” added Collinson. 
Moving forward
together
While the nature of both workplace
and workforces is changing rapidly,
the report emphasizes that, no
matter how advanced technology
is becoming, workers of all ages
remain an essential resource that
employers need to survive and
thrive.
“Without doubt, in today’s dynamic
environment, both employers and
workers must adapt accordingly.
The future of work depends on
everyone’s contributions,” she
concludes.
(/)

About us
(/about)
Our company
(/about/our-
company)
Our strategy
(/about/strategy)
Our purpose
(/about/our-
purpose)
Contact Aegon
(/about/contact-
us)
Investors
(/investors)
Annual reports
(/investors/annual-
reports/archive)
Financial results
(/investors/results)
Presentations
(/investors/presentations)
Investor information
(/investors/investor-
information)
Media
(/newsroom)
All news
(/newsroom/news/overview)
Media relations
(/newsroom/contact-media-
relations)
Media kit
(/newsroom/media-kit)
Press release subscription
(/newsroom/press-release-
subscription)
Sustainability
(/sustainability)
Our approach
(/sustainability/our-
approach)
Our priorities
(/sustainability/our-
priorities)
Business conduct
(/sustainability/business-
conduct)
Careers
(/careers)
Search vacancies
(/careers/vacancies)
Why Aegon
(/careers/why-
aegon)
Career development
(/careers/career-
development)
(/)

(https://www
Privacy statement (/privacy)
Cookie statement (/cookies)
Aegon
©2025
(/)

Accessibility (/accessibility)
Disclaimer (/disclaimer)
(/)
",yes,['ai'],"['ai', 'artificial intelligence']","['artificial intelligence', 'ai']",1,7,[],"AI and aging
workforces:
transforming
the workplace
landscape
May 01, 2025, 9:07 CEST • 2 minutes
All News
Global workplaces are
experiencing major changes due
to factors like advancements in
artificial intelligence (AI) and
robotics, and the impact of
demographic shifts in the
workforce. 
As part of our purpose of Helping
people live their best lives, we aim
to provide our customers with entitled New Frontiers:
Employers and the Evolving
Workforce, by non-profit the
Transamerica Institute and its
Transamerica Center for
Retirement Studies (TCRS),
provides insights about the
evolving dynamics and impacts of
AI and a multigenerational
workforce.
Embracing AI and
robotics
AI and robotics are redefining
industries, reshaping job roles, and
boosting productivity. The report
reveals that nearly 75% of
employers are already integrating
or plan to incorporate these
technologies to drive innovation
and efficiency. However, this
evolution also presents
challenges, as nearly 50% of
employers acknowledged that
their employees had concerns
about AI's impact on job security. 
“Employers’ visions for integrating
these technologies have not fully
translated into action plans for
(/)

their workforce. But the message
for workers is clear: Do your...","[(0, 391), (811, 1669)]",7,1253,186,588
13,aegon,Artificial Intelligence helps Aegon get smarter on claims _ Aegon Group Corporate Website _ Aegon.pdf,"Artificial
Intelligence
helps Aegon
get smarter on
claims
April 06, 2017, 1:00 CEST • 3 minutes
All News
False insurance claims – which
account for as much as 10% of
all European payouts – have a
negative effect for genuine
consumers. But recent
advances in artificial
intelligence are delivering
promising results for customers.
[node:field_featured_media:entity:field_media_image]
In what is believed to be an
industry first, data experts at
Dutch insurer Aegon have
developed a computer algorithm
capable of quickly identifying
suspicious claims. The tool,
already tested at several of
Aegon's divisions in the
Contact
Media relations
Investor relations



Aegon Global

(/)
Search

Netherlands, complements
traditional methods, making them
faster, more efficient, and more
effective at paying out genuine
claims.
""It's a win-win for both Aegon and
our customers,"" says Olaf van
Haver, Senior Data Analyst at
Aegon's Center of Excellence for
Digital. ""Genuine claims will be
identified and paid out directly, and
Aegon's exposure to fraud is
reduced.""
So, how does it work and what are
the 'red flags' Aegon is looking for?
""With our smart algorithm we look
for anomalies in data sources,"" he
explains.
Human escalation
The goal, says Olaf, is to detect
""strange behavior among the
entire volume of claims we receive,
such as previously rejected claims,
claims made immediately after a
policy was purchased, or claims
made from addresses which don't
exist."" Every claim is given a 0 and
100 score based on an 'anomaly
(/)

index'. The most irregular are
shared with claims handlers for
follow-up.
So, instead of profiling individual
customers, the algorithm checks
claim history, exchanges
information with competitors, and
cooperates with law enforcement
agencies.
Identifying false claims is a fine
art. That's why Aegon continues to
rely on its investigations team to
analyze cases highlighted by
artificial intelligence, and provide
regular feedback on the
algorithm's accuracy.
Speeding up
payment
""The information from our fraud-
detection system is important to
help our team prioritize work, and
ensure that genuine claims are
paid without delay,"" says van
Haver. ""We get daily feedback on
which cases identified by the
algorithm are worthy of further
investigation."" Aegon's digital
experts can continually fine-tune
the algorithm, so that it gets more
intelligent. The team also looks for
(/)

new data sources both within and
outside of the company, to verify
the accuracy of a claim.
Van Haver says that human
intervention remains crucial to
identify which claims are
intentionally false, exaggerated, or
the result of an honest mistake by
the customer.
Spotting accidental
mistakes
""Some claims can look strange to
the algorithm and indeed they are
strange when we look at them. But
after checking with the customer
and examining the evidence, it
becomes clear that the claim is
not deliberately fraudulent,"" van
Haver points out.
And when there are 'gray areas',
Aegon will get in touch with the
customer and work out a solution.
""Our aim is always to serve our
customers who have a valid claim,""
says van Haver.
Following the trial of artificial
intelligence, Aegon intends to
introduce the method to other
product lines and other Aegon
businesses around the world.
(/)

""Our system is an innovative tool in
the insurance industry: we have
already achieved a lot, and there
are many things we can still do to
develop it further,"" says van Haver.
Expansion
""Rolling out the use of artificial
intelligence brings challenges in
terms of systems integration and
data availability. But, based on our
experience in the Netherlands, we
are sure we can apply the
technology to more of our
products other markets we
operate in.""
Aegon, and its customers, will see
benefits as artificial intelligence
continues to help win the battle
against false claims. ""If we lower
the amount that we incorrectly pay
for false or exaggerated claims,
that helps everybody,"" says van
Haver.
(/)

About us
(/about)
Our company
(/about/our-
company)
Our strategy
(/about/strategy)
Our purpose
(/about/our-
purpose)
Contact Aegon
(/about/contact-
us)
Investors
(/investors)
Annual reports
(/investors/annual-
reports/archive)
Financial results
(/investors/results)
Presentations
(/investors/presentations)
Investor information
(/investors/investor-
information)
Media
(/newsroom)
All news
(/newsroom/news/overview)
Media relations
(/newsroom/contact-media-
relations)
Media kit
(/newsroom/media-kit)
Press release subscription
(/newsroom/press-release-
subscription)
Sustainability
(/sustainability)
Our approach
(/sustainability/our-
approach)
Our priorities
(/sustainability/our-
priorities)
Business conduct
(/sustainability/business-
conduct)
Careers
(/careers)
Search vacancies
(/careers/vacancies)
Why Aegon
(/careers/why-
aegon)
Career development
(/careers/career-
development)
(/)

(https://www
Privacy statement (/privacy)
Cookie statement (/cookies)
Aegon
©2025
(/)

Accessibility (/accessibility)
Disclaimer (/disclaimer)
(/)
",yes,['artificial intelligence'],['artificial intelligence'],['artificial intelligence'],1,2,[],"...with competitors, and
cooperates with law enforcement
agencies.
Identifying false claims is a fine
art. That's why Aegon continues to
rely on its investigations team to
analyze cases highlighted by
artificial intelligence, and provide
regular feedback on the
algorithm's accuracy.
Speeding up
payment
""The information from our fraud-
detection system is important to
help our team prioritize work, and
ensure that experience in the Netherlands, we
are sure we can apply the
technology to more of our
products other markets we
operate in.""
Aegon, and its customers, will see
benefits as artificial intelligence
continues to help win the battle
against false claims. ""If we lower
the amount that we incorrectly pay
for false or exaggerated claims,
that helps everybody,"" says van
Haver....","[(1709, 2122), (3617, 3987)]",2,790,124,752
14,alliander,Open research areas and publications - Alliander.pdf,"Open research: research areas and publications
Alliander is committed to the development of high-quality new solutions in the
areas of energy grids, energy technology and digitalisation. That’s why we carry
out research in these areas, together with knowledge institutions and partners.
We publish this in the form of open research, as we believe it is important that
everyone has access to these research results.
These are our most recent publications:
Artificial intelligence  
A Review of Fairness Conceptualizations in Electrical Distribution Grid Congestion
Management
Adapting to limited grid capacity: Perceptions of injustice emerging from grid
congestion in the Netherlands
Vacancies
273

Robotics
Quantum technologies
An overview of our publications and open source code in the area of quantum
technologies can be found on this page. 
More publications
More of our previous publications can be found on Research Gate: click here 
Acquiring better load estimates by combining anomaly and change point detection
in power grid time-series measurements
Preventing congestion management by modelling cable temperatures: a real-world
case
Graph Isomorphic Networks for Assessing Reliability of the Medium-Voltage Grid
Forecasting Partial Discharges of Cable Joints using Weather data
Creating Bottom Up Load Profiles Using Disaggregation, Clustering and
Supervised Machine Learning on Large Smart Meter Dataset
Near real-time predictions of renewable electricity production at substation level
via domain adaptation zero-shot learning in sequence
Every Ray Counts! 
Cutting blade, computer vision and control system
Using computer vision for monitoring the peeling process of semiconducting
insulation shield of medium voltage cables
Artificial intelligence
Artificial intelligence has now become part of our lives and scientific developments in this
field are moving at a rapid pace. Alliander works together regularly with knowledge
institutions. For example, we have set up the AI for energy grid Lab – part of the
Innovation Center for Artificial Intelligence (ICAI) – within which we have entered into a
long-term partnership with Delft University of Technology, the University of Twente,
Radboud University, HAN University of Applied Sciences and the Eindhoven University of
Vacancies
273

Technology. Nine PhD students, under the guidance of internal AI experts at Alliander, are
working on relevant research questions and use cases originating from Alliander. The
results of this research open up all kinds of new possibilities for various chains and
organisational units.
Vacancies
273

Robotics
Research within robotics is focusing on the application of robotics to support physical
work. This research can be divided up into ‘robotics for construction’, ‘robotics for
maintenance’ and ‘robotics for safety’. Examples of ‘robotics for construction’ are
automatic excavation machines, a cable stripper for medium-voltage cables or 3D scans
of a building site. ‘Robotics for maintenance’ includes, for example, automatic substation
inspections, gas-leak tracing and the automatic cleaning of an insulator – on a high-
voltage pylon. Within the area of ‘robotics for safety’ the principle guiding our research is:
Vacancies
273

“Every engineer has a robot for work on live installations and is therefore no longer
exposed to risk”.
Vacancies
273

Vacancies
273

Vacancies
273

Home
Investors
News
Contact
Werken bij Alliander
Vacancies
273

Privacy statement
Disclaimer
CVD
Cookies
Change cookie preferences
Copyright © 2025 Alliander
",yes,[],"['ai', 'artificial intelligence', 'computer vision', 'machine learning', 'robot']","['machine learning', 'ai', 'robot', 'artificial intelligence', 'computer vision']",0,10,[],"...partners.
We publish this in the form of open research, as we believe it is important that
everyone has access to these research results.
These are our most recent publications:
Artificial intelligence  
A Review of Fairness Conceptualizations in Electrical Distribution Grid Congestion
Management
Adapting to limited grid capacity: Perceptions of injustice emerging from grid
congestion in the Netherlands
Vacancies
273

Robotics case
Graph Isomorphic Networks for Assessing Reliability of the Medium-Voltage Grid
Forecasting Partial Discharges of Cable Joints using Weather data
Creating Bottom Up Load Profiles Using Disaggregation, Clustering and
Supervised Machine Learning on Large Smart Meter Dataset
Near real-time predictions of renewable electricity production at substation level
via domain adaptation zero-shot learning in sequence
Every Ray Counts! 
Cutting blade, computer vision and control system
Using computer vision for monitoring the peeling process of semiconducting
insulation shield of medium voltage cables
Artificial intelligence
Artificial intelligence has now become part of our lives and scientific developments in this
field are moving at a rapid pace. Alliander works together regularly with knowledge
institutions. For example, we have set up the AI for energy grid Lab – part of the
Innovation Center for Artificial Intelligence (ICAI) – within which we have entered into a
long-term partnership with Delft University of Technology, the University of Twente,
Radboud University, HAN University of Applied Sciences and the Eindhoven University of
Vacancies
273

Technology. Nine PhD students, under the guidance of internal AI experts at Alliander, are
working on relevant research questions and use cases originating from Alliander. The
results of this research open up all kinds of new possibilities for various chains automatic cleaning of an insulator – on a high-
voltage pylon. Within the area of ‘robotics for safety’ the principle guiding our research is:
Vacancies
273

“Every engineer has a robot for work on live installations and is therefore no longer
exposed to risk”.
Vacancies
273

Vacancies
273

Vacancies
273

Home
Investors
News
Contact
Werken bij Alliander
Vacancies
273

Privacy statement...","[(277, 707), (1139, 2559), (3083, 3471)]",10,2246,328,518
15,bol com,Bol lanceert Cadeauhulp_ AI-tool helpt klanten makkelijker het juiste cadeau te vinden - Over bol.com.pdf,"Bol lanceert deze week de Cadeauhulp, een nieuwe AI-functie in de bol-app
die klanten helpt sneller passende geschenken te vinden. De tool geeft op
Algemeen bol
28 november 2025
Leestijd: 2m
Bol lanceert Cadeauhulp: AI-tool helpt
klanten makkelijker het juiste cadeau te
vinden
Nieuwe functie in de bol-app geeft persoonlijke
suggesties op basis van een paar simpele vragen
Vragen over dit bericht?
Neem contact met mij op

basis van een paar vragen direct relevante suggesties en biedt daarmee
hulp aan iedereen die op zoek is naar het ideale cadeau.
De feestdagen zijn een periode waarin we graag iets geven dat echt past bij de ander,
maar het kiezen van het juiste geschenk blijkt voor veel mensen verrassend lastig. Uit
kwalitatief onderzoek onder klanten van bol blijkt dat veel van hen moeite hebben met
het vinden van het juiste cadeau: wat als je wel iets speciaals wilt geven, maar even
geen inspiratie hebt? Hoe geef je iemand die alles al lijkt te hebben een cadeau dat er
echt toe doet? En hoe maak je uit alle mogelijkheden de keuze die echt bij die persoon
past? Daarom ondersteunt bol klanten dit seizoen met de Cadeauhulp, een AI-tool die
hen gericht helpt bij het kiezen van een passend geschenk.
Hoe het werkt
Omschrijf wie je wilt verrassen, waar diegene van houdt en wat het budget is. De
Cadeauhulp begeleidt verder met gerichte vragen als: welke hobby’s of interesses
heeft de ontvanger? Wat is jullie relatie? Waar nodig geeft de bot slimme keuze-opties
die de cadeauzoeker verder op weg helpt. Is het voor een geliefde, vriend of familielid?
Diegene houdt van koken, zoek je iets voor een feestelijk diner of meer voor
doordeweekse inspiratie? Hoe meer er wordt verteld, hoe beter de Cadeauhulp kan
helpen. Klanten kunnen de gegeven suggesties op de wensenlijst zetten of direct
bestellen en afrekenen in de app. Of het nou gaat om Sinterklaas, Kerst, een verjaardag
of jubileum: de Cadeauhulp vindt een passend geschenk voor iedereen en voor elk
budget. Zo maakt bol geven niet alleen sneller en eenvoudiger, maar vooral ook
persoonlijk en betekenisvol.
Innovatie in cadeau inspiratie
Fiona Vanderbroeck, director Consumer & Marketing bij bol, legt uit: “Met de
Cadeauhulp zetten we een mooie stap richting persoonlijker shoppen. De tool begrijpt
wat iemand zoekt en vertaalt dat razendsnel naar relevante aanbevelingen. En dit is pas
het begin: we zien dat klanten steeds meer behoefte hebben aan slimme oplossingen
die het online winkelen persoonlijker en makkelijker maken. Dankzij onze
productkennis, miljoenen reviews en een breed assortiment kunnen we AI op een
waardevolle manier inzetten door de hele winkelreis heen.""

De Cadeauhulp is ontwikkeld in samenwerking met DEPT® en wordt continu
geoptimaliseerd op basis van gebruikersfeedback.
De Cadeauhulp is vanaf nu voor iedereen beschikbaar in de bol-app.
Nog meer nieuws 
genoeg te vertellen
bol general
New feature in the bol app offers personal suggestions based on just a...
Bol launches Gift Helper: AI tool makes it easier for customers to
find the right gift
Algemeen bol

Privacy
Cookies
© 1999 - 2025
Maite Zubiaurre nieuwe CEO van bol
",yes,['ai'],['ai'],['ai'],1,5,[],"Bol lanceert deze week de Cadeauhulp, een nieuwe AI-functie in de bol-app
die klanten helpt sneller passende geschenken te vinden. De tool geeft op
Algemeen bol
28 november 2025
Leestijd: 2m
Bol lanceert Cadeauhulp: AI-tool helpt
klanten makkelijker het juiste cadeau te
vinden
Nieuwe functie in de bol-app geeft persoonlijke
suggesties op basis van een paar simpele vragen
Vragen over dit bericht?
Neem contact met dat er
echt toe doet? En hoe maak je uit alle mogelijkheden de keuze die echt bij die persoon
past? Daarom ondersteunt bol klanten dit seizoen met de Cadeauhulp, een AI-tool die
hen gericht helpt bij het kiezen van een passend geschenk.
Hoe het werkt
Omschrijf wie je wilt verrassen, waar diegene van houdt en wat het budget is. De
Cadeauhulp we zien dat klanten steeds meer behoefte hebben aan slimme oplossingen
die het online winkelen persoonlijker en makkelijker maken. Dankzij onze
productkennis, miljoenen reviews en een breed assortiment kunnen we AI op een
waardevolle manier inzetten door de hele winkelreis heen.""

De Cadeauhulp is ontwikkeld in samenwerking met DEPT® en wordt continu
geoptimaliseerd op basis van gebruikersfeedback.
De Cadeauhulp is vanaf iedereen beschikbaar in de bol-app.
Nog meer nieuws 
genoeg te vertellen
bol general
New feature in the bol app offers personal suggestions based on just a...
Bol launches Gift Helper: AI tool makes it easier for customers to
find the right gift
Algemeen bol

Privacy
Cookies
© 1999 - 2025
Maite Zubiaurre nieuwe CEO van bol...","[(0, 415), (978, 1320), (2372, 2796), (2805, 3129)]",5,1511,247,514
16,booking com,Booking.com Releases The Global AI Sentiment Report.pdf,"Booking.com Releases The Global AI
Sentiment Report
Latest Booking.com research report reveals excitement, hesitation, and regional contrasts
shaping consumer attitudes towards Artificial Intelligence (AI)
July 23, 2025
91% of global respondents say they are excited about AI and 79% are familiar with
the technology, though levels vary across regions.
Despite widespread enthusiasm, only 6% fully trust AI and the majority (91%) have at
least one concern about its implications.  
Only 12% of consumers are comfortable with AI making decisions independently,
highlighting a clear boundary when it comes to fully handing over control to
automation.




89% of consumers want to use AI in future travel planning, with AI assistants (24%)
now considered a more trusted source than travel bloggers (19%) or social media
influencers (14%).
AMSTERDAM, 23 JULY 2025 – Today, Booking.com released The Global AI Sentiment Report,
drawing on insights from over 37,000 consumers across 33 markets to explore how people are
using, trusting, and responding to AI in everyday life and travel. As both the public and private
sectors accelerate investments in AI, Booking.com, a leading digital travel platform that has
integrated AI into its services for over a decade, is committed to shaping the future of travel
technology in line with evolving consumer attitudes. 
With excitement around AI at a peak and innovation increasing at rapid pace, Booking.com is
harnessing this momentum to redefine how people search for, book, and experience travel,
advancing its mission to make it easier for everyone to experience the world. The report reveals a
nuanced picture: 91% of consumers express excitement about AI, 79% are familiar with the
technology, and 89% want to use AI in their future travel plans. Yet, there are significant regional
differences: while some embrace AI’s potential, others approach it with caution, underscoring the
need for responsible implementation that balances opportunity with consumer trust. These new
insights and perspectives will help shape the next chapter of AI in travel and beyond.


Sentiment Breakdown 
Booking.com’s new research identified clear cohorts among global consumers, reflecting diverse
AI sentiment: over one-third (36%) identify as AI Enthusiasts, intrigued by AI’s potential, while
13% are AI Advocates, actively championing its benefits and responsible adoption. This
enthusiasm is grounded in the belief that AI will make life easier (69%), save time and effort (51%),
enhance productivity (40%), and expand learning opportunities (48%).
However, this excitement coexists with significant caution. While 91% express enthusiasm for AI,
an equal proportion report at least one concern about its broader implications. Approximately
13% classify themselves as AI Cautious, wary of AI’s development or use, and 9% as AI Skeptics.
Notably, one in four respondents (25%) identify as AI Detractors , signaling a meaningful
segment resistant to AI adoption.

Mapping the AI Mindset: Regional Variations
Significant regional differences emerge in consumer attitudes toward AI. Latin America (LATAM)
leads globally in enthusiasm and familiarity, with 98% of respondents excited about AI and 89%
understanding how it works. The Asia Pacific (APAC) region follows closely, showing the highest
willingness to integrate AI into daily life-41% use AI for education and the same share for
transport.
 
LATAM
APAC
EME
NORAM
Respondents who feel excited by AI and its
opportunities
98%
95%
86%
81%

North America (NORAM) and Europe & Middle East (EME), on the other hand, emerge as skeptical
strongholds, approaching AI with more caution and distrust. Globally, while 77% have at least
some trust in AI, nearly a quarter (23%) rarely or never trust information generated by it- with
distrust highest in these two regions (32% in NORAM and 29% in EME). Consumers here are also
more likely to fact-check AI outputs, highlighting a broader demand for transparency and
reassurance as adoption grows.
Respondents who are familiar with AI and
how it works
89%
82%
74%
74%
 
NORAM
EME
APAC
LATAM
Respondents who feel distrust towards
information generated by AI
32%
29%
16%
15%

Assistance Over Autonomy
AI has become deeply integrated into daily life, with 98% using AI-powered search, 86% using
streaming recommendations, and 77% engaging with generative AI tools. Yet, the lack of a human
touch generates doubts with 35% finding AI impersonal, and the majority double-checking AI
outputs even when they trust the technology: 42% always fact-check, and 29% do so sometimes.
Only 6% of consumers fully trust AI.
This hesitation creates a clear boundary: most people are not ready to cede full decision-making
to AI. Just 12% feel comfortable with AI making decisions independently, while 25% remain
unsure, and 10% feel very uncomfortable, refusing to trust AI without human approval. The
greatest opportunity lies in positioning AI as a supportive tool that enhances, rather than replaces,
human judgment.


AI’s Advancing Role in Travel
AI is rapidly becoming a core part of the travel experience, with 65% of consumers expecting
autonomous trip planning to go mainstream in the near future. Two in three (67%) have already
used AI in some aspect of travel, and of those, nearly all have turned to it for planning or booking
(98%) or while already on a trip (96%). This reflects both the growing reliance on AI-powered tools
and travelers’ openness to technology that enhances their journeys.
When planning a trip, travelers most often use AI to research destinations and the best time to
visit (38%), find local experiences or cultural activities (37%), and get restaurant recommendations
(36%). Notably, today, AI assistants are emerging as a more trusted source for planning travel
(24%) than colleagues (19%) or influencers (14%).
Once in-trip, AI tools are most commonly used for translation capabilities (45%), in-destination
activity suggestions (44%), restaurant recommendations (40%), and navigating unfamiliar
locations or transport systems (40%). After returning home, the top AI use case is photo editing,
cited by 38% of respondents.
Beyond making travel easier and more efficient, a benefit 66% of travelers recognize, there is also
a strong desire for AI to serve as a force for good. The majority (71%) appreciate AI-generated
recommendations that help them avoid overcrowded destinations or peak travel times. Travelers
are increasingly mindful of community impact, with 60% wanting AI to highlight experiences that
positively benefit the local places they visit.
“Generative AI represents one of the most significant technological shifts of our era, fundamentally
reshaping how consumers engage with the world around them. As this technology matures, it’s not
only transforming how companies like ours anticipate and meet evolving customer needs, it’s also
raising the bar for what travelers expect from every interaction,” says James Waters, Chief Business
Officer at Booking.com. 
“The opportunity ahead is tremendous. At Booking.com, we’ve long been at the forefront of AI
innovation, integrating advanced machine learning to enhance the customer journey at every
touchpoint. But as we enter this next phase, our responsibility goes beyond technology. Building
trust, ensuring transparency, and prioritizing safety are critical as we guide travelers, and our
industry, into the future.”
Booking.com's The Global AI Sentiment Report can be accessed 
.
Methodology:
This global quantitative research study was conducted via an online questionnaire between April
here

and May 2025, gathering responses from 37,325 people across 33 markets. Argentina: 1012,
Australia: 1013, Austria: 500, Belgium: 1000, Brazil: 2006, Canada: 1007, China: 2018, Colombia:
1023, Croatia: 509, Denmark: 508, France: 2031, Germany: 2033, Hong Kong: 1006, India: 2004,
Ireland: 504, Israel: 505, Italy: 1000, Japan: 1029, Mexico: 2014, Netherlands: 1008, New Zealand:
1015, Portugal: 1013, Singapore: 1002, South Korea: 1006, Spain: 1006, Sweden: 502, Switzerland:
501, Taiwan: 1022, Thailand: 1002, UAE: 513, UK: 2005, USA: 2004, Vietnam: 1004. As a leading
digital travel platform exploring the role of AI, Booking.com conducted this study to better
understand how people around the world are using, trusting, and responding to AI in both everyday
life and travel.
Press
Downloads
Contact us
Share this page
Booking.com Releases The Global AI Sentiment Report
Booking.com

Booking.com_The Global AI Sentiment Report 2025_Final 24.07
Booking.com Media Relations
mediarelations@booking.com

For more information on permissions to use photos and imagery, please contact
before using on your own platform.
mediarelations@booking.com








Quick Links
Home
Fast Facts
Media Library
Leadership
Contact




Copyright © 1996–2025 Booking.com B.V. All rights reserved.
",yes,['ai'],"['ai', 'artificial intelligence', 'machine learning']","['booking.com', 'machine learning', 'artificial intelligence', 'ai']",1,68,['booking.com'],"Booking.com Releases The Global AI
Sentiment Report
Latest Booking.com research report reveals excitement, hesitation, and regional contrasts
shaping consumer attitudes towards Artificial Intelligence (AI)
July 23, 2025
91% of global respondents say they are excited about AI and 79% are familiar with
the technology, though levels vary across regions.
Despite widespread enthusiasm, only 6% fully trust AI and the majority (91%) have at
least one concern about its implications.  
Only 12% of consumers are comfortable with AI making decisions independently,
highlighting a clear boundary when it comes to fully handing over control to
automation.




89% of consumers want to use AI in future travel planning, with AI assistants (24%)
now considered a more trusted source than travel bloggers (19%) or social media
influencers (14%).
AMSTERDAM, 23 JULY 2025 – Today, Booking.com released The Global AI Sentiment Report,
drawing on insights from over 37,000 consumers across 33 markets to explore how people are
using, trusting, and responding to AI in everyday life and travel. As both the public and private
sectors accelerate investments in AI, Booking.com, a leading digital travel platform that has
integrated AI into its services for over a decade, is committed to shaping the future of travel
technology in line with evolving consumer attitudes. 
With excitement around AI at a peak and innovation increasing at rapid pace, Booking.com is
harnessing this momentum to redefine how people search for, book, and experience travel,
advancing its mission to make it easier for everyone to experience the world. The report reveals a
nuanced picture: 91% of consumers express excitement about AI, 79% are familiar with the
technology, and 89% want to use AI in their future travel plans. Yet, there are significant regional
differences: while some embrace AI’s potential, others approach it with caution, underscoring the
need for responsible implementation that balances opportunity with consumer trust. These new
insights and perspectives will help shape the next chapter of AI in travel and beyond.


Sentiment Breakdown 
Booking.com’s new research identified clear cohorts among global consumers, reflecting diverse
AI sentiment: over one-third (36%) identify as AI Enthusiasts, intrigued by AI’s potential, while
13% are AI Advocates, actively championing its benefits and responsible adoption. This
enthusiasm is grounded in the belief that AI will make life easier (69%), save time and effort (51%),
enhance productivity (40%), and expand learning opportunities (48%).
However, this excitement coexists with significant caution. While 91% express enthusiasm for AI,
an equal proportion report at least one concern about its broader implications. Approximately
13% classify themselves as AI Cautious, wary of AI’s development or use, and 9% as AI Skeptics.
Notably, one in four respondents (25%) identify as AI Detractors , signaling a meaningful
segment resistant to AI adoption.

Mapping the AI Mindset: Regional Variations
Significant regional differences emerge in consumer attitudes toward AI. Latin America (LATAM)
leads globally in enthusiasm and familiarity, with 98% of respondents excited about AI and 89%
understanding how it works. The Asia Pacific (APAC) region follows closely, showing the highest
willingness to integrate AI into daily life-41% use AI for education and the same share for
transport.
 
LATAM
APAC
EME
NORAM
Respondents who feel excited by AI and its
opportunities
98%
95%
86%
81%

North America (NORAM) and Europe & Middle East (EME), on the other hand, emerge as skeptical
strongholds, approaching AI with more caution and distrust. Globally, while 77% have at least
some trust in AI, nearly a quarter (23%) rarely or never trust information generated by it- with
distrust highest in these two regions (32% in NORAM and 29% in EME). Consumers here are also
more likely to fact-check AI outputs, highlighting a broader demand for transparency and
reassurance as adoption grows.
Respondents who are familiar with AI and
how it works
89%
82%
74%
74%
 
NORAM
EME
APAC
LATAM
Respondents who feel distrust towards
information generated by AI
32%
29%
16%
15%

Assistance Over Autonomy
AI has become deeply integrated into daily life, with 98% using AI-powered search, 86% using
streaming recommendations, and 77% engaging with generative AI tools. Yet, the lack of a human
touch generates doubts with 35% finding AI impersonal, and the majority double-checking AI
outputs even when they trust the technology: 42% always fact-check, and 29% do so sometimes.
Only 6% of consumers fully trust AI.
This hesitation creates a clear boundary: most people are not ready to cede full decision-making
to AI. Just 12% feel comfortable with AI making decisions independently, while 25% remain
unsure, and 10% feel very uncomfortable, refusing to trust AI without human approval. The
greatest opportunity lies in positioning AI as a supportive tool that enhances, rather than replaces,
human judgment.


AI’s Advancing Role in Travel
AI is rapidly becoming a core part of the travel experience, with 65% of consumers expecting
autonomous trip planning to go mainstream in the near future. Two in three (67%) have already
used AI in some aspect of travel, and of those, nearly all have turned to it for planning or booking
(98%) or while already on a trip (96%). This reflects both the growing reliance on AI-powered tools
and travelers’ openness to technology that enhances their journeys.
When planning a trip, travelers most often use AI to research destinations and the best time to
visit (38%), find local experiences or cultural activities (37%), and get restaurant recommendations
(36%). Notably, today, AI assistants are emerging as a more trusted source for planning travel
(24%) than colleagues (19%) or influencers (14%).
Once in-trip, AI tools are most commonly used for translation capabilities (45%), in-destination
activity suggestions (44%), restaurant recommendations (40%), and navigating unfamiliar
locations or transport systems (40%). After returning home, the top AI use case is photo editing,
cited by 38% of respondents.
Beyond making travel easier and more efficient, a benefit 66% of travelers recognize, there is also
a strong desire for AI to serve as a force for good. The majority (71%) appreciate AI-generated
recommendations that help them avoid overcrowded destinations or peak travel times. Travelers
are increasingly mindful of community impact, with 60% wanting AI to highlight experiences that
positively benefit the local places they visit.
“Generative AI represents one of the most significant technological shifts of our era, fundamentally
reshaping how consumers engage with the world around them. As this technology matures, it’s not
only transforming how companies like ours anticipate and meet evolving customer needs, it’s also
raising the bar for what travelers expect from every interaction,” says James Waters, Chief Business
Officer at Booking.com. 
“The opportunity ahead is tremendous. At Booking.com, we’ve long been at the forefront of AI
innovation, integrating advanced machine learning to enhance the customer journey at every
touchpoint. But as we enter this next phase, our responsibility goes beyond technology. Building
trust, ensuring transparency, and prioritizing safety are critical as we guide travelers, and our
industry, into the future.”
Booking.com's The Global AI Sentiment Report can be accessed 
.
Methodology:
This global quantitative research study was conducted via an online questionnaire between April
here

and May 2025, gathering responses from 37,325 people across Korea: 1006, Spain: 1006, Sweden: 502, Switzerland:
501, Taiwan: 1022, Thailand: 1002, UAE: 513, UK: 2005, USA: 2004, Vietnam: 1004. As a leading
digital travel platform exploring the role of AI, Booking.com conducted this study to better
understand how people around the world are using, trusting, and responding to AI in both everyday
life and travel.
Press
Downloads
Contact us
Share this page
Booking.com Releases The Global AI Sentiment Report
Booking.com

Booking.com_The Global AI Sentiment Report 2025_Final 24.07
Booking.com Media Relations
mediarelations@booking.com

For more information on permissions to use photos and imagery, please contact
before using on your own platform.
mediarelations@booking.com








Quick Links
Home
Fast Facts
Media Library
Leadership
Contact




Copyright © 1996–2025 Booking.com B.V. All rights reserved....","[(0, 7666), (8030, 8894)]",84,8534,1325,1376
17,booking com,"UvA, TU Delft and Booking.com Collaborate on Research into Better Recommendation Systems.pdf","UvA, TU Delft and Booking.com Collaborate
on Research into Better Recommendation
Systems
University of Amsterdam, TU Delft and Booking.com launch Mercury Machine Learning Lab
Amsterdam, June 23, 2021
In the Mercury Machine Learning Lab, researchers from the University of Amsterdam (UvA)
and Delft University of Technology (TU Delft) will be working together with Booking.com on




various improved recommendation systems. The collaboration provides the unique
opportunity to test AI techniques in the real world, allowing new machine learning methods
to be safely developed for wide application, for example in mobility, energy or healthcare.
Every day, millions of travellers from all over the world make multiple decisions on Booking.com
related to their upcoming travel plans. With all of these taps and clicks on property photos and
scrolling through search results, Booking.com naturally has a wealth of data insights to help the
company make changes on the platform to improve the customer experience. In addition to the
responsibility of handling all of this information securely and ethically, how do you analyse all of
this data properly and continue to make useful recommendations for customers? Is what works
well for a Dutch traveller equally as relevant for a traveller from Japan? And how do you ensure
that customers continue to receive interesting travel recommendations that are relevant to them
without getting stuck in a filter bubble?
On the road to even better recommendations
One way to understand what constitutes a good recommendation is looking at what previous
travellers have chosen and the experiences that their choices yielded. Machine learning
techniques are well suited to learning such connections and preferences. However, the problem is
that the connections and preferences found in the data are not only informed by the choices of
other travellers, but also by the suggestions and selections the system showed them. In the
Mercury Machine Learning Lab, researchers from the University of Amsterdam (UvA) and Delft
University of Technology will work together with data scientists from Booking.com to develop
methods that will ensure that this type of bias is avoided and that the learned connections remain
accurate in a new or different context.
From the classroom to real-time e-commerce
Joris Mooij, Scientific Director of the Mercury Machine Learning Lab at the UvA: ‘It's a huge
opportunity for us as researchers to have access to a live dataset of global data and be able to
experiment on Booking.com's platform.’ Frans Oliehoek and Matthijs Spaan, Scientific
Directors from TU Delft, agree. Oliehoek: ‘By testing AI techniques in the real world, we can
better understand the limitations of current state-of-the-art methods in the field of reinforcement
learning, as well as improve the application of AI in practice.’ Spaan: ‘The lab's focus on
developing better algorithms for recommender systems is highly relevant to our society as these
systems guide many of our digital interactions. By addressing fundamental AI challenges, the
results of the lab will also be valuable in other domains.’

Onno Zoeter, Principal Data Scientist and Booking.com Scientific Director adds: ‘Unlike in a
hospital scenario for example, where experimenting with different types of data-driven
recommendation systems can have real life-and-death consequences for patients and their
suggested treatment protocols, testing approaches, models and hypotheses with travel data from
Booking.com doesn’t come with the same public health implications. This means we can safely
test and develop new machine-learning methods together that also have a potential impact far
beyond the trips booked on our platform.’
Learnings from other languages
Artificial intelligence and natural language processing are already used to perform many
important tasks in different languages, such as categorising reviews and fraud detection. The
researchers will look for ways of creating a system with multiple languages in which the smaller
languages can benefit from what has been learned in models and rounds of experimentation with
languages that are spoken more widely. This should enable Booking.com to support all 44
languages and dialects in which their platform is available to customers in various new contexts,
even more quickly.
Nurturing Dutch talent
The Mercury Machine Learning Lab will be part of 
, the Innovation Center for Artificial
Intelligence. The Lab will provide world-class opportunities for Machine Learning graduates to
stay in the Netherlands and lead innovative research, keeping important talent connected to
Dutch universities and industry.
In addition to the existing researchers, the Mercury Machine Learning Lab will comprise six PhD
candidates and two postdocs who will work on six different projects related to bias and
generalisation problems over the course of the next five years. They will spend two days a week in
the office at Booking.com doing research and actively participating in related streams of
experimentation to test their hypotheses.
ICAI
Press
Contact
Booking.com Media Relations
mediarelations@booking.com

Share this Story
UvA, TU Delft and Booking.com Collaborate on Research into Better Recommendation Systems
Social Media

For more information on permissions to use photos and imagery, please contact
before using on your own platform.
mediarelations@booking.com







Quick Links
Home
Fast Facts
Media Library
Leadership
Contact




Copyright © 1996–2025 Booking.com B.V. All rights reserved.
",yes,[],"['ai', 'artificial intelligence', 'machine learning', 'natural language processing']","['machine learning', 'ai', 'booking.com', 'artificial intelligence', 'natural language processing']",0,15,['booking.com'],"UvA, TU Delft and Booking.com Collaborate
on Research into Better Recommendation
Systems
University of Amsterdam, TU Delft and Booking.com launch Mercury Machine Learning Lab
Amsterdam, June 23, 2021
In the Mercury Machine Learning Lab, researchers from the University of Amsterdam (UvA)
and Delft University of Technology (TU Delft) will be working together with Booking.com on




various improved recommendation systems. The collaboration provides the unique
opportunity to test AI techniques in the real world, allowing new machine learning methods
to be safely developed for wide application, for example in mobility, energy or healthcare.
Every day, millions of travellers from all over the world make multiple decisions on Booking.com
related to their upcoming travel plans. With all of these taps and clicks on property photos and
scrolling through search results, Booking.com naturally has a wealth of data insights to help the
company make changes on the platform to improve the customer experience. In addition to the
responsibility of handling all of the road to even better recommendations
One way to understand what constitutes a good recommendation is looking at what previous
travellers have chosen and the experiences that their choices yielded. Machine learning
techniques are well suited to learning such connections and preferences. However, the problem is
that the connections and preferences found in the data are not only informed by the choices of
other travellers, but also by the suggestions and selections the system showed them. In the
Mercury Machine Learning Lab, researchers from the University of Amsterdam (UvA) and Delft
University of Technology will work together with data scientists from Booking.com to develop
methods that will ensure that this type of bias is avoided and that the learned connections remain
accurate in a new or different context.
From the classroom to real-time e-commerce
Joris Mooij, Scientific Director of the Mercury Machine Learning Lab at the UvA: ‘It's a huge
opportunity for us as researchers to have access to a live dataset of global data and be able to
experiment on Booking.com's platform.’ Frans Oliehoek and Matthijs Spaan, Scientific
Directors from TU Delft, agree. Oliehoek: ‘By testing AI techniques in the real world, we can
better understand the limitations of current state-of-the-art methods in the field of reinforcement
learning, as well as improve the application of AI in practice.’ Spaan: ‘The lab's focus on
developing better algorithms for recommender systems is highly relevant to our society as these
systems guide many of our digital interactions. By addressing fundamental AI challenges, the
results of the lab will also be valuable in other domains.’

Onno Zoeter, Principal Data Scientist and Booking.com Scientific Director adds: ‘Unlike in a
hospital scenario for example, where experimenting with different types of data-driven
recommendation systems can have real life-and-death consequences for patients and their
suggested treatment protocols, testing approaches, models and hypotheses with travel data from
Booking.com doesn’t come with the same public health implications. This means we can safely
test and develop new machine-learning methods together that also have a potential impact far
beyond the trips booked on our platform.’
Learnings from other languages
Artificial intelligence and natural language processing are already used to perform many
important tasks in different languages, such as categorising reviews and fraud detection. The
researchers will look for ways of creating a system multiple languages in which the smaller
languages can benefit from what has been learned in models and rounds of experimentation with
languages that are spoken more widely. This should enable Booking.com to support all 44
languages and dialects in which their platform is available to customers in various new contexts,
even more quickly.
Nurturing Dutch talent
The Mercury Machine Learning Lab will be part of 
, the Innovation Center for Artificial
Intelligence. The Lab will provide world-class opportunities for Machine Learning graduates to
stay in the Netherlands and lead innovative research, keeping important talent connected to
Dutch universities and industry.
In addition to the existing researchers, the Mercury Machine Learning Lab will comprise six PhD
candidates and two postdocs who will work on six different projects related to bias and
generalisation problems over the course of the next five years. They will spend two days a week in
the office at Booking.com doing research and actively participating in related streams of
experimentation to test their hypotheses.
ICAI
Press
Contact
Booking.com Media Relations
mediarelations@booking.com

Share this Story
UvA, TU Delft and Booking.com Collaborate on Research into Better Recommendation Systems
Social Media

For more information on permissions to use photos and imagery, please contact
before using on your own platform.
mediarelations@booking.com







Quick Links
Home
Fast Facts
Media Library
Leadership
Contact




Copyright © 1996–2025 Booking.com B.V. All rights reserved....","[(0, 1066), (1464, 3998), (4004, 5569)]",31,5170,799,864
18,bosch,#AIoTmatteratBosch _ Bosch in Nederland.pdf,"#AIoTMattersAtBosch
Start video
Deel dit op:
  
 
 
Losse tekst


󰎅

Bouwen aan een in-house Bosch AI-ecosysteem
‘Geen woorden maar daden’ is bij Bosch niet tegen dovemans oren gezegd. Als je Artificial
Intelligence (AI), of kunstmatige intelligentie, in je producten en diensten wilt integreren,
moet je niet alleen zorgen voor de technische voorwaarden, maar ook de noodzakelijke
kennis in huis hebben. Die kennis is onmisbaar bij het omzetten van technische expertise
naar business.
Bosch richtte in 2017 het Bosch Center for Artificial Intelligence (BCAI) op. Op basis van
de schat aan data die Bosch beschikbaar heeft, voert het BCAI baanbrekend AI-onderzoek
uit en past het machine learning toe op producten en diensten van Bosch op het gebied
van productie, engineering, supply chain management en intelligent services.
Ook geeft het BCAI door middel van trainingen Bosch-medewerkers beter inzicht in AI. Zo
bouwt het aan een steeds grotere in-house AI-community. “Bosch-vestigingen kunnen grote
AI-projecten aan het BCAI uitbesteden, maar we hebben ook AI-experts nodig in de
verschillende vestigingen om samen te werken aan AI-oplossingen”, aldus Jennifer
Thompson, data scientist bij Bosch en trainer bij het BCAI.
Het belang van big data
Jennifer geeft nu een serie trainingen in Bosch-vestigingen in Nederland. De onderwerpen
variëren van een algemene introductie in big data en AI tot meer technische trainingen voor
experts in data engineering. “Bosch wil het bewustzijn van AI op alle niveaus aanwakkeren.
Data engineering-talent is vandaag de dag nog steeds heel schaars. Daarom wil Bosch zijn
eigen domeinexperts opleiden”, vertelt Jennifer.
De meeste mensen staan er niet bij stil, maar AI is al met ons dagelijks leven verweven.
Denk bijvoorbeeld aan Google Assistant, het aanbevelingssysteem van Netflix of domotica.
Verbeterde algoritmes en technische vooruitgang, zoals goedkopere rekencapaciteit en
meer betaalbare opslag en computergeheugen, hebben de investeringen in AI versneld. De
belangrijkste factor is echter de enorme groei van beschikbare data.
Elk bedrijf heeft tegenwoordig toegang tot grote hoeveelheden data. Die komt in de meest
uiteenlopende vormen en hoeveelheden in een steeds rapper tempo. Via datamining (het

proces van zoeken naar verborgen, voorheen onbekende patronen en andere nuttige
informatie in deze data) kunnen nieuwe inzichten worden verkregen.
Deze inzichten vormen de basis voor machine learning en deep learning, twee
veelgebruikte AI-technieken. Dankzij machine learning kan een systeem van data leren door
een voorspelling te doen en deze te vergelijken met de werkelijke uitkomst. Het algoritme
van machine learning gebruikt vervolgens dat verschil om het voorspellende model te
verbeteren. Deep learning is een vorm van machine learning. Hierbij wordt doorgaans
gebruikgemaakt van neurale netwerken die ontworpen zijn om het menselijk brein na te
bootsen. De kracht van deze modellen is hun vermogen om rechtstreeks uit ruwe data-
input modellen te creëren. Terwijl traditionele machine learning-methoden bijvoorbeeld
gebruik maken van beschreven kenmerken, kan deep learning direct worden toegepast op
onbewerkte gegevens, zoals de kleuren van elke pixel in de afbeelding van een kat.
Voor alle vormen van machine learning is veel betrouwbare, begrijpelijke en relevante data
nodig. Het machine learning-model is verantwoordelijk voor het creëren van een
voorspellend model op basis van data, terwijl het de taak van data scientists is om het
juiste machine learning-model te bepalen en de hyperparameters die de meest accurate
voorspellingen geven, af te stemmen.
Bij datagedreven projecten draait het om teamwerk waarbij domeinexpertise,
analytische vaardigheden en technische expertise hand in hand gaan. ”
„
JENNIFER THOMPSON - AI TRAINER BENELUX


AI in de praktijk bij Bosch Transmission Technology in
Tilburg

Bij Bosch Transmission Technology in Tilburg worden duwbanden voor Continu Variabele
Transmissies (CVT) ontwikkeld en geproduceerd. Hier wordt AI toegepast om de
kwaliteitscontrole efficiënter te maken.
De duwband bestaat uit honderden speciaal ontworpen stalen elementen en is het hart
van een CVT omdat het de kracht van de motor overbrengt naar de aandrijfas. “De
kwaliteit van deze stalen elementen is van essentieel belang. Eén zwak element heeft
invloed op de hele band. We beschikken al over een uitstekend kwaliteitscontrolesysteem,
maar met het AI-programma willen we dat verder optimaliseren”, zegt Peter Hebben,
Artificial Intelligence Coordinator bij Bosch Transmission Technology.
De stalen elementen gaan voordat ze naar de assemblagelijn gaan eerst door een
controlesysteem: een in-house ontworpen machine waar de elementen door camera's
individueel worden gefotografeerd. “De camera's zoomen in om defecten op te sporen en
om een oordeel te geven op basis van een gedetailleerde en gedocumenteerde beschrijving
van mogelijke defecten”, legt Hebben uit.
“De huidige, op regels gebaseerde aanpak is succesvol, maar ook tijdrovend en vaak te
strikt. Bij de geringste twijfel wordt het element afgekeurd. Met behulp van AI willen we
het aantal onterechte afkeuringen beperken. Dit vergroot de efficiëntie en bespaart
kosten.”
Het huidige controlesysteem is aangepast met verbeterde inspectiehardware en er zijn
innovatieve AI-modellen geïntroduceerd om de prestaties te verhogen. “Het AI-systeem
vermindert het aantal onterechte afkeuringen, terwijl het hoge kwaliteitsniveau behouden
blijft. Het AI-systeem leert van wat je het aanreikt. Met hoe meer informatie je het systeem
voedt en hoe beter die informatie is, hoe beter het presteert. Daarom willen we ook het
proces van data-labeling verbeteren. Dat is nu een zeer arbeidsintensieve en tijdrovende
klus. Met een secundair AI-ondersteund labelsysteem kunnen we hier verschil maken.”
„Het is belangrijk dat iedereen begrijpt wat AI inhoudt
en hoe we het kunnen inzetten om onze producten en
processen te verbeteren. Alleen door onze krachten te
bundelen, kunnen we AI optimaal inzetten.”

Peter Hebben - AI coördinator Tilburg
Deel dit op:


Technologie voor het leven
    
Algemene contactgegevens
Licenties en patenten 
Inkoop en logistiek 
© Robert Bosch B.V. 2025, alle rechten voorbehouden
Gebruiksvoorwaarden
Juridische opmerkingen
Inkoopvoorwaarden 
Privacy-verklaring
Privacy-instellingen

",yes,[],"['ai', 'algoritme', 'algoritmes', 'artificial intelligence', 'deep learning', 'kunstmatige intelligentie', 'machine learning', 'neurale netwerken']","['algoritme', 'kunstmatige intelligentie', 'machine learning', 'ai', 'google', 'deep learning', 'algoritmes', 'artificial intelligence', 'neurale netwerken']",0,43,['google'],"#AIoTMattersAtBosch
Start video
Deel dit op:
  
 
 
Losse tekst


󰎅

Bouwen aan een in-house Bosch AI-ecosysteem
‘Geen woorden maar daden’ is bij Bosch niet tegen dovemans oren gezegd. Als je Artificial
Intelligence (AI), of kunstmatige intelligentie, in je producten en diensten wilt integreren,
moet je niet alleen zorgen voor de technische voorwaarden, maar ook de noodzakelijke
kennis in huis hebben. Die kennis is onmisbaar bij het omzetten van technische expertise
naar business.
Bosch richtte in 2017 het Bosch Center for Artificial Intelligence (BCAI) op. Op basis van
de schat aan data die Bosch beschikbaar heeft, voert het BCAI baanbrekend AI-onderzoek
uit en past het machine learning toe op producten en diensten van Bosch op het gebied
van productie, engineering, supply chain management en intelligent services.
Ook geeft het BCAI door middel van trainingen Bosch-medewerkers beter inzicht in AI. Zo
bouwt het aan een steeds grotere in-house AI-community. “Bosch-vestigingen kunnen grote
AI-projecten aan het BCAI uitbesteden, maar we hebben ook AI-experts nodig in de
verschillende vestigingen om samen te werken aan AI-oplossingen”, aldus Jennifer
Thompson, data scientist bij Bosch en trainer bij het BCAI.
Het belang van big data
Jennifer geeft nu een serie trainingen in Bosch-vestigingen in Nederland. De onderwerpen
variëren van een algemene introductie in big data en AI tot meer technische trainingen voor
experts in data engineering. “Bosch wil het bewustzijn van AI op alle niveaus aanwakkeren.
Data engineering-talent is vandaag de dag nog steeds heel schaars. Daarom wil Bosch zijn
eigen domeinexperts opleiden”, vertelt Jennifer.
De meeste mensen staan er niet bij stil, maar AI is al met ons dagelijks leven verweven.
Denk bijvoorbeeld aan Google Assistant, het aanbevelingssysteem van Netflix of domotica.
Verbeterde algoritmes en technische vooruitgang, zoals goedkopere rekencapaciteit en
meer betaalbare opslag en computergeheugen, hebben de investeringen in AI versneld. De
belangrijkste factor is echter de enorme groei van beschikbare data.
Elk bedrijf heeft tegenwoordig toegang tot grote hoeveelheden data. Die komt in de meest
uiteenlopende vormen en hoeveelheden tempo. Via datamining (het

proces van zoeken naar verborgen, voorheen onbekende patronen en andere nuttige
informatie in deze data) kunnen nieuwe inzichten worden verkregen.
Deze inzichten vormen de basis voor machine learning en deep learning, twee
veelgebruikte AI-technieken. Dankzij machine learning kan een systeem van data leren door
een voorspelling te doen en deze te vergelijken met de werkelijke uitkomst. Het algoritme
van machine learning gebruikt vervolgens dat verschil om het voorspellende model te
verbeteren. Deep learning is een vorm van machine learning. Hierbij wordt doorgaans
gebruikgemaakt van neurale netwerken die ontworpen zijn om het menselijk brein na te
bootsen. De kracht van deze modellen is hun vermogen om rechtstreeks uit ruwe data-
input modellen te creëren. Terwijl traditionele machine learning-methoden bijvoorbeeld
gebruik maken van beschreven kenmerken, kan deep learning direct worden toegepast op
onbewerkte gegevens, zoals de kleuren van elke pixel in de afbeelding van een kat.
Voor alle vormen van machine learning is veel betrouwbare, begrijpelijke en relevante data
nodig. Het machine learning-model is verantwoordelijk voor het creëren van een
voorspellend model op basis van data, terwijl het de taak van data scientists is om het
juiste machine learning-model te bepalen en de hyperparameters die de meest accurate
voorspellingen geven, af te stemmen.
Bij datagedreven projecten draait het om teamwerk waarbij domeinexpertise,
analytische vaardigheden en technische expertise hand in hand gaan. ”
„
JENNIFER THOMPSON - AI TRAINER BENELUX


AI in de praktijk bij Bosch Transmission Technology in
Tilburg

Bij Bosch Transmission Technology in Tilburg worden duwbanden voor Continu Variabele
Transmissies (CVT) ontwikkeld en geproduceerd. Hier wordt AI toegepast om de
kwaliteitscontrole efficiënter te maken.
De duwband bestaat uit honderden speciaal ontworpen stalen elementen en is het hart
van een CVT omdat het de kracht van de motor aandrijfas. “De
kwaliteit van deze stalen elementen is van essentieel belang. Eén zwak element heeft
invloed op de hele band. We beschikken al over een uitstekend kwaliteitscontrolesysteem,
maar met het AI-programma willen we dat verder optimaliseren”, zegt Peter Hebben,
Artificial Intelligence Coordinator bij Bosch Transmission Technology.
De stalen elementen gaan voordat ze naar de assemblagelijn gaan eerst door een
controlesysteem: een in-house ontworpen machine waar de elementen door camera's
individueel defecten”, legt Hebben uit.
“De huidige, op regels gebaseerde aanpak is succesvol, maar ook tijdrovend en vaak te
strikt. Bij de geringste twijfel wordt het element afgekeurd. Met behulp van AI willen we
het aantal onterechte afkeuringen beperken. Dit vergroot de efficiëntie en bespaart
kosten.”
Het huidige controlesysteem is aangepast met verbeterde inspectiehardware en er zijn
innovatieve AI-modellen geïntroduceerd om de prestaties te verhogen. “Het AI-systeem
vermindert het aantal onterechte afkeuringen, terwijl het hoge kwaliteitsniveau behouden
blijft. Het AI-systeem leert van wat je het aanreikt. Met hoe meer informatie je het systeem
voedt en hoe beter die informatie is, hoe beter het presteert. Daarom willen we ook het
proces van data-labeling verbeteren. Dat is nu een zeer arbeidsintensieve en tijdrovende
klus. Met een secundair AI-ondersteund labelsysteem kunnen we hier verschil maken.”
„Het is belangrijk dat iedereen begrijpt wat AI inhoudt
en hoe we het kunnen inzetten om onze producten en
processen te verbeteren. Alleen door onze krachten te
bundelen, kunnen we AI optimaal inzetten.”

Peter Hebben - AI coördinator Tilburg
Deel dit op:


Technologie voor het leven
    
Algemene contactgegevens
Licenties en patenten 
Inkoop en logistiek 
© Robert Bosch B.V. 2025,...","[(0, 2209), (2231, 4217), (4237, 4750), (4927, 6229)]",44,6016,893,939
19,bosch,AI-onderzoek ontwikkelt de voertuigen van de toekomst.pdf,"AI-onderzoek ontwikkelt de voertuigen van de toekomst
De samenwerking tussen Bosch en DELTA Lab
Bosch naar een AI-gedreven IoT-bedrijf
Deel dit op:
  
 
 
Video DELTA Lab
Waarom deep learning en intelligente voertuigen?
Vruchtbare sam



󰎅

De auto zal ook in de toekomst het belangrijkste transportmiddel blijven. Nieuwe
technologieën, zoals het Internet of Things, artificiële intelligentie en de brandstofcel
stimuleren de overgang naar een duurzame mobiliteit. Een mobiliteit waarin intelligente
voertuigen een belangrijke rol zullen spelen.
Sinds april 2017 werkt Bosch nauw samen met de Universiteit van Amsterdam. Aan het
DELTA Lab (Deep Learning Technologies Amsterdam) doen 9 promovendi en een
postdoctoral researcher  onderzoek naar deep learning en de integratie van AI bij
voertuigen. Bosch ondersteunt dit onderzoek.
Herke van Hoof , Assistent Professor aan de Universiteit van Amsterdam, licht toe: “Bij
DELTA Lab doen we fundamenteel onderzoek op lange termijn. Wij ontwikkelen de basis
waarop meer toepassingsgericht verder gewerkt kan worden.”
Waarom deep learning en intelligente voertuigen?

Zelfrijdende voertuigen worden stilaan realiteit. Camera’s en sensoren nemen de
bestuurdersfunctie dan over zodat de auto op een veilige manier kan rijden. In weinig
complexe situaties, zoals rijden op een snelweg, is geautomatiseerd rijden vandaag al
perfect mogelijk. Het dagelijkse stadsverkeer is echter veel complexer. Er zijn veel meer
variabelen waar een ‘slimme’ auto rekening mee moet houden: andere weggebruikers zoals
fietsers, voetgangers en trams bewegen zich voort in een ingewikkelde weginfrastructuur
met stoplichten of gevaarlijke kruispunten. Het is belangrijk dat zelfrijdende auto’s
dergelijke situaties juist inschatten en tijdens kritieke situaties de correcte beslissing
nemen.
”Het is heel moeilijk alle situaties te kennen waarin een voertuig terecht kan komen. Het is
bijvoorbeeld onmogelijk om vooraf alle mogelijke sensorwaarden te beschrijven. Via
machine learning kunnen in die sensorwaarden wel patronen herkend worden. Tenslotte
moet de machine ook leren welke beslissing genomen moet worden en dat is een heel
complexe en moeilijke oefening,” stelt van Hoof.
Deep learning is een specifieke toepassing van AI, gebaseerd op de werking van het
menselijke brein. De neuronenstructuur van het menselijk brein wordt nagemaakt in een
kunstmatig netwerk: een module van cellen. Elke module verwerkt bepaalde input. Door
de verschillende modules te linken, zijn analyses van complexere situaties mogelijk. Bij
DELTA Lab wordt onderzocht hoe deze netwerken efficiënter gemaakt kunnen worden. Om
een concreet voorbeeld te geven: ‘Hoe kan een intelligente auto een fietser herkennen?’

Dat kan omdat de onderzoekers miljoenen foto’s van fietsers opladen. Zij duiden aan waar
de fietser staat, zodat de machine de verschillende beelden van fietsers kan herkennen.
Daarnaast zijn er ook nuances nodig: gewone fiets versus bakfiets, fietser in daglicht of
schemering, met of zonder opvallende kledij, … Het uiteindelijke doel is beeldherkenning
op basis van minder data en minder geheugen.
Vruchtbare samenwerking tussen universiteit en bedrijf
Voor de Universiteit van Amsterdam is samenwerken met bedrijven erg belangrijk.
“Bedrijven die investeren in onderzoek hebben heel veel kennis en knowhow die ook voor
ons als universiteit erg nuttig zijn. Bedrijven hebben bijvoorbeeld heel wat data van een
productieproces of van camera’s. Met die data kunnen wij als onderzoekers aan de slag.
Door samen te werken met bedrijven krijgen wij ook een beter inzicht in wat voor hen
belangrijk is. En er is uiteraard ook het financiële plaatje: zij financieren bepaalde
onderzoeksprojecten.”
“De samenwerking met Bosch verloopt erg vlot. Elke maand is er een update tussen een
student en één van de onderzoekers van Bosch,” zegt van Hoof. Daarnaast zijn de

onderzoekers van DELTA Lab een paar weken per jaar welkom in het Bosch Center for
Artificial Intelligence  in het Duitse Renningen.
De toekomst van artificiële intelligentie
Volgens Herke van Hoof is het noodzakelijk om ook in Europa blijvend onderzoek te doen
naar AI. “Artificiële intelligentie helpt de technologie te verbeteren. Het heeft de potentie
om meer comfort te garanderen, de veiligheid te verhogen en de processen efficiënter te
maken. Om een voorbeeld te geven: als een auto de omgeving rondom het voertuig
begrijpt en de juiste inschatting kan maken, kan hij ook de juiste beslissing nemen.”
Of machines uiteindelijk slimmer worden dan de mens, blijft de vraag. “Ik zie veel
mogelijkheden in een goede samenwerking tussen mens en machine. Machines kunnen
heel veel data verwerken op korte tijd (en daardoor saaie en repetitieve taken overnemen),
terwijl de mens beter is in creatieve taken of het leggen van verbanden.”
We beseffen het misschien niet, maar AI is vandaag al sterk aanwezig in het dagelijkse
leven - Bosch is één van de drijvende krachten . Een intelligent voertuig vraagt echter nog
wat meer tijd. Het is enerzijds een kwestie van vertrouwdheid en anderzijds een kwestie

van technologie. Die moet nog een heel eind verbeteren, zowel technisch als op het gebied
van het nemen van goede beslissingen.
Dat laatste is ook een belangrijke ethische kwestie: wat zijn ‘goede’ beslissingen? Hoe zorg
je ervoor dat de machine door AI op de juiste manier gevoed wordt? Is het bovendien
toegestaan dat machines fouten maken? En als er een fout wordt gemaakt, kan dan
verklaard worden waarom de machine die keuze heeft gemaakt? Er moet rekening worden
gehouden met zowel technologische als maatschappelijke uitdagingen. Dit zijn kwesties
die DELTA Lab samen met Bosch in de loop van de tijd zal helpen beantwoorden.
Ontdek meer
VERHAAL
Bosch en Daimler zetten schouders onder zelfparkerende auto

Technologie voor het leven
    
Algemene contactgegevens
Licenties en patenten 
Inkoop en logistiek 
Gebruiksvoorwaarden
Juridische opmerkingen
Inkoopvoorwaarden 
Privacy-verklaring
Privacy-instellingen


© Robert Bosch B.V. 2025, alle rechten voorbehouden
",yes,['ai'],"['ai', 'artificial intelligence', 'artificiële intelligentie', 'beeldherkenning', 'deep learning', 'machine learning']","['artificiële intelligentie', 'machine learning', 'ai', 'deep learning', 'beeldherkenning', 'artificial intelligence']",1,18,[],"AI-onderzoek ontwikkelt de voertuigen van de toekomst
De samenwerking tussen Bosch en DELTA Lab
Bosch naar een AI-gedreven IoT-bedrijf
Deel dit op:
  
 
 
Video DELTA Lab
Waarom deep learning en intelligente voertuigen?
Vruchtbare sam



󰎅

De auto zal ook in de toekomst het belangrijkste transportmiddel blijven. Nieuwe
technologieën, zoals het Internet of Things, artificiële intelligentie en de brandstofcel
stimuleren de overgang naar een duurzame mobiliteit. Een mobiliteit waarin intelligente
voertuigen een belangrijke rol zullen spelen.
Sinds april 2017 werkt Bosch nauw samen met de Universiteit van Amsterdam. Aan het
DELTA Lab (Deep Learning Technologies Amsterdam) doen 9 promovendi en een
postdoctoral researcher  onderzoek naar deep learning en de integratie van AI bij
voertuigen. Bosch ondersteunt dit onderzoek.
Herke van Hoof , Assistent Professor aan de Universiteit van Amsterdam, licht toe: “Bij
DELTA Lab doen we fundamenteel onderzoek op lange termijn. Wij ontwikkelen de basis
waarop meer toepassingsgericht verder gewerkt kan worden.”
Waarom deep learning en intelligente voertuigen?

Zelfrijdende voertuigen worden stilaan realiteit. Camera’s en sensoren nemen de
bestuurdersfunctie dan over zodat de auto op een veilige manier kan rijden. In weinig
complexe situaties, de correcte beslissing
nemen.
”Het is heel moeilijk alle situaties te kennen waarin een voertuig terecht kan komen. Het is
bijvoorbeeld onmogelijk om vooraf alle mogelijke sensorwaarden te beschrijven. Via
machine learning kunnen in die sensorwaarden wel patronen herkend worden. Tenslotte
moet de machine ook leren welke beslissing genomen moet worden en dat is een heel
complexe en moeilijke oefening,” stelt van Hoof.
Deep learning is een specifieke toepassing van AI, gebaseerd op de werking van het
menselijke brein. De neuronenstructuur van het menselijk brein wordt nagemaakt in een
kunstmatig netwerk: een module van cellen. Elke module verwerkt bepaalde input. Door beelden van fietsers kan herkennen.
Daarnaast zijn er ook nuances nodig: gewone fiets versus bakfiets, fietser in daglicht of
schemering, met of zonder opvallende kledij, … Het uiteindelijke doel is beeldherkenning
op basis van minder data en minder geheugen.
Vruchtbare samenwerking tussen universiteit en bedrijf
Voor de Universiteit van Amsterdam is samenwerken met bedrijven erg belangrijk.
“Bedrijven die investeren in onderzoek een
student en één van de onderzoekers van Bosch,” zegt van Hoof. Daarnaast zijn de

onderzoekers van DELTA Lab een paar weken per jaar welkom in het Bosch Center for
Artificial Intelligence  in het Duitse Renningen.
De toekomst van artificiële intelligentie
Volgens Herke van Hoof is het noodzakelijk om ook in Europa blijvend onderzoek te doen
naar AI. “Artificiële intelligentie helpt de technologie te verbeteren. Het heeft de potentie
om meer comfort te garanderen, de veiligheid te verhogen en de processen efficiënter te
maken. Om een voorbeeld te geven: verwerken op korte tijd (en daardoor saaie en repetitieve taken overnemen),
terwijl de mens beter is in creatieve taken of het leggen van verbanden.”
We beseffen het misschien niet, maar AI is vandaag al sterk aanwezig in het dagelijkse
leven - Bosch is één van de drijvende krachten . Een intelligent voertuig vraagt echter nog
wat meer tijd. Het is enerzijds...","[(0, 1304), (1790, 2464), (2868, 3301), (3802, 4364), (4674, 5035)]",18,3341,493,901
20,bosch,DELTA Lab _ Bosch in Nederland.pdf,"UvA en Bosch breiden samenwerking uit met nieuw
onderzoekslab
Het UvA-Bosch Delta Lab is een gezamenlijk lab opgericht door de Universiteit van
Amsterdam en Bosch om onderzoek en informatie-uitwisseling te versterken in
fundamenten van Deep Learning for Automotive en Computer Vision.
In 2017 openden Bosch en UvA het Delta Lab op het Science Park in Amsterdam. In vier
jaar tijd hebben in totaal 10 postdocs en promovendi in het lab onderzoek gedaan naar
Deep Learning en de toepassing van AI op voertuigen. Met Delta Lab 2 wordt die
samenwerking nu uitgebreid.
Deel dit op:
  
 
 


󰎅

Voor Bosch is artificiële intelligentie een sleuteltechnologie. Vanaf 2025 zullen alle
producten van Bosch over AI beschikken of met deze technologie worden ontwikkeld of
geproduceerd. Hiervoor werd al in 2017 het Bosch Center for Artificial Intelligence (BCAI)
opgericht vanuit reeds bestaande business units. Het BCAI versterkt het leiderschap van
Bosch op het gebied van industriële AI en ontwikkelt op zeven internationale locaties
veilige, robuuste en verklaarbare AI-oplossingen voor toepassing in het hele bedrijf.
UvA-Bosch Delta Lab 2
Vrijdag 23 september 2022 werd Delta Lab 2 officieel geopend. De UvA
en Bosch zijn overeengekomen hun gevestigde samenwerking uit te
breiden met de lancering van een nieuw publiek-privaat onderzoekslab.
'Voor Bosch is samenwerking en nauwe uitwisseling met de academische wereld een
essentieel onderdeel van onze inspanningen voor de ontwikkeling van veilige, robuuste en
verklaarbare AI. Door de eerder succesvolle samenwerking tussen UvA-Bosch Delta Lab uit
te breiden en opnieuw af te stemmen, realiseren we onze ambitie om baanbrekend

onderzoek te combineren met een hoog toepassingspotentieel', zegt Michael Fausten,
Senior Vice President en hoofd van het Bosch Center for Artificial Intelligence (BCAI).
Delta Lab 2 zal zich richten op het gebruik van artificiële intelligentie en machine learning
voor toepassingen in computer vision, generatieve modellen en causaal leren. Het lab zal
worden geleid door prof. Theo Gevers en dr. Jan-Willem van de Meent van de UvA. Dr. Eric
Nalisnick wordt de dagelijkse labmanager.
Sindy Löwe, Emiel Hoogeboom, Eric Nalisnick, Theo Gevers, Thomas Kropf, ‪Alfons Hoekstra, Jan-Willem van de Meent,
Peter van Tienderen, Max Welling.
Interview met Jan-Willem van de Meent en Thomas Kropf
In Delta Lab 2 zullen tien promovendi, een postdoc en een labmanager
de komende vijf jaar werken aan projecten met een totaal budget van 5,2

miljoen euro. Er wordt gestreefd naar nieuw onderzoek naar diepe (op
causale en partiële differentiaalvergelijkingen gebaseerde) generatieve
modellen; zekerheid en causaliteit in machinaal leren; en 3D-
computervisie.
Scroll verder voor het dubbele video-interview met Jan-Willem van de Meent, hoofd van
het UvA Deltalab en Thomas Kropf, voorzitter van Bosch Corporate Research and Advance
Engineering.
„The task is not only to invent things within Bosch, but
also to find the best ideas which then lead to exciting
solutions and great products invented for life.”
Thomas Kropf - Voorzitter van Bosch Corporate Research and Advance Engineering
Interview met Delta Lab 1 & 2 Managers
Herke van Hoof, voormalig labmanager van Deltalab 1, geeft het roer
door aan Eric Nalisnick.

Het komt steeds vaker voor dat bedrijven en universiteiten samenwerken aan AI-projecten.
De samenwerking tussen de UvA en Bosch is daar een voorbeeld van.
Herke: 'Het is ook belangrijk om te bedenken dat veel bedrijven heel graag AI-onderzoekers
willen aantrekken. In de loop van het vierjarige onderzoek bezoeken onze promovendi een
aantal keren het hoofdkantoor van Bosch in Duitsland bezoeken. Natuurlijk hoopt Bosch
dat sommigen van hen blijven en daar gaan werken.’
Eric: 'In het verleden hadden we vooral overleg met het management van Bosch, maar dit
keer hebben we de onderzoekers van het bedrijf er vanaf het begin bij betrokken.' Lees
hier het volledige artikel. 
Lees meer over DeltaLab 2 op onze perswebsite van Nederland : hier. 
Herke van Hoof (voormalig lab manager, links) and Eric Nalisnick (huidige lab manager, rechts)
Deel dit op:




Technologie voor het leven
    
Algemene contactgegevens
Licenties en patenten 
Inkoop en logistiek 
© Robert Bosch B.V. 2025, alle rechten voorbehouden
Gebruiksvoorwaarden
Juridische opmerkingen
Inkoopvoorwaarden 
Privacy-verklaring
Privacy-instellingen

",yes,[],"['ai', 'artificial intelligence', 'artificiële intelligentie', 'computer vision', 'deep learning', 'machinaal leren', 'machine learning']","['artificiële intelligentie', 'machine learning', 'ai', 'deep learning', 'machinaal leren', 'artificial intelligence', 'computer vision']",0,17,[],"...samenwerking uit met nieuw
onderzoekslab
Het UvA-Bosch Delta Lab is een gezamenlijk lab opgericht door de Universiteit van
Amsterdam en Bosch om onderzoek en informatie-uitwisseling te versterken in
fundamenten van Deep Learning for Automotive en Computer Vision.
In 2017 openden Bosch en UvA het Delta Lab op het Science Park in Amsterdam. In vier
jaar tijd hebben in totaal 10 postdocs en promovendi in het lab onderzoek gedaan naar
Deep Learning en de toepassing van AI op voertuigen. Met Delta Lab 2 wordt die
samenwerking nu uitgebreid.
Deel dit op:
  
 
 


󰎅

Voor Bosch is artificiële intelligentie een sleuteltechnologie. Vanaf 2025 zullen alle
producten van Bosch over AI beschikken of met deze technologie worden ontwikkeld of
geproduceerd. Hiervoor werd al in 2017 het Bosch Center for Artificial Intelligence (BCAI)
opgericht vanuit reeds bestaande business units. Het BCAI versterkt het leiderschap van
Bosch op het gebied van industriële AI en ontwikkelt op zeven internationale locaties
veilige, robuuste en verklaarbare AI-oplossingen voor toepassing in het hele bedrijf.
UvA-Bosch Delta Lab 2
Vrijdag 23 september 2022 werd Delta Lab 2 officieel geopend. De UvA
en Bosch zijn overeengekomen hun gevestigde samenwerking uit van een nieuw publiek-privaat onderzoekslab.
'Voor Bosch is samenwerking en nauwe uitwisseling met de academische wereld een
essentieel onderdeel van onze inspanningen voor de ontwikkeling van veilige, robuuste en
verklaarbare AI. Door de eerder succesvolle samenwerking tussen UvA-Bosch Delta Lab uit
te breiden en opnieuw af te stemmen, realiseren we onze ambitie om baanbrekend

onderzoek te combineren met een hoog toepassingspotentieel', zegt Michael Fausten,
Senior Vice President en hoofd van het Bosch Center for Artificial Intelligence (BCAI).
Delta Lab 2 zal zich richten op het gebruik van artificiële intelligentie en machine learning
voor toepassingen in computer vision, generatieve modellen en causaal leren. Het lab zal
worden geleid door prof. Theo Gevers en dr. Jan-Willem van de Meent van de UvA. Dr. Eric
Nalisnick wordt de dagelijkse aan projecten met een totaal budget van 5,2

miljoen euro. Er wordt gestreefd naar nieuw onderzoek naar diepe (op
causale en partiële differentiaalvergelijkingen gebaseerde) generatieve
modellen; zekerheid en causaliteit in machinaal leren; en 3D-
computervisie.
Scroll verder voor het dubbele video-interview met Jan-Willem van de Meent, hoofd van
het UvA Deltalab en Thomas Kropf, voorzitter van Bosch Corporate Research and Advance 1 & 2 Managers
Herke van Hoof, voormalig labmanager van Deltalab 1, geeft het roer
door aan Eric Nalisnick.

Het komt steeds vaker voor dat bedrijven en universiteiten samenwerken aan AI-projecten.
De samenwerking tussen de UvA en Bosch is daar een voorbeeld van.
Herke: 'Het is ook belangrijk om te bedenken dat veel bedrijven heel graag AI-onderzoekers
willen aantrekken. In de loop van het vierjarige onderzoek bezoeken onze promovendi een
aantal keren het hoofdkantoor van Bosch in Duitsland bezoeken. Natuurlijk hoopt Bosch
dat sommigen van hen blijven...","[(21, 1267), (1296, 2150), (2463, 2897), (3176, 3733)]",17,3100,472,669
21,capgemini,"AI rapport_ organisaties bewust van ethiek, maar handelen nog te terughoudend - Capgemini Nederland.pdf","Ethisch bewustzijn bij het gebruik van
kunstmatige intelligentie (AI) is in
bedrijven en overheden toegenomen.
Toch is het beeld hierover nog diffuus,
aangezien er slechts op enkele
gebieden verbeteringen zijn bereikt.
Een van de redenen is dat slechts 53
procent van de onderzochte
organisaties een manager heeft die
verantwoordelijk is voor ethische en
betrouwbare AI-systemen.
Tegelijkertijd is 62 procent van de
consumenten, tegen 76 procent vorig
jaar, van mening dat bedrijven volledig
transparant zijn over hoe persoonlijke
AI rapport: organisaties bewust
van ethiek, maar handelen nog te
terughoudend
30 sep. 2020

Download press release
151 KB pdf

Download press release
684 KB pdf




Persberichten
Persberichten


10/29/25, 8:45 PM
AI rapport: organisaties bewust van ethiek, maar handelen nog te terughoudend - Capgemini Nederland
https://www.capgemini.com/nl-nl/nieuws/persberichten/ai-rapport-organisaties-bewust-van-ethiek-maar-handelen-nog-te-terughoudend/
1/8

informatie wordt gebruikt. Dit blijkt uit
een nieuw rapport van het Capgemini
Research Institute: “AI and the ethical
conundrum: How organizations can
build ethically robust AI systems and
gain trust. Het rapport benadrukt
verder dat een focus op ethische
aspecten cruciaal is om het
transformatiepotentieel van AI voor
het milieu, de economie en de
maatschappij te realiseren.
Organisaties zien in toenemende mate de noodzaak om
actie te ondernemen met betrekking tot ethische AI-
systemen: 45 procent heeft in 2020 een AI-handvest
opgesteld (2019: 5 procent) en twee derde (65 procent)
van de managers is zich ervan bewust dat AI-systemen
mogelijk tot discriminerende beslissingen kunnen leiden.
58 procent geeft ook aan dat ze hun medewerkers hebben
geïnformeerd over de mogelijke effecten van het gebruik
van AI. Toch tonen AI-systemen in 2020 vooruitgang op de
ethische dimensie van “verklaarbaarheid” ten opzichte van
2019. Op dit gebied denkt 40 procent van de AI-
ontwikkelaars en 27 procent van de AI-gebruikers in
marketing en sales te begrijpen hoe beslissingen door AI
worden genomen. Aan de consumentenkant verwacht 71
procent echter dat bedrijven in staat zijn dergelijke
beslissingen nauwkeurig te herleiden. Bovendien gaat 66
procent ervan uit dat AI-modellen eerlijk en zonder bias
handelen en dat de interacties transparant zijn.
Voor het onderzoek heeft het Capgemini Research Institute in totaal
2.900 consumenten in zes landen en bijna 900 leidinggevenden in


Persberichten
Persberichten


10/29/25, 8:45 PM
AI rapport: organisaties bewust van ethiek, maar handelen nog te terughoudend - Capgemini Nederland
https://www.capgemini.com/nl-nl/nieuws/persberichten/ai-rapport-organisaties-bewust-van-ethiek-maar-handelen-nog-te-terughoudend/
2/8

tien landen, waaronder Nederland, ondervraagd. De resultaten
werden ook vergeleken met verschillende studies van vorig jaar.
COVID-19 heeft een negatief effect op
transparantie AI-processen
De studie onderzocht AI-systemen op basis van vier ethische
dimensies: ‘verklaarbaarheid’, ‘eerlijkheid’, ‘controleerbaarheid’ en
‘transparantie’. Het rapport concludeert dat in 2020 alleen de
verklaarbaarheid is verbeterd: volgens het onderzoek kan 64 procent
– twee keer zoveel organisaties als in 2019 – de werking van hun AI-
systemen in eenvoudige taal verklaren. Een herziening van datasets
en AI-systemen om een eerlijke en gelijke behandeling van alle
groepen te garanderen, wordt uitgevoerd door 65 procent van de
organisaties (2019: 66 procent). Het aantal bedrijven dat
onafhankelijke audits van hun AI-systemen uitvoert is met één
procentpunt gedaald tot 45 procent. Het aantal bedrijven dat
transparante informatie verstrekt aan AI-gebruikers over de
mogelijke effecten van AI-beslissingen is het sterkst gedaald, van 73
naar 59 procent. In Nederland is dit percentage overigens
onveranderd gebleven: 71%. Wereldwijd is er sprake van een lager
consumentenvertrouwen: 62 procent van de consumenten (2019: 76
procent) is ervan overtuigd dat bedrijven transparant opereren.
Volgens het rapport is dit indicatief voor de huidige omstandigheden
die door COVID-19 zijn ontstaan, maar ook voor de maatschappelijke
en ecologische behoeften, de toenemende complexiteit van AI-
modellen en een verandering in het consumentengedrag, die
allemaal de functionaliteiten van de bestaande AI-modellen hebben
verstoord. Nieuwe factoren, waaronder een voorkeur voor veiligheid
en een gebrek aan trainingsgegevens voor vergelijkbare situaties uit
het verleden, hebben ertoe geleid dat organisaties hun systemen
herontwerpen om ze aan te passen aan een nieuwe norm; dit heeft
echter geleid tot minder transparantie.
Klantverwachtingen en regelgeving oefenen
druk uit om te handelen
Veel publieke en private ondernemingen hebben aanvullende AI-
technologieën ingevoerd om de gevolgen van de coronapandemie
tegen te gaan. Daarom zal het vertrouwen van de consument in AI-


Persberichten
Persberichten


10/29/25, 8:45 PM
AI rapport: organisaties bewust van ethiek, maar handelen nog te terughoudend - Capgemini Nederland
https://www.capgemini.com/nl-nl/nieuws/persberichten/ai-rapport-organisaties-bewust-van-ethiek-maar-handelen-nog-te-terughoudend/
3/8

interacties in de toekomst nog belangrijker worden. Tegelijkertijd
verhogen wettelijke kaders de druk op bedrijven. Zo heeft de
Europese Commissie ethische richtlijnen ontwikkeld [1] en heeft de
Amerikaanse Trade Commission FTC begin 2020 richtlijnen opgesteld
voor transparante AI [2]. Deze laatste richtlijn bepaalt, in geval van
negatieve beslissingen – bijvoorbeeld een afgewezen krediet – dat
de datapunten die centraal staan in het besluitvormingsproces
moeten worden gedeeld met de consument. Dit moet hen de kans
geven om onjuiste of misleidende informatie te corrigeren. Van de
bedrijven geeft 62 procent aan dat ze voldoen aan de regelgeving
voor gegevensbescherming zoals de GDPR die in hun regio geldt,
een stijging van 13 procentpunten ten opzichte van 2019.
Het onderzoek toont aan dat datasets soms zelfs sociale en culturele
vooroordelen bevatten[3], waarbij 65 procent van de managers zich
bewust is van het probleem van discriminerende vooroordelen. Bij
60 procent van de ondernemingen is al een wettelijke controle
uitgevoerd. In totaal is 22 procent van de bedrijven de afgelopen
drie jaar door klanten geconfronteerd met het feit dat zij twijfelen
aan op AI gebaseerde beslissingen of het besluitvormingsproces
willen begrijpen. Aarzelend handelen vormt een risico, aangezien 45
procent van de klanten negatieve ervaringen deelt met vrienden en
familie en hen aanmoedigt om geen contact op te nemen met de
betreffende bedrijven. In elk geval zou 39 procent een verklaring
eisen voor twijfelachtige beslissingen of hogere kosten accepteren
om over te stappen op een menselijke contactpersoon. Meer dan
een kwart van de consumenten (27 procent) zou het contact met de
betreffende organisatie verbreken.
Verantwoordelijkheid beleggen in ethische
kwesties
Volgens de studie moeten bedrijven een verantwoordelijke manager,
zoals een Chief Ethics Officer, in het leven roepen om te zorgen voor
ethisch verantwoorde AI-systemen. Momenteel is deze functie in 53
procent van de bedrijven aanwezig. Een ombudsman of hotline, waar
klanten en medewerkers terecht kunnen met ethische vragen over
AI-systemen, is ook slechts in één op de twee bedrijven beschikbaar.
Daarnaast moeten bedrijfs- en technologie-executives er ook voor
kunnen zorgen dat de AI-toepassingen die in hun gebied worden
gebruikt, ethische resultaten opleveren.


Persberichten
Persberichten


10/29/25, 8:45 PM
AI rapport: organisaties bewust van ethiek, maar handelen nog te terughoudend - Capgemini Nederland
https://www.capgemini.com/nl-nl/nieuws/persberichten/ai-rapport-organisaties-bewust-van-ethiek-maar-handelen-nog-te-terughoudend/
4/8

Samenvattend benadrukt de studie zeven belangrijke maatregelen
[4] die cruciaal zijn voor het bouwen van een ethisch robuust AI-
systeem en die gebaseerd moeten zijn op een sterk fundament van
leiderschap, governance en interne processen. Organisaties moeten
daarom:
het beoogde doel van het AI-systeem nauwkeurig kunnen
beschrijven en het potentiële totale effect kunnen bepalen;
Actief AI gebruiken ten behoeve van de samenleving en het
milieu;
de beginselen van diversiteit en inclusie gedurende de gehele
levenscyclus van AI-systemen verankeren;
de transparantie optimaliseren met behulp van geschikte
technologische hulpmiddelen;
ervoor te zorgen dat AI-ervaringen mensgericht zijn en dat AI-
systemen onder menselijk toezicht staan;
ervoor zorgen dat AI-systemen technisch robuust zijn;
privacy beschermen door gebruikers controle te geven over hun
AI-interacties.
“Gezien het potentieel van AI, moet het ethisch gebruik ervan natuurlijk
zorgen dat er geen schade aan de mens wordt toegebracht en dat de
mens volledig verantwoordelijk en aansprakelijk is voor wanneer er iets
misgaat. Dan is er een zeer reële kans om proactief te streven naar een
goed milieu en sociaal welzijn,” zegt Anne-Laure Thieullent, Artificial
Intelligence and Analytics Group Offer Leader bij Capgemini. “AI is
een transformationele technologie met de kracht om vergaande
ontwikkelingen te bewerkstelligen in het bedrijfsleven, maar ook in de
maatschappij en het milieu. In plaats van bang te zijn voor de gevolgen
van AI voor mens en maatschappij, is het absoluut mogelijk om AI te
richten op het actief bestrijden van vooroordelen tegen minderheden,
en zelfs het corrigeren van de menselijke bias in onze samenleving. Dit
betekent dat organisaties die over de AI-capaciteiten beschikken, de
schat aan gegevens en het doel om te werken aan het welzijn van de
samenleving en het milieu, meer verantwoordelijkheid moeten nemen in
het aanpakken van deze kwesties om de samenlevingen nu en in de
toekomst ten goede te komen, en dit alles met respect voor de
transparantie en hun eigen verantwoordelijkheid in het proces”.


Persberichten
Persberichten


10/29/25, 8:45 PM
AI rapport: organisaties bewust van ethiek, maar handelen nog te terughoudend - Capgemini Nederland
https://www.capgemini.com/nl-nl/nieuws/persberichten/ai-rapport-organisaties-bewust-van-ethiek-maar-handelen-nog-te-terughoudend/
5/8

Onderzoeksmethodologie
Capgemini heeft in april – mei 2020 een wereldwijde consumenten-
en executive survey uitgevoerd. In de consumentenenquête werden
2.900 consumenten in zes landen ondervraagd, terwijl in de enquête
voor executives 884 managers werden ondervraagd (onder meer in
de functies: Informatietechnologie, AI-ontwikkelaars,
datawetenschappers, verkoop, marketing en klantenservice) uit tien
landen. Deze resultaten werden verder vergeleken met de enquêtes
van 2019 die in april 2019 en juni 2019 werden gehouden onder
5.000 consumenten en 722 leidinggevenden, waaronder AI-
ontwikkelaars, datawetenschappers, verkoop- en marketingteams.
Capgemini heeft in augustus-september 2020 ook diepte-interviews
gehouden met een aantal managers uit diverse sectoren, academici
en vakspecialisten op het gebied van ethiek in AI.
[1] SSIR, “The Problem With COVID-19 Artificial Intelligence
Solutions and How to Fix Them,” juni 2020.
[2] Europese Commissie, “Ethics guidelines for trustworthy AI,” april
2019.
[3] FTC.Gov, “Using Artificial Intelligence and Algorithms,” april 2020.
[4] De zeven dimensies van ethische AI zijn afgeleid van de zeven
principes voor ethische AI zoals gedefinieerd door de Europese
Commissie.
Related News
Capgemini Q3 2025 revenues
Oct 28, 2025
Financial news



Persberichten
Persberichten


10/29/25, 8:45 PM
AI rapport: organisaties bewust van ethiek, maar handelen nog te terughoudend - Capgemini Nederland
https://www.capgemini.com/nl-nl/nieuws/persberichten/ai-rapport-organisaties-bewust-van-ethiek-maar-handelen-nog-te-terughoudend/
6/8

Insights
Sectoren
Services
Carrière
Over ons
Investors
Gebruiksvoorwaarden
Capgemini completes the acquisition of WNS and
creates a global leader in Agentic AI-powered Intelligent
Operations
Oct 17, 2025
Corporate news

Vertrouwen in vrouwelijk leiderschap groeit, maar bij
nieuwe vaardigheden zoals AI blijven stereotiepe
vooroordelen bestaan
Oct 8, 2025
Reports



Persberichten
Persberichten


10/29/25, 8:45 PM
AI rapport: organisaties bewust van ethiek, maar handelen nog te terughoudend - Capgemini Nederland
https://www.capgemini.com/nl-nl/nieuws/persberichten/ai-rapport-organisaties-bewust-van-ethiek-maar-handelen-nog-te-terughoudend/
7/8

Toegankelijkheid
Privacyverklaring
Kwetsbaarheid melden
Cookie settings
Cookie policy
Fraude-alert
Onze merken:
© Capgemini, 2025. All rights reserved.


Persberichten

10/29/25, 8:45 PM
AI rapport: organisaties bewust van ethiek, maar handelen nog te terughoudend - Capgemini Nederland
https://www.capgemini.com/nl-nl/nieuws/persberichten/ai-rapport-organisaties-bewust-van-ethiek-maar-handelen-nog-te-terughoudend/
8/8
",yes,['ai'],"['ai', 'artificial intelligence', 'kunstmatige intelligentie']","['kunstmatige intelligentie', 'artificial intelligence', 'ai']",1,70,[],"Ethisch bewustzijn bij het gebruik van
kunstmatige intelligentie (AI) is in
bedrijven en overheden toegenomen.
Toch is het beeld hierover nog diffuus,
aangezien er slechts op enkele
gebieden verbeteringen zijn bereikt.
Een van de redenen is dat slechts 53
procent van de onderzochte
organisaties een manager heeft die
verantwoordelijk is voor ethische en
betrouwbare AI-systemen.
Tegelijkertijd is 62 procent van de
consumenten, tegen 76 procent vorig
jaar, van mening dat bedrijven volledig
transparant zijn over hoe persoonlijke
AI rapport: organisaties bewust
van ethiek, maar handelen nog te
terughoudend
30 sep. 2020

Download press release
151 KB pdf

Download press release
684 KB pdf




Persberichten
Persberichten


10/29/25, 8:45 PM
AI rapport: organisaties bewust van ethiek, maar handelen nog te terughoudend - Capgemini Nederland
https://www.capgemini.com/nl-nl/nieuws/persberichten/ai-rapport-organisaties-bewust-van-ethiek-maar-handelen-nog-te-terughoudend/
1/8

informatie wordt gebruikt. Dit blijkt uit
een nieuw rapport van het Capgemini
Research Institute: “AI and the ethical
conundrum: How organizations can
build ethically robust AI systems and
gain trust. Het rapport benadrukt
verder dat een focus op ethische
aspecten cruciaal is om het
transformatiepotentieel van AI voor
het milieu, de economie en de
maatschappij te realiseren.
Organisaties zien in toenemende mate de noodzaak om
actie te ondernemen met betrekking tot ethische AI-
systemen: 45 procent heeft in 2020 een AI-handvest
opgesteld (2019: 5 procent) en twee derde (65 procent)
van de managers is zich ervan bewust dat AI-systemen
mogelijk tot discriminerende beslissingen kunnen leiden.
58 procent geeft ook aan dat ze hun medewerkers hebben
geïnformeerd over de mogelijke effecten van het gebruik
van AI. Toch tonen AI-systemen in 2020 vooruitgang op de
ethische dimensie van “verklaarbaarheid” ten opzichte van
2019. Op dit gebied denkt 40 procent van de AI-
ontwikkelaars en 27 procent van de AI-gebruikers in
marketing en sales te begrijpen hoe beslissingen door AI
worden genomen. Aan de consumentenkant verwacht 71
procent echter dat bedrijven in staat zijn dergelijke
beslissingen nauwkeurig te herleiden. Bovendien gaat 66
procent ervan uit dat AI-modellen eerlijk en zonder bias
handelen en dat de interacties transparant zijn.
Voor het onderzoek heeft het Capgemini Research Institute in totaal
2.900 consumenten in zes landen en bijna 900 leidinggevenden in


Persberichten
Persberichten


10/29/25, 8:45 PM
AI rapport: organisaties bewust van ethiek, maar handelen nog te terughoudend - Capgemini Nederland
https://www.capgemini.com/nl-nl/nieuws/persberichten/ai-rapport-organisaties-bewust-van-ethiek-maar-handelen-nog-te-terughoudend/
2/8

tien landen, waaronder Nederland, ondervraagd. De resultaten
werden ook vergeleken met verschillende studies van vorig jaar.
COVID-19 heeft een negatief effect op
transparantie AI-processen
De studie onderzocht AI-systemen op basis van vier ethische
dimensies: ‘verklaarbaarheid’, ‘eerlijkheid’, ‘controleerbaarheid’ en
‘transparantie’. Het rapport concludeert dat in 2020 alleen de
verklaarbaarheid is verbeterd: volgens het onderzoek kan 64 procent
– twee keer zoveel organisaties als in 2019 – de werking van hun AI-
systemen in eenvoudige taal verklaren. Een herziening van datasets
en AI-systemen om een eerlijke en gelijke behandeling van alle
groepen te garanderen, wordt uitgevoerd door 65 procent van de
organisaties (2019: 66 procent). Het aantal bedrijven dat
onafhankelijke audits van hun AI-systemen uitvoert is met één
procentpunt gedaald tot 45 procent. Het aantal bedrijven dat
transparante informatie verstrekt aan AI-gebruikers over de
mogelijke effecten van AI-beslissingen is het sterkst gedaald, van 73
naar 59 procent. In Nederland is dit percentage overigens
onveranderd gebleven: 71%. Wereldwijd is er sprake van een lager
consumentenvertrouwen: 62 procent van de bedrijven transparant opereren.
Volgens het rapport is dit indicatief voor de huidige omstandigheden
die door COVID-19 zijn ontstaan, maar ook voor de maatschappelijke
en ecologische behoeften, de toenemende complexiteit van AI-
modellen en een verandering in het consumentengedrag, die
allemaal de functionaliteiten van de bestaande AI-modellen hebben
verstoord. Nieuwe factoren, waaronder een voorkeur voor veiligheid
en een gebrek aan trainingsgegevens voor vergelijkbare situaties uit
het verleden, hebben ertoe geleid dat organisaties hun systemen
herontwerpen om ze aan te passen aan een nieuwe norm; dit heeft
echter geleid tot minder transparantie.
Klantverwachtingen en regelgeving oefenen
druk uit om te handelen
Veel publieke en private ondernemingen hebben aanvullende AI-
technologieën ingevoerd om de gevolgen van de coronapandemie
tegen te gaan. Daarom zal het vertrouwen van de consument in AI-


Persberichten
Persberichten


10/29/25, 8:45 PM
AI rapport: organisaties bewust van ethiek, maar handelen nog te terughoudend - Capgemini Nederland
https://www.capgemini.com/nl-nl/nieuws/persberichten/ai-rapport-organisaties-bewust-van-ethiek-maar-handelen-nog-te-terughoudend/
3/8

interacties in de toekomst nog belangrijker worden. Tegelijkertijd
verhogen wettelijke kaders de druk op bedrijven. Zo heeft de
Europese Commissie ethische richtlijnen ontwikkeld [1] en heeft de
Amerikaanse Trade Commission FTC begin 2020 richtlijnen opgesteld
voor transparante AI [2]. Deze laatste richtlijn bepaalt, in geval van
negatieve beslissingen – bijvoorbeeld een afgewezen krediet – dat
de datapunten die centraal staan in het besluitvormingsproces
moeten worden gedeeld met de ondernemingen is al een wettelijke controle
uitgevoerd. In totaal is 22 procent van de bedrijven de afgelopen
drie jaar door klanten geconfronteerd met het feit dat zij twijfelen
aan op AI gebaseerde beslissingen of het besluitvormingsproces
willen begrijpen. Aarzelend handelen vormt een risico, aangezien 45
procent van de klanten negatieve ervaringen deelt met vrienden en
familie en hen aanmoedigt om geen organisatie verbreken.
Verantwoordelijkheid beleggen in ethische
kwesties
Volgens de studie moeten bedrijven een verantwoordelijke manager,
zoals een Chief Ethics Officer, in het leven roepen om te zorgen voor
ethisch verantwoorde AI-systemen. Momenteel is deze functie in 53
procent van de bedrijven aanwezig. Een ombudsman of hotline, waar
klanten en medewerkers terecht kunnen met ethische vragen over
AI-systemen, is ook slechts in één op de twee bedrijven beschikbaar.
Daarnaast moeten bedrijfs- en technologie-executives er ook voor
kunnen zorgen dat de AI-toepassingen die in hun gebied worden
gebruikt, ethische resultaten opleveren.


Persberichten
Persberichten


10/29/25, 8:45 PM
AI rapport: organisaties bewust van ethiek, maar handelen nog te terughoudend - Capgemini Nederland
https://www.capgemini.com/nl-nl/nieuws/persberichten/ai-rapport-organisaties-bewust-van-ethiek-maar-handelen-nog-te-terughoudend/
4/8

Samenvattend benadrukt de studie zeven belangrijke maatregelen
[4] die cruciaal zijn voor het bouwen van een ethisch robuust AI-
systeem en die gebaseerd moeten zijn op een sterk fundament van
leiderschap, governance en interne processen. Organisaties moeten
daarom:
het beoogde doel van het AI-systeem nauwkeurig kunnen
beschrijven en het potentiële totale effect kunnen bepalen;
Actief AI gebruiken ten behoeve van de samenleving en het
milieu;
de beginselen van diversiteit en inclusie gedurende de gehele
levenscyclus van AI-systemen verankeren;
de transparantie optimaliseren met behulp van geschikte
technologische hulpmiddelen;
ervoor te zorgen dat AI-ervaringen mensgericht zijn en dat AI-
systemen onder menselijk toezicht staan;
ervoor zorgen dat AI-systemen technisch robuust zijn;
privacy beschermen door gebruikers controle te geven over hun
AI-interacties.
“Gezien het potentieel van AI, moet het ethisch gebruik ervan natuurlijk
zorgen dat er geen schade aan de mens wordt toegebracht en dat de
mens volledig verantwoordelijk en aansprakelijk is voor wanneer er iets
misgaat....","[(0, 3943), (3998, 4569), (4570, 5686), (6188, 6597), (6897, 8918)]",71,8067,1182,1894
22,capgemini,Door AI ondersteunde klantinteracties in Nederland schieten omhoog van 13 nu - Capgemini Nederland.pdf,"Kunstmatige Intelligentie (AI) is
doorgebroken naar de mainstream als
het gaat om toepassing in
klantinteracties, volgens een nieuw
rapport van het Capgemini Research
Institute.  Meer dan de helft van de
ondervraagde klanten wereldwijd
(54%) zegt nu dagelijks op AI-
gebaseerde interacties te doen met
organisaties – een aanzienlijke stijging
ten opzichte van de 21% in
Capgemini’s onderzoek uit 2018 over
dit zelfde onderwerp. In Nederland is
de stijging van het aantal
Door AI ondersteunde
klantinteracties in Nederland
schieten omhoog van 13% in 2018
naar 57% nu
21 jul. 2020

Download press release
5 MB pdf




Persberichten
Persberichten


10/29/25, 8:46 PM
Door AI ondersteunde klantinteracties in Nederland schieten omhoog van 13% in 2018 naar 57% nu - Capgemini Nederland
https://www.capgemini.com/nl-nl/nieuws/persberichten/door-ai-ondersteunde-klantinteracties-in-nederland-schieten-omhoog-van-13-in-2018-naar-57-nu/
1/7

klantinteracties gebaseerd op AI nog
sterker: van 13% in 2018 naar 57% nu
Het rapport ‘The Art of Customer-Centric Artificial
Intelligence: How organizations can unleash the full
potential of AI in the customer experience’ beschrijft de
factoren die significant hebben bijgedragen aan de
verdere adoptie van AI bij klanten, zoals een toegenomen
vertrouwen in AI, meer mensachtige AI-interacties, meer
contactloze interacties door COVID-19 en de versnelde
implementatie van AI-toepassingen bij organisaties.
COVID-19 heeft de adoptie door klanten van contactloze, op AI-
gebaseerde systemen, versneld. Het toenemend gebruik van
stemassistenten en gezichtsherkenning geven AI-adoptie een
stevige impuls. Meer dan driekwart van de Nederlandse klanten
(78%) zegt vaker gebruik te willen maken van contactloze interfaces
om directe interactie met mensen of touchscreens te vermijden.
63% van de ondervraagde consumenten zal dit ook blijven doen na
COVID-19. Dit cijfer is vergelijkbaar met het wereldwijde gemiddelde
waar 77% van de klanten zegt vaker gebruik te willen maken van
contactloze interfaces. Het feit dat contactloze interfaces een
integraal onderdeel worden van de klantervaring in een
gezondheids- en veiligheidsbewuste wereld wordt ook door
organisaties erkend: wereldwijd is 75% van de onderzochte
organisaties van mening dat de toenemende belangstelling van
klanten voor contactloze interacties ook na de pandemie zal blijven
bestaan.
De voorkeur van klanten voor AI-interacties is dus aanzienlijk
verhoogd. Kelly Anderson, Director Data Science en Artificial
Intelligence bij Procter & Gamble bevestigt dit: “Ik geloof dat de
verwachtingen van klanten zijn geëvolueerd tot het punt waarop ze
bijna verwachten dat interacties op AI gebaseerd zijn. Dus als je
daadwerkelijk een mens in de lus zet, zijn ze zeer aangenaam verrast en
soms verbaasd. Dit toont duidelijk aan dat chatbots, Natural Language
Processing en AI vooruitgang boeken en verder geëvolueerd zijn“.


Persberichten
Persberichten


10/29/25, 8:46 PM
Door AI ondersteunde klantinteracties in Nederland schieten omhoog van 13% in 2018 naar 57% nu - Capgemini Nederland
https://www.capgemini.com/nl-nl/nieuws/persberichten/door-ai-ondersteunde-klantinteracties-in-nederland-schieten-omhoog-van-13-in-2018-naar-57-nu/
2/7

Vanuit een sectorperspectief onderscheiden Automotive (64%) en
de publieke sector (62%) zich als de sterkst presterende sectoren op
dit gebied. Het wijdverbreide gebruik van spraakinterfaces in de
auto verklaart voor een deel de dominante positie van de
automobielindustrie. Zo is BMW, dat al vele jaren zijn eigen op AI
gebaseerde stemassistenten in de auto inzet, van plan om ze
natuurlijker te maken, met gebaarherkenning of blikherkenning voor
hun 2021-modellen[1].
Vertrouwen en mensachtige interacties zijn verbeterd
Klantvertrouwen was in 2018 nog een verbeterpunt, maar het
laatste onderzoek laat zien dat organisaties grote stappen hebben
gezet op dit gebied. Meer dan twee derde (67%) van de klanten
vertrouwt de gepersonaliseerde aanbevelingen en suggesties van
interacties gebaseerd op AI. Bovendien vindt bijna de helft van de
klanten (46%) dat AI-ondersteunde interacties betrouwbaar zijn –
vergeleken met 30% in 2018. Het percentage klanten dat zegt dat ze
machines niet vertrouwen in verband met de veiligheid en privacy
van hun persoonlijke gegevens is gedaald naar 36%. Dit percentage
lag nog op 49% in 2018.
Klanten wilden ook meer mensachtige AI-interacties. En ook op dit
terrein hebben organisaties vooruitgang geboekt. Over het geheel
genomen gelooft 64% van de klanten dat hun AI-interacties meer
mensachtig zijn (vergeleken met 48% in 2018). China (74%),
Australië (72%) en de VS (70%) lopen voorop in het percentage
klanten dat gelooft dat hun AI-interacties meer mensachtig zijn.
Organisaties hebben bewust geprobeerd om mensachtige
kenmerken in AI-toepassingen in te bouwen: 72% van de
organisaties is het erover eens dat ze actief proberen om hun AI-
interacties meer mensachtig te maken.
“Contextbewuste” AI-use cases bevatten de sleutel tot
klanttevredenheid.
Terwijl klanten hun AI-interacties sinds 2018 hebben verhoogd, is
hun tevredenheid juist gedaald. Over het geheel genomen is 57%
van de klanten tevreden over de AI-interacties, vergeleken met de
meer dan twee derde (69%) die in 2018 tevreden waren. Ook in
Nederland is de klanttevredenheid gedaald: van 69% in 2018 naar
61% in 2020. Daarnaast zegt 51% van de klanten dat ze een AI-


Persberichten
Persberichten


10/29/25, 8:46 PM
Door AI ondersteunde klantinteracties in Nederland schieten omhoog van 13% in 2018 naar 57% nu - Capgemini Nederland
https://www.capgemini.com/nl-nl/nieuws/persberichten/door-ai-ondersteunde-klantinteracties-in-nederland-schieten-omhoog-van-13-in-2018-naar-57-nu/
3/7

ervaring als positief zullen beschouwen als deze een unieke ervaring
oplevert die hun verwachtingen overtreft.
Uit het onderzoek bleek dat meer klanten tevreden zijn met
contextbewuste use-cases en daar meer voordeel uit halen dan uit
de rest van de use cases. Voorbeelden hiervan zijn het autonoom
parkeren van auto’s, het opsporen van frauduleuze banktransacties
en het authenticeren van betalingen met behulp van biometrische
scanners.
Meeste organisaties meten impact AI op klantervaring met basis-
KPI’s
Weinig klanten hebben AI ervaren op een manier die hun
verwachtingen ver overtrof. Dit kan worden teruggekoppeld naar
het feit dat een meerderheid van de organisaties (73%) alleen een
basis KPI (key performance indicator) volgt voor het meten van de
klantervaring, waarbij alleen wordt gekeken naar het aantal klanten
dat door AI-interacties wordt bediend. Volgens het rapport moeten
organisaties meet- en feedbackmanagement toevoegen aan het
ontwerpen en ontwikkelen van AI, zodat AI-systemen hun leer- en
verbeterpotentieel in de loop van de tijd ook kunnen leveren.
De toekomst van de klantervaring
Uit het onderzoek van Capgemini uit 2018 bleek dat de meeste
organisaties (93%) AI toepaste in minder dan 30% van de
klantinteracties. Nu ligt slechts 10% van de organisaties op die lage
drempel, waarbij 80% zegt dat 30% tot 50% van de
klantbetrokkenheid door wordt AI gegenereerd. Volgens het rapport
zal over twee tot drie jaar de overgrote meerderheid (80%) meer
dan de helft van hun interacties via AI mogelijk maken.
“Het gebruik van AI in customer experience is blijvend. COVID-19 is een
katalysator geweest in het versnellen van AI-implementaties;
veranderingen in het gedrag van klanten door de crisis hebben een
duidelijke kans gecreëerd om AI-implementaties te schalen,” zegt
Darshan Shankavaram, hoofd van de Global Digital Customer
Experience Practice bij Capgemini. “Het is echter essentieel dat
bedrijven zich richten op het gebruik van AI om hun klanten tevreden te
stellen en betere interacties en ervaringen te creëren, in plaats van het
gewoon te gebruiken om het volume en de snelheid aan te pakken of als


Persberichten
Persberichten


10/29/25, 8:46 PM
Door AI ondersteunde klantinteracties in Nederland schieten omhoog van 13% in 2018 naar 57% nu - Capgemini Nederland
https://www.capgemini.com/nl-nl/nieuws/persberichten/door-ai-ondersteunde-klantinteracties-in-nederland-schieten-omhoog-van-13-in-2018-naar-57-nu/
4/7

een gimmick. Dit betekent dat ze moeten blijven investeren in
betrouwbare, mensachtige AI-ervaringen en dat ze hun KPI’s moeten
ontwikkelen om geavanceerder te worden. Door deze veranderingen
verwachten we de klanttevredenheid te zien verbeteren en hun
openheid om AI verder te gebruiken tijdens het klanttraject te
vergroten”.
Het volledige rapport kunt u hier downloaden.
Onderzoeksmethodologie
Het Capgemini Research Institute onderzocht 5.300 klanten in twaalf
landen: Australië, Brazilië, China, Frankrijk, Duitsland, India, Italië,
Nederland, Spanje, Zweden, het Verenigd Koninkrijk en de VS. Het
onderzocht ook 1.060 bedrijfsleiders van grote organisaties met een
jaarlijkse omzet van minstens $1 miljard in 2019 in verschillende
sectoren en landen. Daarnaast heeft het instituut ook diepte-
interviews gehouden met leidinggevenden uit de sector en twee
virtuele focusgroepgesprekken gevoerd met eindklanten.
[1] Bron: Techcrunch, “BMW makes interacting with your car’s AI
system more natural,” februari 2019.
Related News
Capgemini Q3 2025 revenues
Oct 28, 2025
Financial news

Corporate news


Persberichten
Persberichten


10/29/25, 8:46 PM
Door AI ondersteunde klantinteracties in Nederland schieten omhoog van 13% in 2018 naar 57% nu - Capgemini Nederland
https://www.capgemini.com/nl-nl/nieuws/persberichten/door-ai-ondersteunde-klantinteracties-in-nederland-schieten-omhoog-van-13-in-2018-naar-57-nu/
5/7

Insights
Sectoren
Services
Carrière
Over ons
Investors
Gebruiksvoorwaarden
Toegankelijkheid
Privacyverklaring
Kwetsbaarheid melden
Cookie settings
Capgemini completes the acquisition of WNS and
creates a global leader in Agentic AI-powered Intelligent
Operations
Oct 17, 2025

Vertrouwen in vrouwelijk leiderschap groeit, maar bij
nieuwe vaardigheden zoals AI blijven stereotiepe
vooroordelen bestaan
Oct 8, 2025
Reports



Persberichten
Persberichten


10/29/25, 8:46 PM
Door AI ondersteunde klantinteracties in Nederland schieten omhoog van 13% in 2018 naar 57% nu - Capgemini Nederland
https://www.capgemini.com/nl-nl/nieuws/persberichten/door-ai-ondersteunde-klantinteracties-in-nederland-schieten-omhoog-van-13-in-2018-naar-57-nu/
6/7

Cookie policy
Fraude-alert
Onze merken:
© Capgemini, 2025. All rights reserved.


Persberichten

10/29/25, 8:46 PM
Door AI ondersteunde klantinteracties in Nederland schieten omhoog van 13% in 2018 naar 57% nu - Capgemini Nederland
https://www.capgemini.com/nl-nl/nieuws/persberichten/door-ai-ondersteunde-klantinteracties-in-nederland-schieten-omhoog-van-13-in-2018-naar-57-nu/
7/7
",yes,['ai'],"['ai', 'chatbots', 'kunstmatige intelligentie']","['kunstmatige intelligentie', 'chatbots', 'ai']",1,58,[],"Kunstmatige Intelligentie (AI) is
doorgebroken naar de mainstream als
het gaat om toepassing in
klantinteracties, volgens een nieuw
rapport van het Capgemini Research
Institute.  Meer dan de helft van de
ondervraagde klanten wereldwijd
(54%) zegt nu dagelijks op AI-
gebaseerde interacties te doen met
organisaties – een aanzienlijke stijging
ten opzichte van de 21% in
Capgemini’s onderzoek uit 2018 over
dit zelfde onderwerp. In Nederland is
de stijging van het aantal
Door AI ondersteunde
klantinteracties in Nederland
schieten omhoog van 13% in 2018
naar 57% nu
21 jul. 2020

Download press release
5 MB pdf




Persberichten
Persberichten


10/29/25, 8:46 PM
Door AI ondersteunde klantinteracties in Nederland schieten omhoog van 13% in 2018 naar 57% nu - Capgemini Nederland
https://www.capgemini.com/nl-nl/nieuws/persberichten/door-ai-ondersteunde-klantinteracties-in-nederland-schieten-omhoog-van-13-in-2018-naar-57-nu/
1/7

klantinteracties gebaseerd op AI nog
sterker: van 13% in 2018 naar 57% nu
Het rapport ‘The Art of Customer-Centric Artificial
Intelligence: How organizations can unleash the full
potential of AI in the customer experience’ beschrijft de
factoren die significant hebben bijgedragen aan de
verdere adoptie van AI bij klanten, zoals een toegenomen
vertrouwen in AI, meer mensachtige AI-interacties, meer
contactloze interacties door COVID-19 en de versnelde
implementatie van AI-toepassingen bij organisaties.
COVID-19 heeft de adoptie door klanten van contactloze, op AI-
gebaseerde systemen, versneld. Het toenemend gebruik van
stemassistenten en gezichtsherkenning geven AI-adoptie een
stevige impuls. Meer dan driekwart van de Nederlandse klanten
(78%) zegt vaker gebruik te willen maken van contactloze interfaces
om directe interactie met mensen of touchscreens te vermijden.
63% wereldwijd is 75% van de onderzochte
organisaties van mening dat de toenemende belangstelling van
klanten voor contactloze interacties ook na de pandemie zal blijven
bestaan.
De voorkeur van klanten voor AI-interacties is dus aanzienlijk
verhoogd. Kelly Anderson, Director Data Science en Artificial
Intelligence bij Procter & Gamble bevestigt dit: “Ik geloof dat de
verwachtingen van klanten zijn geëvolueerd tot het punt waarop ze
bijna verwachten dat interacties op AI gebaseerd zijn. Dus als je
daadwerkelijk een mens in de lus zet, zijn ze zeer aangenaam verrast en
soms verbaasd. Dit toont duidelijk aan dat chatbots, Natural Language
Processing en AI vooruitgang boeken en verder geëvolueerd zijn“.


Persberichten
Persberichten


10/29/25, 8:46 PM
Door AI ondersteunde klantinteracties in Nederland schieten omhoog van 13% in 2018 naar 57% nu - Capgemini Nederland
https://www.capgemini.com/nl-nl/nieuws/persberichten/door-ai-ondersteunde-klantinteracties-in-nederland-schieten-omhoog-van-13-in-2018-naar-57-nu/
2/7

Vanuit een sectorperspectief onderscheiden Automotive (64%) en
de publieke sector (62%) zich als de sterkst presterende sectoren op
dit gebied. Het wijdverbreide gebruik van spraakinterfaces in de
auto verklaart voor een deel de dominante positie van de
automobielindustrie. Zo is BMW, dat al vele jaren zijn eigen op AI
gebaseerde stemassistenten in de auto inzet, van plan om ze
natuurlijker te maken, met gebaarherkenning of blikherkenning voor
hun 2021-modellen[1].
Vertrouwen en mensachtige interacties zijn verbeterd
Klantvertrouwen was in 2018 onderzoek laat zien dat organisaties grote stappen hebben
gezet op dit gebied. Meer dan twee derde (67%) van de klanten
vertrouwt de gepersonaliseerde aanbevelingen en suggesties van
interacties gebaseerd op AI. Bovendien vindt bijna de helft van de
klanten (46%) dat AI-ondersteunde interacties betrouwbaar zijn –
vergeleken met 30% in 2018. Het percentage klanten dat zegt dat ze
machines niet vertrouwen in verband met de veiligheid en privacy
van hun persoonlijke gegevens is gedaald naar 36%. Dit percentage
lag nog op 49% in 2018.
Klanten wilden ook meer mensachtige AI-interacties. En ook op dit
terrein hebben organisaties vooruitgang geboekt. Over het geheel
genomen gelooft 64% van de klanten dat hun AI-interacties meer
mensachtig zijn (vergeleken met 48% in 2018). China (74%),
Australië (72%) en de VS (70%) lopen voorop in het percentage
klanten dat gelooft dat hun AI-interacties meer mensachtig zijn.
Organisaties hebben bewust geprobeerd om mensachtige
kenmerken in AI-toepassingen in te bouwen: 72% van de
organisaties is het erover eens dat ze actief proberen om hun AI-
interacties meer mensachtig te maken.
“Contextbewuste” AI-use cases bevatten de sleutel tot
klanttevredenheid.
Terwijl klanten hun AI-interacties sinds 2018 hebben verhoogd, is
hun tevredenheid juist gedaald. Over het geheel genomen is 57%
van de klanten tevreden over de AI-interacties, vergeleken met de
meer dan twee derde (69%) die in 2018 tevreden waren. Ook in
Nederland is de klanttevredenheid gedaald: van 69% in 2018 naar
61% in 2020. Daarnaast zegt 51% van de klanten dat ze een AI-


Persberichten
Persberichten


10/29/25, 8:46 PM
Door AI ondersteunde klantinteracties in Nederland schieten omhoog van 13% in 2018 naar 57% nu - Capgemini Nederland
https://www.capgemini.com/nl-nl/nieuws/persberichten/door-ai-ondersteunde-klantinteracties-in-nederland-schieten-omhoog-van-13-in-2018-naar-57-nu/
3/7

ervaring als positief zullen beschouwen als deze een unieke ervaring
oplevert die hun verwachtingen overtreft.
Uit het onderzoek bleek dat meer klanten tevreden zijn met
contextbewuste use-cases en daar de use cases. Voorbeelden hiervan zijn het autonoom
parkeren van auto’s, het opsporen van frauduleuze banktransacties
en het authenticeren van betalingen met behulp van biometrische
scanners.
Meeste organisaties meten impact AI op klantervaring met basis-
KPI’s
Weinig klanten hebben AI ervaren op een manier die hun
verwachtingen ver overtrof. Dit kan worden teruggekoppeld naar
het feit dat een meerderheid van de organisaties (73%) alleen een
basis KPI (key performance indicator) volgt voor het meten van de
klantervaring, waarbij alleen wordt gekeken naar het aantal klanten
dat door AI-interacties wordt bediend. Volgens het rapport moeten
organisaties meet- en feedbackmanagement toevoegen aan het
ontwerpen en ontwikkelen van AI, zodat AI-systemen hun leer- en
verbeterpotentieel in de loop van de tijd ook kunnen leveren.
De toekomst van de klantervaring
Uit het onderzoek van Capgemini uit 2018 bleek dat de meeste
organisaties (93%) AI toepaste in minder dan 30% van de
klantinteracties. Nu ligt slechts 10% van de organisaties op die lage
drempel, waarbij 80% zegt dat 30% tot 50% van de
klantbetrokkenheid door wordt AI gegenereerd. Volgens het rapport
zal over twee tot drie jaar de overgrote meerderheid (80%) meer
dan de helft van hun interacties via AI mogelijk maken.
“Het gebruik van AI in customer experience is blijvend. COVID-19 is een
katalysator geweest in het versnellen van AI-implementaties;
veranderingen in het gedrag van klanten door de crisis hebben een
duidelijke kans gecreëerd om AI-implementaties te schalen,” zegt
Darshan Shankavaram, hoofd van de Global Digital Customer
Experience Practice bij Capgemini. “Het is echter essentieel dat
bedrijven zich richten op het gebruik van AI om hun klanten tevreden te
stellen en betere interacties en ervaringen te creëren, in plaats van het
gewoon te gebruiken om het volume en de snelheid aan te pakken of als


Persberichten
Persberichten


10/29/25, 8:46 PM
Door AI ondersteunde klantinteracties in Nederland schieten omhoog van 13% in 2018 naar 57% nu - Capgemini Nederland
https://www.capgemini.com/nl-nl/nieuws/persberichten/door-ai-ondersteunde-klantinteracties-in-nederland-schieten-omhoog-van-13-in-2018-naar-57-nu/
4/7

een gimmick. Dit betekent dat ze moeten blijven investeren in
betrouwbare, mensachtige AI-ervaringen en dat ze hun KPI’s moeten
ontwikkelen om geavanceerder te worden. Door deze veranderingen
verwachten we de klanttevredenheid te zien verbeteren en hun
openheid om AI verder te gebruiken tijdens het klanttraject te
vergroten”.
Het volledige rapport kunt u hier downloaden.
Onderzoeksmethodologie
Het Capgemini Research Institute onderzocht 5.300 klanten in twaalf
landen: Australië, Brazilië, China, Frankrijk, landen. Daarnaast heeft het instituut ook diepte-
interviews gehouden met leidinggevenden uit de sector en twee
virtuele focusgroepgesprekken gevoerd met eindklanten.
[1] Bron: Techcrunch, “BMW makes interacting with your car’s AI
system more natural,” februari 2019.
Related News
Capgemini Q3 2025 revenues
Oct 28, 2025
Financial news

Corporate news


Persberichten
Persberichten


10/29/25, 8:46 PM
Door AI ondersteunde klantinteracties in Nederland schieten omhoog van 13% in 2018 naar 57% nu - Capgemini Nederland
https://www.capgemini.com/nl-nl/nieuws/persberichten/door-ai-ondersteunde-klantinteracties-in-nederland-schieten-omhoog-van-13-in-2018-naar-57-nu/
5/7

Insights
Sectoren
Services
Carrière
Over ons
Investors
Gebruiksvoorwaarden
Toegankelijkheid
Privacyverklaring
Kwetsbaarheid melden
Cookie settings
Capgemini completes the acquisition of WNS and
creates a global leader in Agentic AI-powered Intelligent
Operations
Oct 17, 2025

Vertrouwen in vrouwelijk leiderschap groeit, maar bij
nieuwe vaardigheden zoals AI blijven stereotiepe
vooroordelen bestaan
Oct 8, 2025
Reports



Persberichten
Persberichten


10/29/25, 8:46 PM
Door AI ondersteunde klantinteracties in Nederland schieten omhoog van 13% in 2018 naar 57% nu - Capgemini Nederland
https://www.capgemini.com/nl-nl/nieuws/persberichten/door-ai-ondersteunde-klantinteracties-in-nederland-schieten-omhoog-van-13-in-2018-naar-57-nu/
6/7

Cookie policy
Fraude-alert
Onze merken:
© Capgemini, 2025. All rights reserved.


Persberichten

10/29/25, 8:46 PM
Door AI ondersteunde klantinteracties in Nederland schieten omhoog van 13% in 2018 naar 57% nu - Capgemini Nederland
https://www.capgemini.com/nl-nl/nieuws/persberichten/door-ai-ondersteunde-klantinteracties-in-nederland-schieten-omhoog-van-13-in-2018-naar-57-nu/
7/7...","[(0, 1822), (2212, 3791), (3831, 5939), (5984, 8707), (8945, 10753)]",59,10047,1526,1633
23,capgemini,Integratie van multi-agent systemen versnelt zichtbaar bij Gen AI-koplopers - Capgemini Nederland.pdf,"Twee op de vijf organisaties verwachten binnen 1 tot 3 jaar een
positief rendement op hun AI-investeringen te behalen.
Door AI te integreren in bedrijfsprocessen zoals inkoop,
klantenservice, supply chain en finance, behalen organisaties al
aanzienlijke kostenbesparingen.
Investeringen in kunstmatige intelligentie leveren nu al een
positieve Return on Investment (ROI) op, waarbij het gemiddelde
rendement 1,7 keer hoger is dan de initiële investering. Dit blijkt
uit een nieuw rapport van het Capgemini Research Institute, AI in
action: How Gen AI and Agentic AI redefine business operations.
Volgens het rapport is hiermee de basis gelegd voor een meer
wijdverspreide implementatie van op agents gebaseerde AI-
systemen. Van de bedrijven die Gen AI gebruikt, heeft 30 procent
al succesvol AI-agenten geïntegreerd in hun bedrijfsprocessen.
Verwacht wordt dat het aantal AI-systemen dat gebruik maakt
van agents tegen eind 2025 met 48 procent zal stijgen. De studie
laat ook zien dat al één op de vijf bedrijven AI-agents of multi-
agentensystemen gebruikt, waarbij Gen AI en agentic AI al
Integratie van multi-agent
systemen versnelt zichtbaar bij
Gen AI-koplopers
18 jun. 2025

Download news alert
137 KB pdf

Download infographic
556 KB pdf




Persberichten
Persberichten


10/29/25, 8:46 PM
Integratie van multi-agent systemen versnelt zichtbaar bij Gen AI-koplopers - Capgemini Nederland
https://www.capgemini.com/nl-nl/nieuws/persberichten/integratie-van-multi-agent-systemen-versnelt-zichtbaar-bij-gen-ai-koplopers/
1/6

aanzienlijke kostenbesparingen en operationele kostenvoordelen
opleveren in bedrijfsfuncties.
Met bedrijven die investeren in AI-infrastructuur, hadden sommige
organisaties zorgen geuit over het behalen van de Return On
Investment (ROI) van hun grootschalige AI- en Gen AI-
implementaties. Het rapport toont echter aan dat deze initiële
zorgen snel verdwijnen, aangezien bedrijven nu al aanzienlijke
rendementen zien. De respondenten in het onderzoek rapporteren
gemiddeld een 1,7-voudig rendement op hun Gen AI- en AI-
investeringen. Tegen deze achtergrond verhogen veel bedrijven nu
hun budgetten op dit gebied: 62 procent van de respondenten
investeert dit jaar meer in Gen AI dan vorig jaar.
“Gen AI en agentic AI kunnen bedrijfsdiensten echt transformeren,
waardoor de verschuiving van traditionele kostenmodellen naar een
door AI, waarde en data aangedreven bedrijf mogelijk wordt. Degenen
die kiezen voor een geïntegreerde aanpak met data en AI als kern,
zullen in staat zijn om een echt verbonden, frictieloze onderneming te
creëren,” zegt Oliver Pfeil, CEO van Business Services bij Capgemini
en lid van het Group Executive Committee. “Hoewel het onderzoek
een toename in het gebruik van AI-agenten suggereert, staan
organisaties nog steeds voor tal van obstakels bij de implementatie op
schaal. Om de potentie van waardecreatie te benutten en de
concurrentiepositie te waarborgen, moeten pragmatische oplossingen
worden ontwikkeld en gericht worden geïmplementeerd met de
bestaande data- en AI-competenties.”
Gen AI-adoptie heeft de basis gelegd voor agentic AI-
implementatie
Naar verwachting zal Gen AI in de komende drie jaar de
nauwkeurigheid van data-analyses verbeteren, naast productiviteit,
time-to-market en klant- en werknemerservaringen. Hierdoor zien
meer bedrijven de waarde van Gen AI, met 36% van de organisaties
die het dit jaar implementeren, tegen 20% vorig jaar. Onder degenen
die Gen AI op beperkte of volledige schaal hebben aangenomen,
heeft ongeveer 30% AI-agenten in hun operaties geïntegreerd. Het
totale aantal AI-agentprojecten in een gemiddelde organisatie zal
naar verwachting met 48% groeien in 2025.


Persberichten
Persberichten


10/29/25, 8:46 PM
Integratie van multi-agent systemen versnelt zichtbaar bij Gen AI-koplopers - Capgemini Nederland
https://www.capgemini.com/nl-nl/nieuws/persberichten/integratie-van-multi-agent-systemen-versnelt-zichtbaar-bij-gen-ai-koplopers/
2/6

Volgens het rapport leveren AI-agenten al aanzienlijke voordelen op
in bedrijfsfuncties, waarbij agenten en multi-agent systemen fouten
verminderen, klanttevredenheidsniveaus verbeteren, operationele
efficiëntie verhogen en operationele kosten verlagen. De top vijf
industrieën die AI-agenten adopteren zijn hightech, industrie,
consumentengoederen, energie en farma en gezondheidszorg.
Uitbouw van AI-vaardigheden en transformatie van het
personeelsbestand zijn de sleutel tot snellere opbrengsten
Om een sterk rendement op Gen AI-investeringen te behalen,
moeten organisaties zich richten op het ontwikkelen van sterk
leiderschap, governance en AI-gereedheid. Volgens het rapport
behalen organisaties die deze basis leggen 45% sneller hun ROI. De
meeste bedrijven missen echter momenteel dit sterke leiderschap,
met slechts een op de drie leiders die een sterke voorstander van
Gen AI is. Daarnaast moeten organisaties ook hun arbeidskrachten
transformeren om bedrijfswaarde te halen, aldus het rapport. In de
afgelopen twee jaar hebben bedrijven die automatisering en AI-
gebaseerde use cases hebben geïntroduceerd, 30% van de
operationele taken kunnen automatiseren en verwachten ze in de
komende twee jaar verder te automatiseren. Naarmate
verantwoordelijkheden evolueren, zullen organisatorische upskilling,
reskilling, training en functieroltransities hoog op de agenda staan.
Bijna tweederde van de werknemers verwacht dat hun
functiebeschrijvingen tegen 2028 zullen veranderen. Volgens het
rapport zal de interactie van werknemers met AI-agenten naar
verwachting toenemen tegen 2028, dus training en upskilling zullen
nodig zijn om arbeidskrachten voor te bereiden op effectieve mens-
AI samenwerking.
Rapportmethodologie
Het Capgemini Research Institute voerde een enquête uit onder
1.607 leidinggevenden van organisaties met ten minste $1 miljard
aan wereldwijde inkomsten in het laatste boekjaar, die
verantwoordelijk en aansprakelijk zijn voor een of meer AI- en gen
AI-initiatieven in bedrijfsoperaties. Leidinggevenden waren
afkomstig uit supply chain & inkoop, finance & boekhouding, HR,
klantoperaties, AI-leiderschap en strategie, AI-toepassing en -
management, AI-ethiek, regelgeving en compliance-functies. De
leidinggevenden waren afkomstig uit 15 landen in meerdere regio’s


Persberichten
Persberichten


10/29/25, 8:46 PM
Integratie van multi-agent systemen versnelt zichtbaar bij Gen AI-koplopers - Capgemini Nederland
https://www.capgemini.com/nl-nl/nieuws/persberichten/integratie-van-multi-agent-systemen-versnelt-zichtbaar-bij-gen-ai-koplopers/
3/6

en besloegen 13 industrieën. Het Instituut interviewde ook 15 senior
leidinggevenden die bedrijfsoperaties en AI-implementaties leiden
bij hun respectieve organisaties uit verschillende sectoren en landen.
Related news
Vertrouwen in vrouwelijk leiderschap groeit, maar bij
nieuwe vaardigheden zoals AI blijven stereotiepe
vooroordelen bestaan
Oct 8, 2025
Reports

Banken staan wereldwijd voor nieuwe opgave nu 40%
van de mkb’ers lonkt naar PayTech-dienstverleners
Sep 26, 2025
Reports

Duurzaamheid als toekomststrategie: bedrijven
investeren vaker in milieumaatregelen maar concrete
klimaataanpassing blijft voor verbetering vatbaar
Sep 23, 2025
Reports


Persberichten
Persberichten


10/29/25, 8:46 PM
Integratie van multi-agent systemen versnelt zichtbaar bij Gen AI-koplopers - Capgemini Nederland
https://www.capgemini.com/nl-nl/nieuws/persberichten/integratie-van-multi-agent-systemen-versnelt-zichtbaar-bij-gen-ai-koplopers/
4/6

Insights
Sectoren
Services
Carrière
Over ons
Investors
Gebruiksvoorwaarden
Toegankelijkheid
Privacyverklaring
Kwetsbaarheid melden
Cookie settings
Cookie policy
Fraude-alert
Onze merken:



Persberichten
Persberichten


10/29/25, 8:46 PM
Integratie van multi-agent systemen versnelt zichtbaar bij Gen AI-koplopers - Capgemini Nederland
https://www.capgemini.com/nl-nl/nieuws/persberichten/integratie-van-multi-agent-systemen-versnelt-zichtbaar-bij-gen-ai-koplopers/
5/6

© Capgemini, 2025. All rights reserved.


Persberichten

10/29/25, 8:46 PM
Integratie van multi-agent systemen versnelt zichtbaar bij Gen AI-koplopers - Capgemini Nederland
https://www.capgemini.com/nl-nl/nieuws/persberichten/integratie-van-multi-agent-systemen-versnelt-zichtbaar-bij-gen-ai-koplopers/
6/6
",yes,['ai'],"['ai', 'kunstmatige intelligentie']","['kunstmatige intelligentie', 'ai']",1,61,[],"Twee op de vijf organisaties verwachten binnen 1 tot 3 jaar een
positief rendement op hun AI-investeringen te behalen.
Door AI te integreren in bedrijfsprocessen zoals inkoop,
klantenservice, supply chain en finance, behalen organisaties al
aanzienlijke kostenbesparingen.
Investeringen in kunstmatige intelligentie leveren nu al een
positieve Return on Investment (ROI) op, waarbij het gemiddelde
rendement 1,7 keer hoger is dan de initiële investering. Dit blijkt
uit een nieuw rapport van het Capgemini Research Institute, AI in
action: How Gen AI and Agentic AI redefine business operations.
Volgens het rapport is hiermee de basis gelegd voor een meer
wijdverspreide implementatie van op agents gebaseerde AI-
systemen. Van de bedrijven die Gen AI gebruikt, heeft 30 procent
al succesvol AI-agenten geïntegreerd in hun bedrijfsprocessen.
Verwacht wordt dat het aantal AI-systemen dat gebruik maakt
van agents tegen eind 2025 met 48 procent zal stijgen. De studie
laat ook zien dat al één op de vijf bedrijven AI-agents of multi-
agentensystemen gebruikt, waarbij Gen AI en agentic AI al
Integratie van multi-agent
systemen versnelt zichtbaar bij
Gen AI-koplopers
18 jun. 2025

Download news alert
137 KB pdf

Download infographic
556 KB pdf




Persberichten
Persberichten


10/29/25, 8:46 PM
Integratie van multi-agent systemen versnelt zichtbaar bij Gen AI-koplopers - Capgemini Nederland
https://www.capgemini.com/nl-nl/nieuws/persberichten/integratie-van-multi-agent-systemen-versnelt-zichtbaar-bij-gen-ai-koplopers/
1/6

aanzienlijke kostenbesparingen en operationele kostenvoordelen
opleveren in bedrijfsfuncties.
Met bedrijven die investeren in AI-infrastructuur, hadden sommige
organisaties zorgen geuit over het behalen van de Return On
Investment (ROI) van hun grootschalige AI- en Gen AI-
implementaties. Het rapport toont echter aan dat deze initiële
zorgen snel verdwijnen, aangezien bedrijven nu al aanzienlijke
rendementen zien. De respondenten in het onderzoek rapporteren
gemiddeld een 1,7-voudig rendement op hun Gen AI- en AI-
investeringen. Tegen deze achtergrond verhogen veel bedrijven nu
hun budgetten op dit gebied: 62 procent van de respondenten
investeert dit jaar meer in Gen AI dan vorig jaar.
“Gen AI en agentic AI kunnen bedrijfsdiensten echt transformeren,
waardoor de verschuiving van traditionele kostenmodellen naar een
door AI, waarde en data aangedreven bedrijf mogelijk wordt. Degenen
die kiezen voor een geïntegreerde aanpak met data en AI als kern,
zullen in staat zijn om een echt verbonden, frictieloze onderneming te
creëren,” zegt Oliver Pfeil, CEO van Business Services bij Capgemini
en lid van het Group Executive Committee. “Hoewel het onderzoek
een toename in het gebruik van AI-agenten suggereert, staan
organisaties nog steeds voor tal van obstakels bij de implementatie op
schaal. Om de potentie van waardecreatie te benutten en de
concurrentiepositie te waarborgen, moeten pragmatische oplossingen
worden ontwikkeld en gericht worden geïmplementeerd met de
bestaande data- en AI-competenties.”
Gen AI-adoptie heeft de basis gelegd voor agentic AI-
implementatie
Naar verwachting zal Gen AI in de komende drie jaar de
nauwkeurigheid van data-analyses verbeteren, naast productiviteit,
time-to-market en klant- en werknemerservaringen. Hierdoor zien
meer bedrijven de waarde van Gen AI, met 36% van de organisaties
die het dit jaar implementeren, tegen 20% vorig jaar. Onder degenen
die Gen AI op beperkte of volledige schaal hebben aangenomen,
heeft ongeveer 30% AI-agenten in hun operaties geïntegreerd. Het
totale aantal AI-agentprojecten in een gemiddelde organisatie zal
naar verwachting met 48% groeien in 2025.


Persberichten
Persberichten


10/29/25, 8:46 PM
Integratie van multi-agent systemen versnelt zichtbaar bij Gen AI-koplopers - Capgemini Nederland
https://www.capgemini.com/nl-nl/nieuws/persberichten/integratie-van-multi-agent-systemen-versnelt-zichtbaar-bij-gen-ai-koplopers/
2/6

Volgens het rapport leveren AI-agenten al aanzienlijke voordelen op
in bedrijfsfuncties, waarbij agenten en multi-agent systemen fouten
verminderen, klanttevredenheidsniveaus verbeteren, operationele
efficiëntie verhogen en operationele kosten verlagen. De top vijf
industrieën die AI-agenten adopteren zijn hightech, industrie,
consumentengoederen, energie en farma en gezondheidszorg.
Uitbouw van AI-vaardigheden en transformatie van het
personeelsbestand zijn de sleutel tot snellere opbrengsten
Om een sterk rendement op Gen AI-investeringen te behalen,
moeten organisaties zich richten op het ontwikkelen van sterk
leiderschap, governance en AI-gereedheid. Volgens het rapport
behalen organisaties die deze basis leggen 45% sneller hun ROI. De
meeste bedrijven missen echter momenteel dit sterke leiderschap,
met slechts een op de drie leiders die een sterke voorstander van
Gen AI is. Daarnaast moeten organisaties ook hun arbeidskrachten
transformeren om bedrijfswaarde te halen, aldus het rapport. In de
afgelopen twee jaar hebben bedrijven die automatisering en AI-
gebaseerde use cases hebben geïntroduceerd, 30% van de
operationele taken kunnen automatiseren en verwachten ze in de
komende twee jaar verder te automatiseren. Naarmate
verantwoordelijkheden evolueren, zullen organisatorische upskilling,
reskilling, training en functieroltransities hoog op de agenda staan.
Bijna tweederde van de werknemers verwacht dat hun
functiebeschrijvingen tegen 2028 zullen veranderen. Volgens het
rapport zal de interactie van werknemers met AI-agenten naar
verwachting toenemen tegen 2028, dus training en upskilling zullen
nodig zijn om arbeidskrachten voor te bereiden op effectieve mens-
AI samenwerking.
Rapportmethodologie
Het Capgemini Research Institute voerde een enquête uit onder
1.607 leidinggevenden van organisaties met ten minste $1 miljard
aan wereldwijde inkomsten in het laatste boekjaar, die
verantwoordelijk en aansprakelijk zijn voor een of meer AI- en gen
AI-initiatieven in bedrijfsoperaties. Leidinggevenden waren
afkomstig uit supply chain & inkoop, finance & boekhouding, HR,
klantoperaties, AI-leiderschap en strategie, AI-toepassing en -
management, AI-ethiek, regelgeving en compliance-functies. De
leidinggevenden waren afkomstig uit 15 landen in meerdere regio’s


Persberichten
Persberichten


10/29/25, 8:46 PM
Integratie van multi-agent systemen versnelt zichtbaar bij Gen AI-koplopers - Capgemini Nederland
https://www.capgemini.com/nl-nl/nieuws/persberichten/integratie-van-multi-agent-systemen-versnelt-zichtbaar-bij-gen-ai-koplopers/
3/6

en besloegen 13 industrieën. Het Instituut interviewde ook 15 senior
leidinggevenden die bedrijfsoperaties en AI-implementaties leiden
bij hun respectieve organisaties uit verschillende sectoren en landen.
Related news
Vertrouwen in vrouwelijk leiderschap groeit, maar bij
nieuwe vaardigheden zoals AI blijven stereotiepe
vooroordelen bestaan
Oct 8, 2025
Reports

Banken staan wereldwijd voor nieuwe opgave nu 40%
van de mkb’ers lonkt naar PayTech-dienstverleners
Sep 26, 2025
Reports

Duurzaamheid als in milieumaatregelen maar concrete
klimaataanpassing blijft voor verbetering vatbaar
Sep 23, 2025
Reports


Persberichten
Persberichten


10/29/25, 8:46 PM
Integratie van multi-agent systemen versnelt zichtbaar bij Gen AI-koplopers - Capgemini Nederland
https://www.capgemini.com/nl-nl/nieuws/persberichten/integratie-van-multi-agent-systemen-versnelt-zichtbaar-bij-gen-ai-koplopers/
4/6

Insights
Sectoren
Services
Carrière
Over ons
Investors
Gebruiksvoorwaarden
Toegankelijkheid
Privacyverklaring
Kwetsbaarheid melden
Cookie settings
Cookie policy
Fraude-alert
Onze merken:



Persberichten
Persberichten


10/29/25, 8:46 PM
Integratie van multi-agent systemen versnelt zichtbaar bij Gen AI-koplopers - Capgemini Nederland
https://www.capgemini.com/nl-nl/nieuws/persberichten/integratie-van-multi-agent-systemen-versnelt-zichtbaar-bij-gen-ai-koplopers/
5/6

© Capgemini, 2025. All rights reserved.


Persberichten

10/29/25, 8:46 PM
Integratie van multi-agent systemen versnelt zichtbaar bij Gen AI-koplopers - Capgemini Nederland
https://www.capgemini.com/nl-nl/nieuws/persberichten/integratie-van-multi-agent-systemen-versnelt-zichtbaar-bij-gen-ai-koplopers/
6/6...","[(0, 5292), (5293, 7054), (7101, 8279)]",61,8236,1181,1185
24,capgemini,"Vertrouwen in vrouwelijk leiderschap groeit, maar bij nieuwe vaardigheden zoals AI blijven stereotiepe vooroordelen bestaan - Capgemini Neder.pdf","De nieuwe studie van het Capgemini Research Institute “Gender
and leadership: Navigating bias, opportunity and change” laat
zien dat vrouwelijke en mannelijke leiders hun eigen
vaardigheden en prestaties grotendeels hetzelfde beoordelen.
Toch blijven hardnekkige genderstereotypen de perceptie van
leiderschapscompetenties beïnvloeden. Dit geldt vooral bij
technische vaardigheden zoals kunstmatige intelligentie (AI),
data-analyse en innovatiekracht. Veel mannelijke respondenten
zien deze vaardigheden eerder als ‘mannelijk’. Dit zou de kloof
tussen de geslachten kunnen vergroten en de
loopbaanontwikkeling van beide groepen kunnen belemmeren.
Leiderschapsvaardigheden overstijgen geslacht
Het rapport bevestigt dat zowel mannelijke als vrouwelijke leiders
even goed zijn toegerust op hun rol als leider: wereldwijd vindt 77
procent (71 procent in Nederland) dat vrouwen net zo effectief zijn
als mannen in leiderschapsrollen. Dit is een verschuiving ten
opzichte van eerdere trends, waarbij vrouwen hun eigen
Vertrouwen in vrouwelijk
leiderschap groeit, maar bij
nieuwe vaardigheden zoals AI
blijven stereotiepe vooroordelen
bestaan
08 okt. 2025

Download press release
131 KB pdf




Persberichten
Persberichten


10/29/25, 8:46 PM
Vertrouwen in vrouwelijk leiderschap groeit, maar bij nieuwe vaardigheden zoals AI blijven stereotiepe vooroordelen bestaan - Ca…
https://www.capgemini.com/nl-nl/nieuws/persberichten/vertrouwen-in-vrouwelijk-leiderschap-groeit-maar-bij-nieuwe-vaardigheden-zoals-ai-blijven-ster…
1/6

capaciteiten vaak onderschatten.
Ook het zelfvertrouwen loopt gelijk op. Dit jaar geeft 58 procent (64
procent in Nederland) van de vrouwen aan vertrouwen te hebben in
zichzelf tegenover 59 procent van de mannen (64 procent in
Nederland). Zo’n 68 procent van alle respondenten wereldwijd (en
64 procent in Nederland) vindt dat meer vrouwen in leidinggevende
posities de bedrijfsresultaten verbeteren.
Genderstereotypen bij toekomstige vaardigheden
Hoewel leiderschap inclusiever wordt, ontstaan bij specifieke
vaardigheden genderstereotypen. Mannen zien vaardigheden als AI,
automatisering, innovatie, wendbaarheid en data-analyse vaak als
‘mannelijk’, terwijl vrouwen deze juist als genderneutraal of zelfs als
‘vrouwelijk’ beschouwen. Dit verschil is vooral zichtbaar bij AI en
automatisering: bijna de helft van de mannen ziet deze als een
mannelijke vaardigheid, terwijl een gelijk deel van de vrouwen deze
vaardigheid eerder als genderneutraal ziet. Driekwart van alle
geïnterviewde leiders vindt AI-vaardigheden essentieel voor
leiderschapsrollen. In Nederland ziet 54 procent van de mannen AI
en automatisering als genderneutraal, bij vrouwen is dat 48 procent.
Bij branchekennis is het verschil het grootst: 50 procent van de
mannen ziet dit als ‘mannelijk’, 46 procent van de vrouwen ziet dit
als genderneutraal.
“Nu technologieën zoals AI het huidige zakelijke landschap blijven
ontwrichten, moeten leiders – ongeacht hun geslacht – zich
voorbereiden op het aanleren van vaardigheden die de toekomst van
hun functie vormgeven,” zegt Sarika Naik, Chief Corporate
Responsibility Officer bij Capgemini en lid van het Group Executive
Committee. “Het is cruciaal om te erkennen dat genderstereotypen de
perceptie van leiderschapsvaardigheden vertekenen en daardoor invloed
hebben op de loopbaanontwikkeling van zowel mannelijke als
vrouwelijke leidinggevenden. Als deze vooroordelen niet worden
aangepakt, kunnen ze ook leiden tot een verdere vergroting van de
genderkloof op de werkvloer. Organisaties moeten actief werken aan
het doorbreken van deze vooroordelen via gerichte trainingen en
systematische interventies om een werkelijk inclusieve
leiderschapscultuur op te bouwen.“
Beide groepen hebben relatief weinig vertrouwen in hun technische
vaardigheden: minder dan de helft ziet het gebruik van AI en


Persberichten
Persberichten


10/29/25, 8:46 PM
Vertrouwen in vrouwelijk leiderschap groeit, maar bij nieuwe vaardigheden zoals AI blijven stereotiepe vooroordelen bestaan - Ca…
https://www.capgemini.com/nl-nl/nieuws/persberichten/vertrouwen-in-vrouwelijk-leiderschap-groeit-maar-bij-nieuwe-vaardigheden-zoals-ai-blijven-ster…
2/6

automatisering als hun sterke kant. Dit geldt voor 45 procent van de
vrouwen wereldwijd en 47 procent van de mannen. Het geringe
zelfvertrouwen in technische vaardigheden – in combinatie met
gender-gerelateerde toeschrijvingen – zou bestaande vooroordelen
niet alleen kunnen bestendigen, maar ook ertoe kunnen leiden dat
de zogenaamde leiderschapskloof verder toeneemt.
Zowel vrouwen als mannen worden geconfronteerd met obstakels
als gevolg van genderstereotypen die hun professionele
ontwikkeling belemmeren. Meer dan de helft (53 procent) van de
wereldwijd ondervraagde vrouwen meldt negatieve gevolgen voor
hun salaris vanwege hun geslacht. In Nederland ligt dit percentage
op 50 procent, terwijl 43 procent van de mannen aangeeft dat zij
door hun geslacht juist voordelen hebben ervaren bij de beloning.
Ook bij promoties is er sprake van een ongelijkheid: slechts 48
procent van de Nederlandse leidinggevenden gelooft dat mannen en
vrouwen gelijke kansen hebben op een promotie.
Daarnaast is 39 procent van de respondenten wereldwijd (38
procent in Nederland) het eens met de stelling dat gekwalificeerde
vrouwen in hun huidige organisatie vaak over het hoofd worden
gezien voor leidinggevende functies. Aan de andere kant geeft 38
procent van de mannen wereldwijd (33 procent in Nederland) aan
dat een slechte werk-privébalans hun loopbaanontwikkeling
belemmert. Dit cijfer laat zien dat ook mannen lijden onder gender-
gerelateerde verwachtingen.
Rapport en methodologie
Het Capgemini Research Institute voerde een wereldwijd onderzoek
uit onder 2.750 leiders (senior managers en hoger) in 11 landen en
10 sectoren. De steekproef bestond uit 1.375 vrouwen, 1.372
mannen en 3 non-binaire leiders. Door de beperkte
vertegenwoordiging van non-binaire respondenten zijn de
kwantitatieve bevindingen alleen voor mannen en vrouwen
geanalyseerd.
Meer informatie en het volledige rapport:
https://www.capgemini.com/insights/research-library/gender-and-
leadership/


Persberichten
Persberichten


10/29/25, 8:46 PM
Vertrouwen in vrouwelijk leiderschap groeit, maar bij nieuwe vaardigheden zoals AI blijven stereotiepe vooroordelen bestaan - Ca…
https://www.capgemini.com/nl-nl/nieuws/persberichten/vertrouwen-in-vrouwelijk-leiderschap-groeit-maar-bij-nieuwe-vaardigheden-zoals-ai-blijven-ster…
3/6

Related news
Banken staan wereldwijd voor nieuwe opgave nu 40%
van de mkb’ers lonkt naar PayTech-dienstverleners
Sep 26, 2025
Reports

Duurzaamheid als toekomststrategie: bedrijven
investeren vaker in milieumaatregelen maar concrete
klimaataanpassing blijft voor verbetering vatbaar
Sep 23, 2025
Reports



Persberichten
Persberichten


10/29/25, 8:46 PM
Vertrouwen in vrouwelijk leiderschap groeit, maar bij nieuwe vaardigheden zoals AI blijven stereotiepe vooroordelen bestaan - Ca…
https://www.capgemini.com/nl-nl/nieuws/persberichten/vertrouwen-in-vrouwelijk-leiderschap-groeit-maar-bij-nieuwe-vaardigheden-zoals-ai-blijven-ster…
4/6

Insights
Sectoren
Services
Carrière
Over ons
Investors
Gebruiksvoorwaarden
Toegankelijkheid
Privacyverklaring
Kwetsbaarheid melden
Cookie settings
Cookie policy
Fraude-alert
Onze merken:
Autofabrikanten steeds meer software-gedreven:
aandeel in de omzet verdubbelt in komende tien jaar
Sep 10, 2025
Reports



Persberichten
Persberichten


10/29/25, 8:46 PM
Vertrouwen in vrouwelijk leiderschap groeit, maar bij nieuwe vaardigheden zoals AI blijven stereotiepe vooroordelen bestaan - Ca…
https://www.capgemini.com/nl-nl/nieuws/persberichten/vertrouwen-in-vrouwelijk-leiderschap-groeit-maar-bij-nieuwe-vaardigheden-zoals-ai-blijven-ster…
5/6

© Capgemini, 2025. All rights reserved.


Persberichten

10/29/25, 8:46 PM
Vertrouwen in vrouwelijk leiderschap groeit, maar bij nieuwe vaardigheden zoals AI blijven stereotiepe vooroordelen bestaan - Ca…
https://www.capgemini.com/nl-nl/nieuws/persberichten/vertrouwen-in-vrouwelijk-leiderschap-groeit-maar-bij-nieuwe-vaardigheden-zoals-ai-blijven-ster…
6/6
",yes,['ai'],"['ai', 'kunstmatige intelligentie']","['kunstmatige intelligentie', 'ai']",1,20,[],"...zien dat vrouwelijke en mannelijke leiders hun eigen
vaardigheden en prestaties grotendeels hetzelfde beoordelen.
Toch blijven hardnekkige genderstereotypen de perceptie van
leiderschapscompetenties beïnvloeden. Dit geldt vooral bij
technische vaardigheden zoals kunstmatige intelligentie (AI),
data-analyse en innovatiekracht. Veel mannelijke respondenten
zien deze vaardigheden eerder als ‘mannelijk’. Dit zou de kloof
tussen de geslachten kunnen vergroten en de
loopbaanontwikkeling van beide groepen kunnen belemmeren.
Leiderschapsvaardigheden zo effectief zijn
als mannen in leiderschapsrollen. Dit is een verschuiving ten
opzichte van eerdere trends, waarbij vrouwen hun eigen
Vertrouwen in vrouwelijk
leiderschap groeit, maar bij
nieuwe vaardigheden zoals AI
blijven stereotiepe vooroordelen
bestaan
08 okt. 2025

Download press release
131 KB pdf




Persberichten
Persberichten


10/29/25, 8:46 PM
Vertrouwen in vrouwelijk leiderschap groeit, maar bij nieuwe vaardigheden zoals AI blijven stereotiepe vooroordelen bestaan - Ca…
https://www.capgemini.com/nl-nl/nieuws/persberichten/vertrouwen-in-vrouwelijk-leiderschap-groeit-maar-bij-nieuwe-vaardigheden-zoals-ai-blijven-ster…
1/6

capaciteiten vaak onderschatten.
Ook het zelfvertrouwen loopt gelijk op. Dit jaar geeft 58 procent (64
procent in Nederland) van de vrouwen aan vertrouwen te hebben in
zichzelf tegenover 59 procent in Nederland) vindt dat meer vrouwen in leidinggevende
posities de bedrijfsresultaten verbeteren.
Genderstereotypen bij toekomstige vaardigheden
Hoewel leiderschap inclusiever wordt, ontstaan bij specifieke
vaardigheden genderstereotypen. Mannen zien vaardigheden als AI,
automatisering, innovatie, wendbaarheid en data-analyse vaak als
‘mannelijk’, terwijl vrouwen deze juist als genderneutraal of zelfs als
‘vrouwelijk’ beschouwen. Dit verschil is vooral zichtbaar bij AI en
automatisering: bijna de helft van de mannen ziet deze als een
mannelijke vaardigheid, terwijl een gelijk deel van de vrouwen deze
vaardigheid eerder als genderneutraal ziet. Driekwart van alle
geïnterviewde leiders vindt AI-vaardigheden essentieel voor
leiderschapsrollen. In Nederland ziet 54 procent van de mannen AI
en automatisering als genderneutraal, bij vrouwen is dat 48 procent.
Bij branchekennis is het verschil het grootst: 50 procent van de
mannen ziet dit als ‘mannelijk’, 46 procent van de vrouwen ziet dit
als genderneutraal.
“Nu technologieën zoals AI het huidige zakelijke landschap blijven
ontwrichten, moeten leiders – ongeacht hun geslacht – zich
voorbereiden op het aanleren van vaardigheden die de toekomst van
hun functie vormgeven,” zegt Sarika Naik, trainingen en
systematische interventies om een werkelijk inclusieve
leiderschapscultuur op te bouwen.“
Beide groepen hebben relatief weinig vertrouwen in hun technische
vaardigheden: minder dan de helft ziet het gebruik van AI en


Persberichten
Persberichten


10/29/25, 8:46 PM
Vertrouwen in vrouwelijk leiderschap groeit, maar bij nieuwe vaardigheden zoals AI blijven stereotiepe vooroordelen bestaan - Ca…
https://www.capgemini.com/nl-nl/nieuws/persberichten/vertrouwen-in-vrouwelijk-leiderschap-groeit-maar-bij-nieuwe-vaardigheden-zoals-ai-blijven-ster…
2/6

automatisering als hun sterke kant. Dit geldt voor 45 procent van de
vrouwen wereldwijd en 47 procent van de mannen. Het geringe
zelfvertrouwen in technische vaardigheden – in combinatie en vrouwen
geanalyseerd.
Meer informatie en het volledige rapport:
https://www.capgemini.com/insights/research-library/gender-and-
leadership/


Persberichten
Persberichten


10/29/25, 8:46 PM
Vertrouwen in vrouwelijk leiderschap groeit, maar bij nieuwe vaardigheden zoals AI blijven stereotiepe vooroordelen bestaan - Ca…
https://www.capgemini.com/nl-nl/nieuws/persberichten/vertrouwen-in-vrouwelijk-leiderschap-groeit-maar-bij-nieuwe-vaardigheden-zoals-ai-blijven-ster…
3/6

Related news
Banken staan wereldwijd voor nieuwe opgave nu 40%
van de mkb’ers lonkt naar PayTech-dienstverleners
Sep 26, 2025
Reports

Duurzaamheid als toekomststrategie: bedrijven
investeren vaker in milieumaatregelen...","[(124, 671), (878, 1717), (1823, 3083), (3611, 4366), (6002, 6702)]",21,4111,559,1128
25,capgemini,Wereldwijd heeft 73% van de consumenten vertrouwen in content gemaakt door generatieve AI - Capgemini Nederland.pdf,"De meerderheid (51%) van de consumenten is op de hoogte van
de nieuwste trends op het gebied van generatieve AI en heeft de
bijbehorende tools onderzocht. De adoptie van de eerste
generatie generatieve AI-tools is opvallend consistent in alle
leeftijdsgroepen en regio’s, waarbij meer dan de helft van alle
generaties, inclusief babyboomers, de technologie heeft
gebruikt. Dit blijkt uit het nieuwste rapport van Capgemini
Research Institute, ‘Why consumers love generative AI’, waarin
onderzoek is gedaan naar het gebruik van generatieve AI en naar
de mate waarin het de maatschappelijke digitalisering kan
versnellen.
Consumenten die generatieve AI vaak gebruiken zijn het meest
tevreden over chatbots, gaming en de zoekfunctie. Maar
generatieve AI-platforms worden ook gebruikt voor persoonlijke,
dagelijkse activiteiten. Meer dan de helft van de respondenten (53%)
vertrouwt op generatieve AI voor hulp bij financiële planning.
Wereldwijd heeft 73% van de
consumenten vertrouwen in
content gemaakt door
generatieve AI
Nieuw onderzoek van het Capgemini Research Institute laat zien dat
consumenten vertrouwen hebben in generatieve AI bij financiële
planning, medische diagnoses en relatieadvies
20 jun. 2023

Download infographic
2 MB pdf




Persberichten
Persberichten


10/29/25, 8:46 PM
Wereldwijd heeft 73% van de consumenten vertrouwen in content gemaakt door generatieve AI - Capgemini Nederland
https://www.capgemini.com/nl-nl/nieuws/persberichten/wereldwijd-heeft-73-van-de-consumenten-vertrouwen-in-content-gemaakt-door-generatieve-ai/
1/6

Wereldwijd geeft 67% van de consumenten aan dat ze baat zouden
kunnen hebben bij het ontvangen van medische diagnoses en advies
van generatieve AI. Zo’n 63% van de ondervraagde consumenten
zegt enthousiast te zijn over het vooruitzicht dat generatieve AI kan
helpen bij het nauwkeuriger en efficiënter ontdekken van
medicijnen. Daarnaast zou twee derde (66%) van de consumenten
bereid zijn om advies in te winnen van generatieve AI voor
persoonlijke relaties of levens- en carrièreplannen, waarbij
babyboomers de meest waarschijnlijke (70%) leeftijdsgroep is om
het voor dit doel te gebruiken.
Nederland: snelle adoptie van generatieve AI
In Nederland is 83% van de consumenten op de hoogte van de
mogelijkheden van generatieve AI en bijna de helft (49%) heeft het
gebruik van generatieve AI-tools al onderzocht. De helft van de
consumenten zegt generatieve AI-tools te gebruiken voor het
genereren van content en 63% is enthousiast over het vooruitzicht
om generatieve AI te kunnen gebruiken voor het opstellen,
afstemmen, samenvatten en bewerken van content op basis van
prompts.
Consumenten nauwelijks bewust van ethische bezwaren en
misbruik generatieve AI
Ondanks het potentieel voor cyberaanvallen en ‘deep fakes’, is de
consument zich weinig bewust van de risico’s van generatieve AI.
Bijna de helft (49%) van de consumenten maakt zich geen zorgen
over de mogelijkheid dat generatieve AI kan worden gebruikt om
nepnieuws te creëren en slechts 34% van de respondenten maakt
zich zorgen over phishing. Consumenten zijn zich ook niet erg
bewust van de ethische bezwaren van generatieve AI: slechts 33%
maakt zich zorgen over auteursrechtenkwesties en 27% over het
gebruik van generatieve AI-algoritmen om productontwerpen of -
formules van concurrenten te kopiëren.
“Het bewustzijn van generatieve AI onder consumenten wereldwijd is
opmerkelijk en de adoptiesnelheid is enorm, maar het begrip van hoe
deze technologie werkt en de bijbehorende risico’s is nog steeds erg
laag”, zegt Niraj Parihar, CEO van Capgemini’s Insights & Data Global
Business Line en lid van het Group Executive Committee. “Hoewel
regelgeving van cruciaal belang is, is er ook een belangrijke rol


Persberichten
Persberichten


10/29/25, 8:46 PM
Wereldwijd heeft 73% van de consumenten vertrouwen in content gemaakt door generatieve AI - Capgemini Nederland
https://www.capgemini.com/nl-nl/nieuws/persberichten/wereldwijd-heeft-73-van-de-consumenten-vertrouwen-in-content-gemaakt-door-generatieve-ai/
2/6

weggelegd voor zakelijke en technologische partners bij het geven van
voorlichting en het afdwingen van waarborgen die de zorgen rond
ethiek en misbruik van generatieve AI wegnemen. Onze rol bij
Capgemini is bijvoorbeeld om klanten te helpen door de hype heen te
prikken en de meest relevante use cases voor hun specifieke
bedrijfsbehoeften te benutten, binnen een ethisch kader. Generatieve AI
is op zichzelf niet “intelligent”; de intelligentie komt voort uit de
menselijke experts die met tools werken. De sleutel tot succes is
daarom, zoals bij elke AI, de waarborgen die mensen eromheen bouwen
om de kwaliteit van de output te garanderen.”
70% van de consumenten zoekt aanbevelingen voor nieuwe
producten en diensten
Bijna de helft van de consumenten (43%) zou graag zien dat
organisaties generatieve AI implementeren in klantinteracties. De
helft van de ondervraagde consumenten wereldwijd is enthousiast
over de immersieve en interactieve ervaringen die deze technologie
mogelijk kan maken. Er liggen goede kansen voor bedrijven,
aangezien generatieve AI-tools al een go-to zijn voor 70% van de
consumenten wanneer ze op zoek zijn naar aanbevelingen voor
nieuwe producten en diensten: de meerderheid (64%) van de
consumenten is bereid om aankopen te doen op basis van deze
aanbevelingen. Er is geen significante variatie tussen
leeftijdsgroepen en 67% van de consumenten is positief over de
mogelijkheid van generatieve AI om met name op maat gemaakte
aanbevelingen te doen op het gebied van mode en woninginrichting.
Capgemini’s AI Futures Lab onderzoekt zakelijke impact
Capgemini werkt samen met klanten aan AI en generatieve AI, met
name op het gebied van Life Sciences, Consumer Products & Retail
en Financial Services. Via het AI Futures Lab richt Capgemini zich op
het ontwikkelen van oplossingen op maat voor klanten, zodat zij het
potentieel van generatieve AI kunnen benutten binnen een
vertrouwd, veilig en ethisch kader om concrete zakelijke impact te
leveren.
Het AI Futures Lab bestaat uit experts op het gebied van
kunstmatige intelligentie uit verschillende Capgemini-teams over de
hele wereld, dat zich richt op het volgen van de ontwikkelingen van
de technologie en het onderzoeken en toepassen van de meest


Persberichten
Persberichten


10/29/25, 8:46 PM
Wereldwijd heeft 73% van de consumenten vertrouwen in content gemaakt door generatieve AI - Capgemini Nederland
https://www.capgemini.com/nl-nl/nieuws/persberichten/wereldwijd-heeft-73-van-de-consumenten-vertrouwen-in-content-gemaakt-door-generatieve-ai/
3/6

relevante use cases in generatieve AI voor klanten. Het AI Futures
Lab creëert en levert middelen, opleidingen en bewustzijn om de
groeiende expertise van Capgemini op dit gebied en de waarde die
het levert aan zijn klanten verder te verrijken.
Methodologie
Voor dit rapport heeft het Capgemini Research Institute een
kwantitatief onderzoek uitgevoerd onder 10.000 consumenten
ouder dan 18 jaar in 13 landen in de VS, Europa en Azië-Pacific: VK,
VS, Australië, Canada, Frankrijk, Duitsland, Italië, Japan, Nederland,
Noorwegen, Singapore, Spanje en Zweden. De sociale en
zoekanalyses over de perceptie van consumenten rond generatieve
AI werden uitgevoerd in twee perioden: April 2022 tot maart 2023
voor de zoekanalyse en oktober 2022 tot april 2023 voor de sociale
analyse. Er werd gebruikgemaakt van tools voor
gegevensverzameling, waaronder Google Keyword Planner-
gegevens, Talkwalker en deskresearch. Gegevensbronnen zoals
sociale mediaplatforms en forums werden onderzocht in meerdere
talen, namelijk Engels, Italiaans, Japans, Frans, Spaans, Duits,
Nederlands, Portugees en Zweeds, en bestreken verschillende
landen, waaronder Australië, Canada, Frankrijk, Duitsland, Italië,
Japan, Nederland, Noorwegen, Singapore, Spanje, Zweden, het VK
en de VS.
Related news
Vertrouwen in vrouwelijk leiderschap groeit, maar bij
nieuwe vaardigheden zoals AI blijven stereotiepe
vooroordelen bestaan
Oct 8, 2025
Reports



Persberichten
Persberichten


10/29/25, 8:46 PM
Wereldwijd heeft 73% van de consumenten vertrouwen in content gemaakt door generatieve AI - Capgemini Nederland
https://www.capgemini.com/nl-nl/nieuws/persberichten/wereldwijd-heeft-73-van-de-consumenten-vertrouwen-in-content-gemaakt-door-generatieve-ai/
4/6

Insights
Sectoren
Services
Carrière
Over ons
Investors
Gebruiksvoorwaarden
Toegankelijkheid
Banken staan wereldwijd voor nieuwe opgave nu 40%
van de mkb’ers lonkt naar PayTech-dienstverleners
Sep 26, 2025
Reports

Duurzaamheid als toekomststrategie: bedrijven
investeren vaker in milieumaatregelen maar concrete
klimaataanpassing blijft voor verbetering vatbaar
Sep 23, 2025
Reports



Persberichten
Persberichten


10/29/25, 8:46 PM
Wereldwijd heeft 73% van de consumenten vertrouwen in content gemaakt door generatieve AI - Capgemini Nederland
https://www.capgemini.com/nl-nl/nieuws/persberichten/wereldwijd-heeft-73-van-de-consumenten-vertrouwen-in-content-gemaakt-door-generatieve-ai/
5/6

Privacyverklaring
Kwetsbaarheid melden
Cookie settings
Cookie policy
Fraude-alert
Onze merken:
© Capgemini, 2025. All rights reserved.


Persberichten

10/29/25, 8:46 PM
Wereldwijd heeft 73% van de consumenten vertrouwen in content gemaakt door generatieve AI - Capgemini Nederland
https://www.capgemini.com/nl-nl/nieuws/persberichten/wereldwijd-heeft-73-van-de-consumenten-vertrouwen-in-content-gemaakt-door-generatieve-ai/
6/6
",yes,['generatieve ai'],"['ai', 'algoritmen', 'chatbots', 'generatieve ai', 'kunstmatige intelligentie']","['kunstmatige intelligentie', 'ai', 'algoritmen', 'google', 'generatieve ai', 'chatbots']",1,54,['google'],"De meerderheid (51%) van de consumenten is op de hoogte van
de nieuwste trends op het gebied van generatieve AI en heeft de
bijbehorende tools onderzocht. De adoptie van de eerste
generatie generatieve AI-tools is opvallend consistent in alle
leeftijdsgroepen en regio’s, waarbij meer dan de helft van alle
generaties, inclusief babyboomers, de technologie heeft
gebruikt. Dit blijkt uit het nieuwste rapport van Capgemini
Research Institute, ‘Why consumers love generative AI’, waarin
onderzoek is gedaan naar het gebruik van generatieve AI en naar
de mate waarin het de maatschappelijke digitalisering kan
versnellen.
Consumenten die generatieve AI vaak gebruiken zijn het meest
tevreden over chatbots, gaming en de zoekfunctie. Maar
generatieve AI-platforms worden ook gebruikt voor persoonlijke,
dagelijkse activiteiten. Meer dan de helft van de respondenten (53%)
vertrouwt op generatieve AI voor hulp bij financiële planning.
Wereldwijd heeft 73% van de
consumenten vertrouwen in
content gemaakt door
generatieve AI
Nieuw onderzoek van het Capgemini Research Institute laat zien dat
consumenten vertrouwen hebben in generatieve AI bij financiële
planning, medische diagnoses en relatieadvies
20 jun. 2023

Download infographic
2 MB pdf




Persberichten
Persberichten


10/29/25, 8:46 PM
Wereldwijd heeft 73% van de consumenten vertrouwen in content gemaakt door generatieve AI - Capgemini Nederland
https://www.capgemini.com/nl-nl/nieuws/persberichten/wereldwijd-heeft-73-van-de-consumenten-vertrouwen-in-content-gemaakt-door-generatieve-ai/
1/6

Wereldwijd geeft 67% van de consumenten aan dat ze baat zouden
kunnen hebben bij het ontvangen van medische diagnoses en advies
van generatieve AI. Zo’n 63% van de ondervraagde consumenten
zegt enthousiast te zijn over het vooruitzicht dat generatieve AI kan
helpen bij het nauwkeuriger en efficiënter ontdekken van
medicijnen. Daarnaast zou twee derde (66%) van de consumenten
bereid zijn om advies in te winnen van generatieve AI voor
persoonlijke relaties of levens- en carrièreplannen, waarbij
babyboomers de meest waarschijnlijke (70%) leeftijdsgroep is om
het voor dit doel te gebruiken.
Nederland: snelle adoptie van generatieve AI
In Nederland is 83% van de consumenten op de hoogte van de
mogelijkheden van generatieve AI en bijna de helft (49%) heeft het
gebruik van generatieve AI-tools al onderzocht. De helft van de
consumenten zegt generatieve AI-tools te gebruiken voor het
genereren van content en 63% is enthousiast over het vooruitzicht
om generatieve AI te kunnen gebruiken voor het opstellen,
afstemmen, samenvatten en bewerken van content op basis van
prompts.
Consumenten nauwelijks bewust van ethische bezwaren en
misbruik generatieve AI
Ondanks het potentieel voor cyberaanvallen en ‘deep fakes’, is de
consument zich weinig bewust van de risico’s van generatieve AI.
Bijna de helft (49%) van de consumenten maakt zich geen zorgen
over de mogelijkheid dat generatieve AI kan worden gebruikt om
nepnieuws te creëren en slechts 34% van de respondenten maakt
zich zorgen over phishing. Consumenten zijn zich ook niet erg
bewust van de ethische bezwaren van generatieve AI: slechts 33%
maakt zich zorgen over auteursrechtenkwesties en 27% over het
gebruik van generatieve AI-algoritmen om productontwerpen of -
formules van concurrenten te kopiëren.
“Het bewustzijn van generatieve AI onder consumenten wereldwijd is
opmerkelijk en de adoptiesnelheid is enorm, maar het begrip van hoe
deze technologie werkt en de bijbehorende risico’s is nog steeds erg
laag”, zegt Niraj van cruciaal belang is, is er ook een belangrijke rol


Persberichten
Persberichten


10/29/25, 8:46 PM
Wereldwijd heeft 73% van de consumenten vertrouwen in content gemaakt door generatieve AI - Capgemini Nederland
https://www.capgemini.com/nl-nl/nieuws/persberichten/wereldwijd-heeft-73-van-de-consumenten-vertrouwen-in-content-gemaakt-door-generatieve-ai/
2/6

weggelegd voor zakelijke en technologische partners bij het geven van
voorlichting en het afdwingen van waarborgen die de zorgen rond
ethiek en misbruik van generatieve AI wegnemen. Onze rol bij
Capgemini is bijvoorbeeld om klanten te helpen door de hype heen te
prikken en de meest relevante use cases voor hun specifieke
bedrijfsbehoeften te benutten, binnen een ethisch kader. Generatieve AI
is op zichzelf niet “intelligent”; de intelligentie komt voort uit de
menselijke experts die met tools werken. De sleutel tot succes is
daarom, zoals bij elke AI, de waarborgen die mensen eromheen bouwen
om de kwaliteit van de output te garanderen.”
70% van de consumenten zoekt aanbevelingen voor nieuwe
producten en diensten
Bijna de helft van de consumenten (43%) zou graag zien dat
organisaties generatieve AI implementeren in klantinteracties. De
helft van de ondervraagde consumenten wereldwijd is enthousiast
over de immersieve en interactieve ervaringen die deze technologie
mogelijk kan maken. Er liggen goede kansen voor bedrijven,
aangezien generatieve AI-tools al een go-to zijn voor 70% van de
consumenten wanneer ze op zoek zijn naar aanbevelingen voor
nieuwe producten en diensten: de meerderheid (64%) van de
consumenten is bereid om aankopen te doen op basis van deze
aanbevelingen. Er is geen significante variatie tussen
leeftijdsgroepen en 67% van de consumenten is positief over de
mogelijkheid van generatieve AI om met name op maat gemaakte
aanbevelingen te doen op het gebied van mode en woninginrichting.
Capgemini’s AI Futures Lab onderzoekt zakelijke impact
Capgemini werkt samen met klanten aan AI en generatieve AI, met
name op het gebied van Life Sciences, Consumer Products & Retail
en Financial Services. Via het AI Futures Lab richt Capgemini zich op
het ontwikkelen van oplossingen op maat voor klanten, zodat zij het
potentieel van generatieve AI kunnen benutten binnen een
vertrouwd, veilig en ethisch kader om concrete zakelijke impact te
leveren.
Het AI Futures Lab bestaat uit experts op het gebied van
kunstmatige intelligentie uit verschillende Capgemini-teams over de
hele wereld, dat zich richt op het volgen van de ontwikkelingen van
de technologie en het onderzoeken en toepassen van de meest


Persberichten
Persberichten


10/29/25, 8:46 PM
Wereldwijd heeft 73% van de consumenten vertrouwen in content gemaakt door generatieve AI - Capgemini Nederland
https://www.capgemini.com/nl-nl/nieuws/persberichten/wereldwijd-heeft-73-van-de-consumenten-vertrouwen-in-content-gemaakt-door-generatieve-ai/
3/6

relevante use cases in generatieve AI voor klanten. Het AI Futures
Lab creëert en levert middelen, opleidingen en bewustzijn om de
groeiende expertise van Capgemini op dit gebied en de waarde die
het levert aan zijn klanten verder te verrijken. de VS, Europa en Azië-Pacific: VK,
VS, Australië, Canada, Frankrijk, Duitsland, Italië, Japan, Nederland,
Noorwegen, Singapore, Spanje en Zweden. De sociale en
zoekanalyses over de perceptie van consumenten rond generatieve
AI werden uitgevoerd in twee perioden: April 2022 tot maart 2023
voor de zoekanalyse en oktober 2022 tot april 2023 voor de sociale
analyse. Er werd gebruikgemaakt van tools voor
gegevensverzameling, waaronder Google Keyword Planner-
gegevens, Talkwalker en deskresearch. Gegevensbronnen zoals
sociale mediaplatforms en forums werden onderzocht in meerdere
talen, namelijk Engels, Italiaans, Japans, Frans, Spaans, Duits,
Nederlands, Portugees en Zweeds, en bestreken landen, waaronder Australië, Canada, Frankrijk, Duitsland, Italië,
Japan, Nederland, Noorwegen, Singapore, Spanje, Zweden, het VK
en de VS.
Related news
Vertrouwen in vrouwelijk leiderschap groeit, maar bij
nieuwe vaardigheden zoals AI blijven stereotiepe
vooroordelen bestaan
Oct 8, 2025
Reports



Persberichten
Persberichten


10/29/25, 8:46 PM
Wereldwijd heeft 73% van de consumenten vertrouwen in content gemaakt door generatieve AI - Capgemini Nederland
https://www.capgemini.com/nl-nl/nieuws/persberichten/wereldwijd-heeft-73-van-de-consumenten-vertrouwen-in-content-gemaakt-door-generatieve-ai/
4/6

Insights
Sectoren
Services
Carrière
Over ons
Investors
Gebruiksvoorwaarden
Toegankelijkheid
Banken staan wereldwijd voor nieuwe opgave nu 40%
van de mkb’ers lonkt naar PayTech-dienstverleners
Sep 26, 2025
Reports

Duurzaamheid klimaataanpassing blijft voor verbetering vatbaar
Sep 23, 2025
Reports



Persberichten
Persberichten


10/29/25, 8:46 PM
Wereldwijd heeft 73% van de consumenten vertrouwen in content gemaakt door generatieve AI - Capgemini Nederland
https://www.capgemini.com/nl-nl/nieuws/persberichten/wereldwijd-heeft-73-van-de-consumenten-vertrouwen-in-content-gemaakt-door-generatieve-ai/
5/6

Privacyverklaring
Kwetsbaarheid melden
Cookie settings
Cookie policy
Fraude-alert
Onze merken:
© Capgemini, 2025. All rights reserved.


Persberichten

10/29/25, 8:46 PM
Wereldwijd heeft 73% van de consumenten vertrouwen in content gemaakt door generatieve AI - Capgemini Nederland
https://www.capgemini.com/nl-nl/nieuws/persberichten/wereldwijd-heeft-73-van-de-consumenten-vertrouwen-in-content-gemaakt-door-generatieve-ai/
6/6...","[(0, 3552), (3681, 6840), (7007, 7698), (7713, 8553), (8639, 9457)]",55,9067,1351,1405
26,deloitte,79% of executives expect Gen AI to transform organisation within three years _ Deloitte Netherlands.pdf,"Nieuws
18 jan 2024
79% of executives expect Gen AI to
transform organisations within
three years
Managing talent, governance, and risk are top
challenges with Gen AI adoption
Deloitte presents The State of Generative AI in the Enterprise: Now
decides next. The first edition of this survey, which will be published
quarterly this year, examined how the adoption of Gen AI is
unfolding and whether its benefits are being fully exploited. All
respondents work with AI and are testing or implementing it in their
organisation. More than 2,800 respondents at Director or C-suite
level across six industries and 16 countries participated in the
survey, including 50 Dutch respondents.
Rotterdam, 17 January 2024
48 per cent of Dutch respondents agree that their organisation
sufficiently educates employees on the possibilities, benefits,
10/24/25, 9:10 AM
79% of executives expect Gen AI to transform organisation within three years | Deloitte Netherlands
https://www.deloitte.com/nl/nl/about/press-room/79-van-leidinggevenden-verwacht-dat-gen-ai.html
1/7

and value of Gen AI.
62 per cent of Dutch respondents are concerned that the
widespread use of Gen AI will increase economic inequality.
 A quarter of global executives believe their organisations are
well-prepared to address governance and risk issues related to
Gen AI adoption.
""Today, Gen AI is at an inflection point. Organisations are beginning
to recognise the potential of Gen AI, but are yet to see it as a growth
catalyst for business. To be able to actually use Gen AI for growth, it
is important not to see Gen AI in isolation, but in interaction with
other forms of AI, data and technology platforms,"" says Marc
Verdonk, CTO Deloitte Netherlands.
""The way we work, learn and collaborate is expected to change. To
make the most of Gen AI and stay ahead of the curve, organisations
need to redefine how they do business. Collaboration between
organisations is essential to foster trust in the responsible and
widespread adoption of Gen AI. In addition, a strong focus on
education and reskilling people is crucial,"" says Stephen Ward,
Partner Deloitte Digital.
Three-quarters of global respondents (79 per cent, NL respondents:
86 per cent) expect Gen AI to transform their organisation in less
than three years. Yet, at the moment, the majority report a strong
focus on more tactical benefits, like improving efficiency and cost
reduction (56 per cent), rather than things like growth and improving
innovation (29 per cent). Dutch respondents indicate that Gen AI is
10/24/25, 9:10 AM
79% of executives expect Gen AI to transform organisation within three years | Deloitte Netherlands
https://www.deloitte.com/nl/nl/about/press-room/79-van-leidinggevenden-verwacht-dat-gen-ai.html
2/7

mainly used in their organisations for content creation (76 per cent),
translations (60 per cent) and as a virtual assistant (58 per cent).
44 per cent of respondents globally believe they have ""high"" or ""very
high"" expertise in Gen AI. Of the Dutch respondents, 52 per cent
indicate that there is some expertise on Gen AI within their
organisation; 36 percent believe there is ""high"" or ""very high""
expertise on Gen AI within their organisation. AI experts who have
been working with AI for some time have more confidence in the
technology and seem to be best prepared for the changes that Gen
AI will bring.
10/24/25, 9:10 AM
79% of executives expect Gen AI to transform organisation within three years | Deloitte Netherlands
https://www.deloitte.com/nl/nl/about/press-room/79-van-leidinggevenden-verwacht-dat-gen-ai.html
3/7

10/24/25, 9:10 AM
79% of executives expect Gen AI to transform organisation within three years | Deloitte Netherlands
https://www.deloitte.com/nl/nl/about/press-room/79-van-leidinggevenden-verwacht-dat-gen-ai.html
4/7

About Deloitte
""Deloitte"", ""us"", ""we"" and ""our"" refer to one or more of Deloitte Touche Tohmatsu
Limited (""DTTL""), its global network of member firms and their related entities
(collectively, the ""Deloitte Organisation""). DTTL (also referred to as ""Deloitte Global"")
and each of its member firms and related entities are legally separate and
independent entities, which cannot obligate or bind each other to third parties. DTTL
and each DTTL member firm and related entity shall be liable only for its own acts and
omissions and not those of each other. DTTL does not provide services to customers.
Go to 
 for more information.
Deloitte provides leading audit and assurance, tax and legal, consulting, financial
advisory and risk advisory services to nearly 90% of the Fortune Global 500® and
thousands of private companies. Our professionals deliver measurable and lasting
results that help strengthen public confidence in capital markets, enable clients to
transform and thrive and lead the way to a stronger economy, a fairer society and a
sustainable world. Building on its 175-year history, Deloitte covers more than 150
countries and territories. Learn how Deloitte's approximately 415,000 people around
the world are making an impact that matters on 
.
Press contact(s):
Wilma Bontes 
Deloitte Netherlands
Mobile: +31 (0)6 21 27 21 02
Inger Hund
Deloitte Netherlands
www.deloitte.com/about
www.deloitte.com
wbontes@deloitte.nl
10/24/25, 9:10 AM
79% of executives expect Gen AI to transform organisation within three years | Deloitte Netherlands
https://www.deloitte.com/nl/nl/about/press-room/79-van-leidinggevenden-verwacht-dat-gen-ai.html
5/7

Mobile: +31 (0)6 50 15 15 89
Rianne der Weduwe
Deloitte Netherlands
Mobile: +31 (0)6 27 18 44 26 
ihund@deloitte.nl
rderweduwe@deloitte.nl
Contact us


10/24/25, 9:10 AM
79% of executives expect Gen AI to transform organisation within three years | Deloitte Netherlands
https://www.deloitte.com/nl/nl/about/press-room/79-van-leidinggevenden-verwacht-dat-gen-ai.html
6/7

Datasnipper wins Deloitte
Technology Fast 50 2023
The winners of the Deloitte Technology
Fast 50 have been announced!
03 Nov 2023
Nieuws
10/24/25, 9:10 AM
79% of executives expect Gen AI to transform organisation within three years | Deloitte Netherlands
https://www.deloitte.com/nl/nl/about/press-room/79-van-leidinggevenden-verwacht-dat-gen-ai.html
7/7
",yes,['ai'],['ai'],['ai'],1,37,[],"Nieuws
18 jan 2024
79% of executives expect Gen AI to
transform organisations within
three years
Managing talent, governance, and risk are top
challenges with Gen AI adoption
Deloitte presents The State of Generative AI in the Enterprise: Now
decides next. The first edition of this survey, which will be published
quarterly this year, examined how the adoption of Gen AI is
unfolding and whether its benefits are being fully exploited. All
respondents work with AI and are testing or implementing it in their
organisation. More than 2,800 respondents at Director or C-suite
level across six industries and 16 countries participated in the
survey, including 50 respondents.
Rotterdam, 17 January 2024
48 per cent of Dutch respondents agree that their organisation
sufficiently educates employees on the possibilities, benefits,
10/24/25, 9:10 AM
79% of executives expect Gen AI to transform organisation within three years | Deloitte Netherlands
https://www.deloitte.com/nl/nl/about/press-room/79-van-leidinggevenden-verwacht-dat-gen-ai.html
1/7

and value of Gen AI.
62 per cent of Dutch respondents are concerned that the
widespread use of Gen AI will increase economic inequality.
 A quarter of global executives believe their organisations are
well-prepared to address governance and risk issues related to
Gen AI adoption.
""Today, Gen AI is at an inflection point. Organisations are beginning
to recognise the potential of Gen AI, but are yet to see it as a growth
catalyst for business. To be able to actually use Gen AI for growth, it
is important not to see Gen AI in isolation, but in interaction with
other forms of AI, data and technology platforms,"" says Marc
Verdonk, CTO Deloitte Netherlands.
""The way we work, learn and collaborate is expected to change. To
make the most of Gen AI and stay ahead of the curve, organisations
need to redefine how they do business. Collaboration between
organisations is essential to foster trust in the responsible and
widespread adoption of Gen AI. In addition, a strong focus on
education and reskilling people is crucial,"" says Stephen Ward,
Partner Deloitte Digital.
Three-quarters of global respondents (79 per cent, NL respondents:
86 per cent) expect Gen AI to transform their organisation in less
than three years. Yet, at the moment, the majority report a strong
focus on more tactical benefits, like improving efficiency and cost
reduction (56 per cent), rather than things like growth and improving
innovation (29 per cent). Dutch respondents indicate that Gen AI is
10/24/25, 9:10 AM
79% of executives expect Gen AI to transform organisation within three years | Deloitte Netherlands
https://www.deloitte.com/nl/nl/about/press-room/79-van-leidinggevenden-verwacht-dat-gen-ai.html
2/7

mainly used in their organisations for content creation (76 per cent),
translations (60 per cent) and as a virtual assistant (58 per cent).
44 per cent of respondents globally believe they have ""high"" or ""very
high"" expertise in Gen AI. Of the Dutch respondents, 52 per cent
indicate that there is some expertise on Gen AI within their
organisation; 36 percent believe there is ""high"" or ""very high""
expertise on Gen AI within their organisation. AI experts who have
been working with AI for some time have more confidence in the
technology and seem to be best prepared for the changes that Gen
AI will bring.
10/24/25, 9:10 AM
79% of executives expect Gen AI to transform organisation within three years | Deloitte Netherlands
https://www.deloitte.com/nl/nl/about/press-room/79-van-leidinggevenden-verwacht-dat-gen-ai.html
3/7

10/24/25, 9:10 AM
79% of executives expect Gen AI to transform organisation within three years | Deloitte Netherlands
https://www.deloitte.com/nl/nl/about/press-room/79-van-leidinggevenden-verwacht-dat-gen-ai.html
4/7

About Deloitte
""Deloitte"", ""us"", ""we"" and ""our"" refer to one or more of Deloitte Touche Tohmatsu
Limited (""DTTL""), its global network of member firms and their related entities
(collectively, on 
.
Press contact(s):
Wilma Bontes 
Deloitte Netherlands
Mobile: +31 (0)6 21 27 21 02
Inger Hund
Deloitte Netherlands
www.deloitte.com/about
www.deloitte.com
wbontes@deloitte.nl
10/24/25, 9:10 AM
79% of executives expect Gen AI to transform organisation within three years | Deloitte Netherlands
https://www.deloitte.com/nl/nl/about/press-room/79-van-leidinggevenden-verwacht-dat-gen-ai.html
5/7

Mobile: +31 (0)6 50 15 15 89
Rianne der Weduwe
Deloitte Netherlands
Mobile: +31 (0)6 27 18 44 26 
ihund@deloitte.nl
rderweduwe@deloitte.nl
Contact us


10/24/25, 9:10 AM
79% of executives expect Gen AI to transform organisation within three years | Deloitte Netherlands
https://www.deloitte.com/nl/nl/about/press-room/79-van-leidinggevenden-verwacht-dat-gen-ai.html
6/7

Datasnipper wins Deloitte
Technology Fast 50 2023
The winners of the Deloitte Technology
Fast 50 have been announced!
03 Nov 2023
Nieuws
10/24/25, 9:10 AM
79% of executives expect Gen AI to transform organisation within three years | Deloitte Netherlands
https://www.deloitte.com/nl/nl/about/press-room/79-van-leidinggevenden-verwacht-dat-gen-ai.html
7/7...","[(0, 660), (667, 3990), (5054, 6180)]",37,5114,866,1035
27,deloitte,Deloitte kondigt nieuwe leden aan voor de Raad van Bestuur en de Raad van Commissarissen _ Deloitte Netherlands.pdf,"Nieuws
09 jan 2025
Deloitte kondigt nieuwe leden aan
voor de Raad van Bestuur en de
Raad van Commissarissen
Deloitte Nederland heeft twee nieuwe bestuursleden benoemd.
Jamie Gatt is aangesteld als de nieuwe Chief Quality and Risk Officer
(CQRO), met ingang van 1 december 2024, en Mariëlle Vogt zal
toetreden tot de Raad van Commissarissen van Coöperatief Deloitte
U.A. en Deloitte Holding B.V., met ingang van 1 januari 2025.
Rotterdam, 9 januari 2025
Benoeming van Jamie Gatt als Chief
Quality and Risk Officer
 
Jamie Gatt is benoemd tot CQRO en treedt toe tot de Raad van
Bestuur naast Hans Honig (CEO) en Dagmar Enklaar (COO). Met
10/24/25, 9:10 AM
Deloitte kondigt nieuwe leden aan voor de Raad van Bestuur en de Raad van Commissarissen | Deloitte Netherlands
https://www.deloitte.com/nl/nl/about/press-room/deloitte-kondigt-nieuwe-leden-aan-voor-de-raad-van-bestuur-en-de-raad-van-commissarissen.html
1/6

meer dan 35 jaar ervaring binnen Deloitte is Jamie een senior
partner in de Audit en Assurance-praktijk en heeft hij belangrijke
rollen bekleed, waaronder Clients and Industries Leader voor Audit
en Assurance in de Azië-Pacific regio. Zijn internationale ervaring in
onder meer Australië, het Verenigd Koninkrijk, Nederland en
Zwitserland, brengt diversiteit aan het leiderschap van Deloitte
Nederland.
Hans Honig, CEO van Deloitte Nederland, zegt: “Jamie’s
internationale ervaring en leiderschap binnen Deloitte zullen onze
organisatie aanzienlijk versterken en ons leiderschapsteam
verrijken. We zijn ervan overtuigd dat zijn benoeming onze
marktpositie verder zal versterken.”
10/24/25, 9:10 AM
Deloitte kondigt nieuwe leden aan voor de Raad van Bestuur en de Raad van Commissarissen | Deloitte Netherlands
https://www.deloitte.com/nl/nl/about/press-room/deloitte-kondigt-nieuwe-leden-aan-voor-de-raad-van-bestuur-en-de-raad-van-commissarissen.html
2/6

Over Deloitte
""Deloitte"", ""ons"", ""wij"" en ""onze"" verwijzen naar een of meer van Deloitte Touche
Tohmatsu Limited (""DTTL""), haar wereldwijde netwerk van lidfirma's en hun
gerelateerde entiteiten (gezamenlijk de ""Deloitte-organisatie""). DTTL (ook wel ""Deloitte
Global"" genoemd) en elk van haar lidfirma's en gerelateerde entiteiten zijn juridisch
afzonderlijke en onafhankelijke entiteiten, die elkaar niet kunnen verplichten of
binden ten opzichte van derden. DTTL en elk DTTL-lidfirma en gerelateerde entiteit is
alleen aansprakelijk voor zijn eigen daden en omissies, en niet die van elkaar. DTTL
levert geen diensten aan klanten. Ga naar 
 voor meer
informatie.
Deloitte levert toonaangevende audit- en assurance-, belasting- en juridische,
consulting-, financiële advies- en risicoadviesdiensten aan bijna 90% van de Fortune
Global 500® en duizenden particuliere bedrijven. Onze professionals leveren
meetbare en blijvende resultaten die helpen het publieke vertrouwen in
kapitaalmarkten te versterken, cliënten in staat stellen te transformeren en te
floreren, en de weg wijzen naar een sterkere economie, een eerlijkere samenleving en
een duurzame wereld. Voortbouwend op zijn 175-jarige geschiedenis, bestrijkt
www.deloitte.com/about
10/24/25, 9:10 AM
Deloitte kondigt nieuwe leden aan voor de Raad van Bestuur en de Raad van Commissarissen | Deloitte Netherlands
https://www.deloitte.com/nl/nl/about/press-room/deloitte-kondigt-nieuwe-leden-aan-voor-de-raad-van-bestuur-en-de-raad-van-commissarissen.html
3/6

Deloitte meer dan 150 landen en gebieden. Ontdek hoe de ongeveer 415.000 mensen
van Deloitte wereldwijd een impact maken die ertoe doet op 
.
Contactpersoon(en) voor de pers:
Wilma Bontes 
Deloitte Nederland
Mobiel: +31 (0)6 21 27 21 02
Inger Hund
Deloitte Nederland
Mobiel: +31 (0)6 50 15 15 89
Rianne der Weduwe
Deloitte Nederland
Mobiel: +31 (0)6 27 18 44 26 
www.deloitte.com
wbontes@deloitte.nl
ihund@deloitte.nl
rderweduwe@deloitte.nl
10/24/25, 9:10 AM
Deloitte kondigt nieuwe leden aan voor de Raad van Bestuur en de Raad van Commissarissen | Deloitte Netherlands
https://www.deloitte.com/nl/nl/about/press-room/deloitte-kondigt-nieuwe-leden-aan-voor-de-raad-van-bestuur-en-de-raad-van-commissarissen.html
4/6

Neem contact op


10/24/25, 9:10 AM
Deloitte kondigt nieuwe leden aan voor de Raad van Bestuur en de Raad van Commissarissen | Deloitte Netherlands
https://www.deloitte.com/nl/nl/about/press-room/deloitte-kondigt-nieuwe-leden-aan-voor-de-raad-van-bestuur-en-de-raad-van-commissarissen.html
5/6

Datasnipper wins Deloitte
Technology Fast 50 2023
The winners of the Deloitte Technology
Fast 50 have been announced!
03 Nov 2023
Nieuws
10/24/25, 9:10 AM
Deloitte kondigt nieuwe leden aan voor de Raad van Bestuur en de Raad van Commissarissen | Deloitte Netherlands
https://www.deloitte.com/nl/nl/about/press-room/deloitte-kondigt-nieuwe-leden-aan-voor-de-raad-van-bestuur-en-de-raad-van-commissarissen.html
6/6
",no,[],[],[],0,0,[],,[],0,0,0,780
28,deloitte,One in three Dutch consumers use generative AI tools _ Deloitte Netherlands.pdf,"Nieuws
27 nov 2023
One in three Dutch consumers use
generative AI tools
Nearly one in three Dutch consumers (29 per cent) sometimes use
generative AI tools in their daily lives. About half of this group uses it
at least once a month. ChatGPT is by far the best-known and most
widely used generative AI tool. This is the outcome of the Deloitte
Digital Consumer Trends Survey 2023, which includes insights on
consumer use of digital devices and services. The survey also
includes Dutch consumers’ views on digital privacy and
sustainability, as well as attitudes to generative AI.
Rotterdam, 27 November 2023
Dutch consumers predominantly use generative AI tools in their
personal lives (65 per cent). To a lesser extent, generative AI tools
are used for work (35 per cent) or education (27 per cent). The most
widely used generative AI tool is ChatGPT (students: 68 per cent,
working people: 43 per cent), followed at some distance by
10/24/25, 9:10 AM
One in three Dutch consumers use generative AI tools | Deloitte Netherlands
https://www.deloitte.com/nl/nl/about/press-room/een-op-de-drie-nederlandse-consumenten-gebruikt-generatieve-ai-tools.html
1/9

Snapchat's 'My AI' (students: 38 per cent, working people: 10 per
cent).
Awareness about trustworthiness of
generative AI tools is quite low
 
Four out of ten Dutch consumers (45 per cent) indicate they do not
trust that the results that generative AI tools produce are always
factually accurate. 39 per cent of Dutch consumers also question
whether the responses generated are always unbiased.
One in five Dutch consumers never question the reliability and
objectivity of generative AI tools. 21 per cent trust that the answers
given are always factually correct. 22 per cent never doubt the
objectivity of results generated by generative AI tools.
10/24/25, 9:10 AM
One in three Dutch consumers use generative AI tools | Deloitte Netherlands
https://www.deloitte.com/nl/nl/about/press-room/een-op-de-drie-nederlandse-consumenten-gebruikt-generatieve-ai-tools.html
2/9

10/24/25, 9:10 AM
One in three Dutch consumers use generative AI tools | Deloitte Netherlands
https://www.deloitte.com/nl/nl/about/press-room/een-op-de-drie-nederlandse-consumenten-gebruikt-generatieve-ai-tools.html
3/9

10/24/25, 9:10 AM
One in three Dutch consumers use generative AI tools | Deloitte Netherlands
https://www.deloitte.com/nl/nl/about/press-room/een-op-de-drie-nederlandse-consumenten-gebruikt-generatieve-ai-tools.html
4/9

10/24/25, 9:10 AM
One in three Dutch consumers use generative AI tools | Deloitte Netherlands
https://www.deloitte.com/nl/nl/about/press-room/een-op-de-drie-nederlandse-consumenten-gebruikt-generatieve-ai-tools.html
5/9

About Deloitte
""Deloitte"", ""us"", ""we"" and ""our"" refer to one or more of Deloitte Touche Tohmatsu
Limited (""DTTL""), its global network of member firms and their related entities
(collectively, the ""Deloitte Organisation""). DTTL (also referred to as ""Deloitte Global"")
and each of its member firms and related entities are legally separate and
independent entities, which cannot obligate or bind each other to third parties. DTTL
and each DTTL member firm and related entity shall be liable only for its own acts and
10/24/25, 9:10 AM
One in three Dutch consumers use generative AI tools | Deloitte Netherlands
https://www.deloitte.com/nl/nl/about/press-room/een-op-de-drie-nederlandse-consumenten-gebruikt-generatieve-ai-tools.html
6/9

omissions and not those of each other. DTTL does not provide services to customers.
Go to 
 for more information.
Deloitte provides leading audit and assurance, tax and legal, consulting, financial
advisory and risk advisory services to nearly 90% of the Fortune Global 500® and
thousands of private companies. Our professionals deliver measurable and lasting
results that help strengthen public confidence in capital markets, enable clients to
transform and thrive and lead the way to a stronger economy, a fairer society and a
sustainable world. Building on its 175-year history, Deloitte covers more than 150
countries and territories. Learn how Deloitte's approximately 415,000 people around
the world are making an impact that matters on 
.
Press contact(s):
Wilma Bontes 
Deloitte Netherlands
Mobile: +31 (0)6 21 27 21 02
Inger Hund
Deloitte Netherlands
Mobile: +31 (0)6 50 15 15 89
Rianne der Weduwe
Deloitte Netherlands
Mobile: +31 (0)6 27 18 44 26 
www.deloitte.com/about
www.deloitte.com
wbontes@deloitte.nl
ihund@deloitte.nl
rderweduwe@deloitte.nl
10/24/25, 9:10 AM
One in three Dutch consumers use generative AI tools | Deloitte Netherlands
https://www.deloitte.com/nl/nl/about/press-room/een-op-de-drie-nederlandse-consumenten-gebruikt-generatieve-ai-tools.html
7/9

Contact us


10/24/25, 9:10 AM
One in three Dutch consumers use generative AI tools | Deloitte Netherlands
https://www.deloitte.com/nl/nl/about/press-room/een-op-de-drie-nederlandse-consumenten-gebruikt-generatieve-ai-tools.html
8/9

75 per cent of consumers
have adjusted their
purchasing habits as a resul…
To cope with rising food prices, consumers
are increasingly opting for cheaper
products at today's supermarkets,
according to the latest edition of the…
09 Sep 2023
Nieuws
79% of executives expect Gen
AI to transform organisations
within three years
How is Gen AI adoption unfolding and are
the benefits being fully exploited? Deloitte
presents The State of Generative AI in the
Enterprise: Now decides next
18 Jan 2024
Nieuws
Datasnipper wins Deloitte
Technology Fast 50 2023
The winners of the Deloitte Technology
Fast 50 have been announced!
03 Nov 2023
Nieuws
10/24/25, 9:10 AM
One in three Dutch consumers use generative AI tools | Deloitte Netherlands
https://www.deloitte.com/nl/nl/about/press-room/een-op-de-drie-nederlandse-consumenten-gebruikt-generatieve-ai-tools.html
9/9
",yes,['ai'],"['ai', 'chatgpt']","['chatgpt', 'ai']",1,35,[],"Nieuws
27 nov 2023
One in three Dutch consumers use
generative AI tools
Nearly one in three Dutch consumers (29 per cent) sometimes use
generative AI tools in their daily lives. About half of this group uses it
at least once a month. ChatGPT is by far the best-known and most
widely used generative AI tool. This is the outcome of the Deloitte
Digital Consumer Trends Survey 2023, which includes insights on
consumer use of digital devices and services. The survey also
includes Dutch consumers’ views on digital privacy and
sustainability, as well as attitudes to generative AI.
Rotterdam, 27 November 2023
Dutch consumers predominantly use generative AI tools in their
personal lives (65 per cent). To a lesser extent, generative AI tools
are used for work (35 per cent) or education (27 per cent). The most
widely used generative AI tool is ChatGPT (students: 68 per cent,
working people: 43 per cent), followed at some distance by
10/24/25, 9:10 AM
One in three Dutch consumers use generative AI tools | Deloitte Netherlands
https://www.deloitte.com/nl/nl/about/press-room/een-op-de-drie-nederlandse-consumenten-gebruikt-generatieve-ai-tools.html
1/9

Snapchat's 'My AI' (students: 38 per cent, working people: 10 per
cent).
Awareness about trustworthiness of
generative AI tools is quite low
 
Four out of ten Dutch consumers (45 per cent) indicate they do not
trust that the results that generative AI tools produce are always
factually accurate. 39 per cent of Dutch consumers also question
whether the responses generated are always unbiased.
One in five Dutch consumers never question the reliability and
objectivity of generative AI tools. 21 per cent trust that the answers
given are always factually correct. 22 per cent never doubt the
objectivity of results generated by generative AI tools.
10/24/25, 9:10 AM
One in three Dutch consumers use generative AI tools | Deloitte Netherlands
https://www.deloitte.com/nl/nl/about/press-room/een-op-de-drie-nederlandse-consumenten-gebruikt-generatieve-ai-tools.html
2/9

10/24/25, 9:10 AM
One in three Dutch consumers use generative AI tools | Deloitte Netherlands
https://www.deloitte.com/nl/nl/about/press-room/een-op-de-drie-nederlandse-consumenten-gebruikt-generatieve-ai-tools.html
3/9

10/24/25, 9:10 AM
One in three Dutch consumers use generative AI tools | Deloitte Netherlands
https://www.deloitte.com/nl/nl/about/press-room/een-op-de-drie-nederlandse-consumenten-gebruikt-generatieve-ai-tools.html
4/9

10/24/25, 9:10 AM
One in three Dutch consumers use generative AI tools | Deloitte Netherlands
https://www.deloitte.com/nl/nl/about/press-room/een-op-de-drie-nederlandse-consumenten-gebruikt-generatieve-ai-tools.html
5/9

About Deloitte
""Deloitte"", ""us"", ""we"" and ""our"" refer to one or more of Deloitte Touche Tohmatsu
Limited (""DTTL""), its global network of member firms and their related entities
(collectively, third parties. DTTL
and each DTTL member firm and related entity shall be liable only for its own acts and
10/24/25, 9:10 AM
One in three Dutch consumers use generative AI tools | Deloitte Netherlands
https://www.deloitte.com/nl/nl/about/press-room/een-op-de-drie-nederlandse-consumenten-gebruikt-generatieve-ai-tools.html
6/9

omissions and not those of each other. DTTL does not provide services to customers.
Go to 
 for more information.
Deloitte provides leading audit and assurance, tax and legal, consulting, 15 15 89
Rianne der Weduwe
Deloitte Netherlands
Mobile: +31 (0)6 27 18 44 26 
www.deloitte.com/about
www.deloitte.com
wbontes@deloitte.nl
ihund@deloitte.nl
rderweduwe@deloitte.nl
10/24/25, 9:10 AM
One in three Dutch consumers use generative AI tools | Deloitte Netherlands
https://www.deloitte.com/nl/nl/about/press-room/een-op-de-drie-nederlandse-consumenten-gebruikt-generatieve-ai-tools.html
7/9

Contact us


10/24/25, 9:10 AM
One in three Dutch consumers use generative AI tools | Deloitte Netherlands
https://www.deloitte.com/nl/nl/about/press-room/een-op-de-drie-nederlandse-consumenten-gebruikt-generatieve-ai-tools.html
8/9

75 per cent of consumers
have adjusted their
purchasing habits as a resul…
To cope with rising food prices, consumers
are increasingly opting for cheaper
products at today's supermarkets,
according to the latest edition of the…
09 Sep 2023
Nieuws
79% of executives expect Gen
AI to transform organisations
within three years
How is Gen AI adoption unfolding and are
the benefits being fully exploited? Deloitte
presents The State of Generative AI in the
Enterprise: Now decides next
18 Jan 2024
Nieuws
Datasnipper wins Deloitte
Technology Fast 50 2023
The winners of the Deloitte Technology
Fast 50 have been announced!
03 Nov 2023
Nieuws
10/24/25, 9:10 AM
One in three Dutch consumers use generative AI tools | Deloitte Netherlands
https://www.deloitte.com/nl/nl/about/press-room/een-op-de-drie-nederlandse-consumenten-gebruikt-generatieve-ai-tools.html
9/9...","[(0, 2881), (3098, 3613), (4306, 5800)]",35,4895,832,976
29,deloitte,Vertrouwen in GenAI_ Europese en Nederlandse Trends en Uitdagingen.pdf,"Nieuws
10 okt 2024
Vertrouwen in GenAI: Europese en
Nederlandse Trends en
Uitdagingen
Het niet gebruiken van GenAI is ook een risico
23% van de Europese respondenten die GenAI voor
werkdoeleinden gebruiken, geeft aan dat hun bedrijf geen
formeel beleid heeft met betrekking tot het gebruik van GenAI
op de werkplek
65% van de Nederlandse respondenten is bekend met GenAI
Deepfakes grootste zorg onder GenAI gebruikers
70 % van de Europese GenAI-gebruikers zet dit in voor
persoonlijke doeleinden 34% werkgerelateerd
Slechts 35% van de Nederlandse respondenten zegt dat hun
bedrijf GenAI-gebruik op de werkvloer promoot.
10/24/25, 9:10 AM
Vertrouwen in GenAI: Europese en Nederlandse Trends en Uitdagingen
https://www.deloitte.com/nl/nl/about/press-room/vertrouwen-in-genai-europese-en-nederlandse-trends-en-uitdagingen.html
1/9

Rotterdam, 10 oktober 2024
Vandaag heeft Deloitte de resultaten gepubliceerd van het
onderzoek: “ Vertrouwen in generatieve AI ”. Aan dit onderzoek
namen ruim 30.000 mensen deel uit verschillende Europese landen,
waaronder 2760 in Nederland. De uitkomsten benadrukken de
noodzaak van verantwoorde GenAI en grondige training om ervoor
te zorgen dat consumenten en werknemers vertrouwen hebben in
het op de juiste manier gebruiken van AI-tools, zowel privé als
zakelijk.
De belangrijkste uitkomsten op een rij:
10/24/25, 9:10 AM
Vertrouwen in GenAI: Europese en Nederlandse Trends en Uitdagingen
https://www.deloitte.com/nl/nl/about/press-room/vertrouwen-in-genai-europese-en-nederlandse-trends-en-uitdagingen.html
2/9

10/24/25, 9:10 AM
Vertrouwen in GenAI: Europese en Nederlandse Trends en Uitdagingen
https://www.deloitte.com/nl/nl/about/press-room/vertrouwen-in-genai-europese-en-nederlandse-trends-en-uitdagingen.html
3/9

10/24/25, 9:10 AM
Vertrouwen in GenAI: Europese en Nederlandse Trends en Uitdagingen
https://www.deloitte.com/nl/nl/about/press-room/vertrouwen-in-genai-europese-en-nederlandse-trends-en-uitdagingen.html
4/9

10/24/25, 9:10 AM
Vertrouwen in GenAI: Europese en Nederlandse Trends en Uitdagingen
https://www.deloitte.com/nl/nl/about/press-room/vertrouwen-in-genai-europese-en-nederlandse-trends-en-uitdagingen.html
5/9

Over Deloitte
""Deloitte"", ""ons"", ""wij"" en ""onze"" verwijzen naar een of meer van Deloitte Touche
Tohmatsu Limited (""DTTL""), haar wereldwijde netwerk van lidfirma's en hun
gerelateerde entiteiten (gezamenlijk de ""Deloitte-organisatie""). DTTL (ook wel ""Deloitte
Global"" genoemd) en elk van haar lidfirma's en gerelateerde entiteiten zijn juridisch
afzonderlijke en onafhankelijke entiteiten, die elkaar niet kunnen verplichten of
binden ten opzichte van derden. DTTL en elk DTTL-lidfirma en gerelateerde entiteit is
alleen aansprakelijk voor zijn eigen daden en omissies, en niet die van elkaar. DTTL
10/24/25, 9:10 AM
Vertrouwen in GenAI: Europese en Nederlandse Trends en Uitdagingen
https://www.deloitte.com/nl/nl/about/press-room/vertrouwen-in-genai-europese-en-nederlandse-trends-en-uitdagingen.html
6/9

levert geen diensten aan klanten. Ga naar 
 voor meer
informatie.
Deloitte levert toonaangevende audit- en assurance-, belasting- en juridische,
consulting-, financiële advies- en risicoadviesdiensten aan bijna 90% van de Fortune
Global 500® en duizenden particuliere bedrijven. Onze professionals leveren
meetbare en blijvende resultaten die helpen het publieke vertrouwen in
kapitaalmarkten te versterken, cliënten in staat stellen te transformeren en te
floreren, en de weg wijzen naar een sterkere economie, een eerlijkere samenleving en
een duurzame wereld. Voortbouwend op zijn 175-jarige geschiedenis, bestrijkt
Deloitte meer dan 150 landen en gebieden. Ontdek hoe de ongeveer 415.000 mensen
van Deloitte wereldwijd een impact maken die ertoe doet op 
.
Contactpersoon(en) voor de pers:
Wilma Bontes 
Deloitte Nederland
Mobiel: +31 (0)6 21 27 21 02
Inger Hund
Deloitte Nederland
Mobiel: +31 (0)6 50 15 15 89
Rianne der Weduwe
Deloitte Nederland
Mobiel: +31 (0)6 27 18 44 26 
www.deloitte.com/about
www.deloitte.com
wbontes@deloitte.nl
ihund@deloitte.nl
rderweduwe@deloitte.nl
10/24/25, 9:10 AM
Vertrouwen in GenAI: Europese en Nederlandse Trends en Uitdagingen
https://www.deloitte.com/nl/nl/about/press-room/vertrouwen-in-genai-europese-en-nederlandse-trends-en-uitdagingen.html
7/9

Neem contact op


10/24/25, 9:10 AM
Vertrouwen in GenAI: Europese en Nederlandse Trends en Uitdagingen
https://www.deloitte.com/nl/nl/about/press-room/vertrouwen-in-genai-europese-en-nederlandse-trends-en-uitdagingen.html
8/9

Consumer Insights
Lees onze nieuwste consumer insights om
een beter inzicht te krijgen in het gedrag
en de eisen van consumenten om de
klantbetrokkenheid voor uw bedrijf te…
Collecties
Supermarkten
Consumentenonderzoek
2025
Prijs, gemak en duurzaamheid zijn de
belangrijkste factoren die het keuzegedrag
van consumenten in de supermarkt
bepalen. Dat blijkt uit het Deloitte…
Research
3 minuut lezen
79% of executives expect Gen
AI to transform organisations
within three years
How is Gen AI adoption unfolding and are
the benefits being fully exploited? Deloitte
presents The State of Generative AI in the
Enterprise: Now decides next
18 Jan 2024
Nieuws
Datasnipper wins Deloitte
Technology Fast 50 2023
The winners of the Deloitte Technology
Fast 50 have been announced!
03 Nov 2023
Nieuws
10/24/25, 9:10 AM
Vertrouwen in GenAI: Europese en Nederlandse Trends en Uitdagingen
https://www.deloitte.com/nl/nl/about/press-room/vertrouwen-in-genai-europese-en-nederlandse-trends-en-uitdagingen.html
9/9
",yes,[],"['ai', 'generatieve ai']","['generatieve ai', 'ai']",0,5,[],"...10/24/25, 9:10 AM
Vertrouwen in GenAI: Europese en Nederlandse Trends en Uitdagingen
https://www.deloitte.com/nl/nl/about/press-room/vertrouwen-in-genai-europese-en-nederlandse-trends-en-uitdagingen.html
1/9

Rotterdam, 10 oktober 2024
Vandaag heeft Deloitte de resultaten gepubliceerd van het
onderzoek: “ Vertrouwen in generatieve AI ”. Aan dit onderzoek
namen ruim 30.000 mensen deel uit verschillende Europese landen,
waaronder 2760 in Nederland. De uitkomsten benadrukken de
noodzaak van verantwoorde GenAI en grondige training om ervoor
te zorgen dat consumenten en werknemers vertrouwen hebben in
het op de juiste manier gebruiken van AI-tools, zowel privé als
zakelijk.
De belangrijkste uitkomsten op een rij:
10/24/25, 9:10 AM
Vertrouwen in GenAI: Europese en Nederlandse Trends en Uitdagingen
https://www.deloitte.com/nl/nl/about/press-room/vertrouwen-in-genai-europese-en-nederlandse-trends-en-uitdagingen.html
2/9

10/24/25, 9:10 AM
Vertrouwen in GenAI: gemak en duurzaamheid zijn de
belangrijkste factoren die het keuzegedrag
van consumenten in de supermarkt
bepalen. Dat blijkt uit het Deloitte…
Research
3 minuut lezen
79% of executives expect Gen
AI to transform organisations
within three years
How is Gen AI adoption unfolding and are
the benefits being fully exploited? Deloitte
presents The State of Generative AI in the
Enterprise: Now decides next
18 Jan 2024
Nieuws
Datasnipper wins Deloitte
Technology Fast 50 2023
The winners of the Deloitte Technology
Fast 50 have been announced!
03 Nov...","[(620, 1586), (4734, 5281)]",5,1520,243,872
30,ing,ING BeleggersBarometer_ Beleggers zien meer kansen in wereldeconomie door generatieve AI _ Newsroom ING.pdf,"Zaterdag 29 juni 2024, 08:00 CEST
Beleggers zijn optimistisch over de komende drie maanden
ING BeleggersBarometer: Beleggers zien meer
kansen in wereldeconomie door generatieve AI
De ING BeleggersBarometer is in juni met 6 punten gestegen. Vorige maand stond deze op
127, nu op 133. Van de beleggers verwacht 54% dat de AEX, de belangrijkste Nederlandse
beursindex, de komende drie maanden zal stijgen. Volgens deze beleggers staat de AEX over
drie maanden – dus in de maand september – op 920 punten. Een hogere waarde van de
eigen beleggingsportefeuille verklaart mede het positievere sentiment. Ook zien beleggers
dankzij generatieve AI meer kansen in de wereldeconomie. Meer dan de helft zegt inmiddels
ervaring te hebben met het gebruik van kunstmatige intelligentie.
Kansen door generatieve AI
Generatieve AI, zoals Chat GPT, is een vorm van kunstmatige intelligentie, die geautomatiseerd
content creëert op basis van ‘prompts’, ofwel vragen of verzoeken van gebruikers. In vergelijking
met een jaar geleden kennen meer beleggers de voor- en nadelen van generatieve AI. Dit
percentage is gestegen van 59% naar 68%. Beleggers die hiermee bekend zijn maken er
tegenwoordig vaker gebruik van. Iets meer dan de helft (51%) heeft ervaring met generatieve AI
en 14% gebruikt het regelmatig.
 
10/29/25, 8:51 PM
ING BeleggersBarometer: Beleggers zien meer kansen in wereldeconomie door generatieve AI | Newsroom ING
https://nieuws.ing.nl/nl-NL/238973-ing-beleggersbarometer-beleggers-zien-meer-kansen-in-wereldeconomie-door-generatieve-ai/
1/4

Beleggers zien door generatieve AI meer kansen voor efficiëntie en snelheid in de
wereldeconomie. Meer dan de helft van de beleggers (53%) denkt dat deze vorm van AI invloed
heeft op banen, maar dat dit uiteindelijk niet zal leiden tot toename of verlies van
werkgelegenheid. Daarentegen denkt één op de drie beleggers (29%) dat het wel banen gaat
kosten.
 
Tot slot houdt twee derde van de beleggers (67%) geen rekening met de kansen en
bedreigingen van generatieve AI op hun beleggingen. Dit percentage is even hoog als vorig jaar.
Bijna één op de vijf beleggers (18%) houdt hier wél rekening mee. Bob Homan, hoofd ING
Investment Office: “Afgelopen jaar zijn de effecten van generatieve AI veel in het nieuws
geweest. Het is dan ook niet verwonderlijk dat beleggers hier meer kennis over hebben vergaard
- en meer zicht hebben op de effecten ervan. Het verbaast me wel dat zo weinig beleggers
aandacht besteden aan generatieve AI bij beleggingen. De stijging die bijvoorbeeld het aandeel
Nvidia door deze ontwikkeling heeft gemaakt, kan je als belegger nauwelijks zijn ontgaan.”
""Het verbaast me wel dat zo weinig beleggers aandacht besteden aan generatieve AI bij
beleggingen. De stijging die bijvoorbeeld het aandeel Nvidia door deze ontwikkeling
heeft gemaakt, kan je als belegger nauwelijks zijn ontgaan.""
Bob Homan, hoofd ING Investment Office
Minder vertrouwen in crypto
Beleggers zien deze maand minder beleggingskansen in cryptocurrencies. Vorige maand zag
19% hier nog kansen in, nu is dat 13% van de beleggers. Ook is het vertrouwen in beleggen in
cryptomunten afgenomen. Het aandeel beleggers met veel vertrouwen in crypto is gedaald van
9% naar 4% en het aandeel met weinig vertrouwen is juist gestegen van 30% naar 41%.
Homan: “Wellicht heeft het gedaalde vertrouwen in cryptocurrencies te maken met de stabiele
prijsontwikkeling in de afgelopen maanden. De meeste mensen die in crypto’s handelen doen
dat waarschijnlijk vooral om snelle winsten te maken.”
 
Net als in de maand mei maken de ondervraagden dezelfde verdeling tussen traditionele
beleggingen en cryptocurrencies in geval zij €10.000 zouden kunnen inzetten om te beleggen.
De meeste beleggers zouden investeren in traditionele beleggingen, zoals fondsen, aandelen en
10/29/25, 8:51 PM
ING BeleggersBarometer: Beleggers zien meer kansen in wereldeconomie door generatieve AI | Newsroom ING
https://nieuws.ing.nl/nl-NL/238973-ing-beleggersbarometer-beleggers-zien-meer-kansen-in-wereldeconomie-door-generatieve-ai/
2/4

ETF’s. Slechts 14% van beleggers zou investeren in cryptocurrencies. Aandelen (27%) en
beleggingsfondsen (26%) blijven de meest kansrijke vormen van beleggen volgens de
ondervraagden.
""Wellicht heeft het gedaalde vertrouwen in cryptocurrencies te maken met de stabiele
prijsontwikkeling in de afgelopen maanden. De meeste mensen die in crypto’s handelen
doen dat waarschijnlijk vooral om snelle winsten te maken.""
Bob Homan, hoofd ING Investment Office
Kansrijk op de beurs
Volgens 28% van de respondenten blijven aandelen van ASML Holding het meest kansrijk in de
AEX. ASM International (6%), Adyen (4%), Royal Dutch Shell (3%) en ING Group (3%) maken de
top vijf van deze maand compleet. Volgens beleggers zijn de wereldeconomie (32%) en de
geopolitieke situatie (31%) nog steeds het meest van invloed op de beurs.
 
Beleggersgedrag
Deze maand gedroegen beleggers zich niet anders op de beurs dan vorige maand. Meer dan de
helft (58%) van de beleggers veranderde niets aan het totale bedrag dat zij beleggen op de
beurs. Van diegenen die wel iets aan het totale bedrag veranderden, kocht 26% meer
beleggingen dan dat zij verkochten. Vorige maand ging dit nog om 7% van beleggers.
10/29/25, 8:51 PM
ING BeleggersBarometer: Beleggers zien meer kansen in wereldeconomie door generatieve AI | Newsroom ING
https://nieuws.ing.nl/nl-NL/238973-ing-beleggersbarometer-beleggers-zien-meer-kansen-in-wereldeconomie-door-generatieve-ai/
3/4

Contactgegevens
Kopieer link
https://nieuws.ing.nl/nl-NL/238973-ing-beleggersbarometer-beleggers-zien-meer-kansen-in-
wereldeconomie-door-generatieve-ai/
Karin van der Pol
Consumer Lending
HR
ING Kantoren en Servicepunten
Private Banking & Investment
karin.van.der.pol@ing.com
10/29/25, 8:51 PM
ING BeleggersBarometer: Beleggers zien meer kansen in wereldeconomie door generatieve AI | Newsroom ING
https://nieuws.ing.nl/nl-NL/238973-ing-beleggersbarometer-beleggers-zien-meer-kansen-in-wereldeconomie-door-generatieve-ai/
4/4
",yes,['generatieve ai'],"['ai', 'generatieve ai', 'gpt', 'kunstmatige intelligentie']","['kunstmatige intelligentie', 'ai', 'gpt', 'asm international', 'asml', 'generatieve ai', 'nvidia', 'adyen']",1,24,"['adyen', 'asm international', 'asml', 'nvidia']","Zaterdag 29 juni 2024, 08:00 CEST
Beleggers zijn optimistisch over de komende drie maanden
ING BeleggersBarometer: Beleggers zien meer
kansen in wereldeconomie door generatieve AI
De ING BeleggersBarometer is in juni met 6 punten gestegen. Vorige maand stond deze op
127, nu op 133. Van de beleggers verwacht 54% dat de AEX, de belangrijkste AEX over
drie maanden – dus in de maand september – op 920 punten. Een hogere waarde van de
eigen beleggingsportefeuille verklaart mede het positievere sentiment. Ook zien beleggers
dankzij generatieve AI meer kansen in de wereldeconomie. Meer dan de helft zegt inmiddels
ervaring te hebben met het gebruik van kunstmatige intelligentie.
Kansen door generatieve AI
Generatieve AI, zoals Chat GPT, is een vorm van kunstmatige intelligentie, die geautomatiseerd
content creëert op basis van ‘prompts’, ofwel vragen of verzoeken van gebruikers. In vergelijking
met een jaar geleden kennen meer beleggers de voor- en nadelen van generatieve AI. Dit
percentage is gestegen van 59% naar 68%. Beleggers die hiermee bekend zijn maken er
tegenwoordig vaker gebruik van. Iets meer dan de helft (51%) heeft ervaring met generatieve AI
en 14% gebruikt het regelmatig.
 
10/29/25, 8:51 PM
ING BeleggersBarometer: Beleggers zien meer kansen in wereldeconomie door generatieve AI | Newsroom ING
https://nieuws.ing.nl/nl-NL/238973-ing-beleggersbarometer-beleggers-zien-meer-kansen-in-wereldeconomie-door-generatieve-ai/
1/4

Beleggers zien door generatieve AI meer kansen voor efficiëntie en snelheid in de
wereldeconomie. Meer dan de helft van de beleggers (53%) denkt dat deze vorm van AI invloed
heeft op banen, maar dat dit uiteindelijk niet zal leiden tot toename of verlies van
werkgelegenheid. Daarentegen denkt één op de drie beleggers (29%) dat het wel banen gaat
kosten.
 
Tot slot houdt twee derde van de beleggers (67%) geen rekening met de kansen en
bedreigingen van generatieve AI op hun beleggingen. Dit percentage is even hoog als vorig jaar.
Bijna één op de vijf beleggers (18%) houdt hier wél rekening mee. Bob Homan, hoofd ING
Investment Office: “Afgelopen jaar zijn de effecten van generatieve AI veel in het nieuws
geweest. Het is dan ook niet verwonderlijk dat beleggers hier meer kennis over hebben vergaard
- en meer zicht hebben op de effecten ervan. Het verbaast me wel dat zo weinig beleggers
aandacht besteden aan generatieve AI bij beleggingen. De stijging die bijvoorbeeld het aandeel
Nvidia door deze ontwikkeling heeft gemaakt, kan je als belegger nauwelijks zijn ontgaan.”
""Het verbaast me wel dat zo weinig beleggers aandacht besteden aan generatieve AI bij
beleggingen. De stijging die bijvoorbeeld het aandeel Nvidia door deze ontwikkeling
heeft gemaakt, kan je als belegger nauwelijks zijn ontgaan.""
Bob Homan, hoofd ING Investment Office
Minder vertrouwen in crypto
Beleggers zien deze maand minder beleggingskansen in cryptocurrencies. zouden kunnen inzetten om te beleggen.
De meeste beleggers zouden investeren in traditionele beleggingen, zoals fondsen, aandelen en
10/29/25, 8:51 PM
ING BeleggersBarometer: Beleggers zien meer kansen in wereldeconomie door generatieve AI | Newsroom ING
https://nieuws.ing.nl/nl-NL/238973-ing-beleggersbarometer-beleggers-zien-meer-kansen-in-wereldeconomie-door-generatieve-ai/
2/4

ETF’s. Slechts 14% van beleggers zou investeren in cryptocurrencies. Aandelen (27%) en
beleggingsfondsen (26%) blijven de meest kansrijke vormen van beleggen volgens de
ondervraagden.
""Wellicht heeft het gedaalde vertrouwen in crypto’s handelen
doen dat waarschijnlijk vooral om snelle winsten te maken.""
Bob Homan, hoofd ING Investment Office
Kansrijk op de beurs
Volgens 28% van de respondenten blijven aandelen van ASML Holding het meest kansrijk in de
AEX. ASM International (6%), Adyen (4%), Royal Dutch Shell (3%) en ING Group (3%) maken de
top vijf van deze maand compleet. Volgens beleggers zijn de wereldeconomie (32%) en de
geopolitieke situatie (31%) nog steeds veranderden, kocht 26% meer
beleggingen dan dat zij verkochten. Vorige maand ging dit nog om 7% van beleggers.
10/29/25, 8:51 PM
ING BeleggersBarometer: Beleggers zien meer kansen in wereldeconomie door generatieve AI | Newsroom ING
https://nieuws.ing.nl/nl-NL/238973-ing-beleggersbarometer-beleggers-zien-meer-kansen-in-wereldeconomie-door-generatieve-ai/
3/4

Contactgegevens
Kopieer link
https://nieuws.ing.nl/nl-NL/238973-ing-beleggersbarometer-beleggers-zien-meer-kansen-in-
wereldeconomie-door-generatieve-ai/
Karin van der Pol
Consumer Lending
HR
ING Kantoren en Servicepunten
Private Banking & Investment
karin.van.der.pol@ing.com
10/29/25, 8:51 PM
ING BeleggersBarometer: Beleggers zien meer kansen in wereldeconomie door generatieve AI | Newsroom ING
https://nieuws.ing.nl/nl-NL/238973-ing-beleggersbarometer-beleggers-zien-meer-kansen-in-wereldeconomie-door-generatieve-ai/
4/4...","[(0, 341), (435, 2993), (3657, 4264), (4374, 4822), (5112, 6000)]",29,4849,749,935
31,ing,ING introduceert kunstmatige intelligentie-applicatie voor werkkapitaalbeheer bedrijfsklanten _ Newsroom ING.pdf,"Woensdag 18 juli 2018, 11:55 CEST
ING introduceert kunstmatige intelligentie-
applicatie voor werkkapitaalbeheer
bedrijfsklanten
ING heeft een digitale applicatie geïntroduceerd die zakelijke klanten van ING op
basis van kunstmatige intelligentie voorspellende inzichten biedt waarmee ze hun
werkkapitaal efficiënter kunnen beheren. De applicatie, Smart Working Capital
Assistant genaamd, is met name gericht op middelgrote bedrijven. De applicatie is
door ING Asset Based Finance ontwikkeld in samenwerking met het Nederlandse IT-
bedrijf Finaps en het Amerikaanse softwarebedrijf SAS.
De Smart Working Capital Assistant is een applicatie die aan de hand van zelflerende en
voorspellende algoritmen voor bedrijven gebeurtenissen voorspelt die een positieve of
negatieve impact hebben op hun werkkapitaal. De applicatie stuurt hierover meldingen naar
smartphones van gebruikers, die op basis daarvan beslissingen kunnen nemen. Op basis van de
inzichten die de app geeft kunnen managers van een bedrijf bijvoorbeeld besluiten om
bepaalde transacties op een moment te plannen dat gunstiger is voor hun werkkapitaalspositie.
Op die manier helpt de applicatie om hun werkkapitaal én bedrijfsprocessen te optimaliseren.
Deze applicatie is een van de voorbeelden van hoe ING zakelijke klanten ondersteunt bij het
‘data-driven’ digitaliseren van hun bedrijfsprocessen zodat ze sneller en efficiënter kunnen
werken. Bij het ontwikkelen van digitale toepassingen werkt ING graag samen gespecialiseerde
IT-bedrijven. Dankzij deze werkwijze, waar ING inmiddels ruime ervaring mee heeft, heeft de
bank al diverse digitale toepassingen snel en succesvol weten te introduceren. Voor de Smart
Working Capital Assistant heeft ING Asset Based Finance het idee en geanonimiseerde data
geleverd, op basis waarvan SAS en Finaps het systeem hebben ontwikkeld.
Contact voor de media
Robert Gunther
10/29/25, 8:51 PM
ING introduceert kunstmatige intelligentie-applicatie voor werkkapitaalbeheer bedrijfsklanten | Newsroom ING
https://nieuws.ing.nl/nl-NL/188789-ing-introduceert-kunstmatige-intelligentie-applicatie-voor-werkkapitaalbeheer-bedrijfsklanten/
1/3

Bedrijven en instellingen, Business Banking, Commercial Banking, Corporate Clients, Economisch Bureau
Commercial Banking, Economisch Bureau Zakelijk, Lease, Real Estate.
robert.gunther@ing.com
tel:+31 6 5025 7879
10/29/25, 8:51 PM
ING introduceert kunstmatige intelligentie-applicatie voor werkkapitaalbeheer bedrijfsklanten | Newsroom ING
https://nieuws.ing.nl/nl-NL/188789-ing-introduceert-kunstmatige-intelligentie-applicatie-voor-werkkapitaalbeheer-bedrijfsklanten/
2/3

Contactgegevens
Kopieer link
https://nieuws.ing.nl/nl-NL/188789-ing-introduceert-kunstmatige-intelligentie-applicatie-voor-
werkkapitaalbeheer-bedrijfsklanten/
Harold Reusken
Head of Media Relations ING Nederland
Corporate Zaken
Sponsoring
harold.reusken@ing.com
Alexandra Schippers
Fraude & Cybersecurity
KYC
Corporate Sustainability
alexandra.schippers@ing.com
Daan Heijbroek
Hypotheken
ING Research (Economisch Bureau) Algemeen
Sparen
Pensioenen & Verzekeringen
Privacy
daan.heijbroek@ing.com
10/29/25, 8:51 PM
ING introduceert kunstmatige intelligentie-applicatie voor werkkapitaalbeheer bedrijfsklanten | Newsroom ING
https://nieuws.ing.nl/nl-NL/188789-ing-introduceert-kunstmatige-intelligentie-applicatie-voor-werkkapitaalbeheer-bedrijfsklanten/
3/3
",yes,['kunstmatige intelligentie'],"['algoritmen', 'kunstmatige intelligentie']","['kunstmatige intelligentie', 'algoritmen']",1,6,[],"Woensdag 18 juli 2018, 11:55 CEST
ING introduceert kunstmatige intelligentie-
applicatie voor werkkapitaalbeheer
bedrijfsklanten
ING heeft een digitale applicatie geïntroduceerd die zakelijke klanten van ING op
basis van kunstmatige intelligentie voorspellende inzichten biedt waarmee ze hun
werkkapitaal efficiënter kunnen beheren. De applicatie, Smart Working Capital
Assistant genaamd, is met name gericht op middelgrote bedrijven. De applicatie is
door ING ontwikkeld in samenwerking met het Nederlandse IT-
bedrijf Finaps en het Amerikaanse softwarebedrijf SAS.
De Smart Working Capital Assistant is een applicatie die aan de hand van zelflerende en
voorspellende algoritmen voor bedrijven gebeurtenissen voorspelt die een positieve of
negatieve impact hebben op hun werkkapitaal. De applicatie stuurt hierover meldingen naar
smartphones van gebruikers, die op basis daarvan beslissingen kunnen nemen. Asset Based Finance het idee en geanonimiseerde data
geleverd, op basis waarvan SAS en Finaps het systeem hebben ontwikkeld.
Contact voor de media
Robert Gunther
10/29/25, 8:51 PM
ING introduceert kunstmatige intelligentie-applicatie voor werkkapitaalbeheer bedrijfsklanten | Newsroom ING
https://nieuws.ing.nl/nl-NL/188789-ing-introduceert-kunstmatige-intelligentie-applicatie-voor-werkkapitaalbeheer-bedrijfsklanten/
1/3

Bedrijven en instellingen, Business Banking, Commercial Banking, Corporate Clients, Economisch Bureau
Commercial Banking, Economisch Bureau Zakelijk, Lease, Real Estate.
robert.gunther@ing.com
tel:+31 6 5025 7879
10/29/25, 8:51 PM
ING introduceert kunstmatige intelligentie-applicatie voor werkkapitaalbeheer bedrijfsklanten | Newsroom ING
https://nieuws.ing.nl/nl-NL/188789-ing-introduceert-kunstmatige-intelligentie-applicatie-voor-werkkapitaalbeheer-bedrijfsklanten/
2/3

Contactgegevens
Kopieer link
https://nieuws.ing.nl/nl-NL/188789-ing-introduceert-kunstmatige-intelligentie-applicatie-voor-
werkkapitaalbeheer-bedrijfsklanten/
Harold Reusken
Head of Media Relations ING Nederland
Corporate Zaken
Sponsoring
harold.reusken@ing.com
Alexandra Schippers
Fraude & Cybersecurity
KYC
Corporate Sustainability
alexandra.schippers@ing.com
Daan Heijbroek
Hypotheken
ING Research (Economisch Bureau) Algemeen
Sparen
Pensioenen & Verzekeringen
Privacy
daan.heijbroek@ing.com
10/29/25, 8:51 PM
ING introduceert kunstmatige intelligentie-applicatie voor werkkapitaalbeheer bedrijfsklanten | Newsroom ING
https://nieuws.ing.nl/nl-NL/188789-ing-introduceert-kunstmatige-intelligentie-applicatie-voor-werkkapitaalbeheer-bedrijfsklanten/
3/3...","[(0, 460), (481, 926), (1714, 3369)]",6,2565,333,451
32,ing,ING-onderzoek_ grote bedrijven weer gericht op groei maar vrezen impact AI _ Newsroom ING.pdf,"Donderdag 14 december 2023, 06:00 CET
Topmanagers: nieuw kabinet, geef prioriteit aan duurzaamheid, veiligheid en
krapte arbeidsmarkt
ING-onderzoek: grote bedrijven weer gericht op
groei maar vrezen impact AI
Bestuurders van grote Nederlandse bedrijven kijken weer naar de lange termijn en naar groei.
Ze lijken hiermee de crisisomstandigheden door achtereenvolgens corona, gestegen
energieprijzen en hoge inflatie, achter zich te laten. Er zijn ook nieuwe zorgen, met als
belangrijkste de impact van Artificial Intelligence (AI), omdat bedrijven nog niet goed weten
wat ze ermee moeten. Maar ook hoe de groei via nieuwe producten en markten kan worden
gerealiseerd bij alle spanningen op geopolitiek en veiligheidsgebied. Gevraagd naar de
strategische prioriteiten blijkt dat de verduurzaming van de bedrijfsvoering en het
vasthouden van talent het belangrijkst zijn. Daarbij ziet 64% hoger belonen van werknemers
als het belangrijkste middel om talent te behouden. Ook als deze loongroei ten koste van de
winst gaat. Verder zijn hoge financieringskosten door de gestegen rente een punt van zorg.
De topmanagers verwachten van een volgend kabinet dat duurzaamheid een hoge prioriteit
krijgt, gevolgd door veiligheid en het aanpakken van de krapte op de arbeidsmarkt. Dit en
meer blijkt uit een onderzoek van ING onder 207 bestuurders van grote Nederlandse
(beursgenoteerde) bedrijven over hun strategische prioriteiten. 
Ondanks de onzekerheden van de afgelopen jaren en de diverse internationale conflicten blijkt
dat de bestuurders toch positief vooruitkijken naar 2024. 85% zegt optimistisch tot zeer
optimistisch te zijn over 2024, waar eind vorig jaar 81% aangaf positief naar 2023 te kijken. En
dat terwijl men ook voor 2024 een milde recessie als meest waarschijnlijk verwacht. Uit het
onderzoek blijkt duidelijk dat bedrijven de blik weer meer op de lange termijn en op groei
richten. Waren de topprioriteiten vorig jaar vooral de impact van hoge inflatie en het monetaire
beleid, nu is dat de impact van AI en het groeien van de onderneming.
 
10/29/25, 8:51 PM
ING-onderzoek: grote bedrijven weer gericht op groei maar vrezen impact AI | Newsroom ING
https://nieuws.ing.nl/nl-NL/232986-ing-onderzoek-grote-bedrijven-weer-gericht-op-groei-maar-vrezen-impact-ai/
1/6

“Bedrijven lijken na de post-Covid periode die gekenmerkt werd door volatiliteit, hoge inflatie en
stagnatie, weer een stabielere basis gevonden te hebben. Ze kijken weer meer vooruit en
houden zich meer bezig met strategische onderwerpen, terwijl ondernemingen daarvoor een
meer tactische focus hadden om goed om te gaan met de snelle veranderingen die op ze
afkwamen,” zegt Mark Milders, Hoofd Wholesale Banking bij ING Nederland.
""Bedrijven lijken na de post-Covid periode die gekenmerkt werd door volatiliteit, hoge
inflatie en stagnatie, weer een stabielere basis gevonden te hebben. Ze kijken weer
meer vooruit en houden zich meer bezig met strategische onderwerpen""
Mark Milders, Hoofd Wholesale Banking bij ING Nederland
Lange termijn investeringen en scherpere keuzes
Die verschuiving naar meer langetermijnstrategie komt ook tot uiting in de antwoorden over
innovatie. 86% zegt sneller te willen innoveren tegenover 74% vorig jaar. Men gaat dat met
name doen via R&D, nieuwe machines en technologie op het gebied van AI en cybersecurity.
Het merendeel (86%) geeft ook aan te versnellen op het gebied van duurzaamheid, nog sterker
dan vorig jaar (76%). Milders: “Dat er meer geïnvesteerd gaat worden in innovaties en
verduurzaming laat zien dat de strategische blik weer terug is. Er zullen ook scherpe keuzes
gemaakt moeten worden omdat bedrijven op veel fronten tegelijk met hogere kosten worden
geconfronteerd. In deze tijd met veel uitdagingen komt het aan op goed ondernemerschap.”
 Opkomst AI
De opkomst van AI in de maatschappij houdt ook de bestuurders bezig. 85% van de
ondervraagden zegt enigszins sterke tot zeer sterke impact van AI te verwachten op de
bedrijfsprocessen, met name bij de IT-afdeling (68%), de klantenservice (41%) en de productie
(34%). De opkomst van AI zal echter niet nu al leiden tot het vervangen van banen, slechts 6%
denkt dat dit op korte termijn zal gebeuren.
Fors meer investeren in verduurzaming
Op duurzaamheid willen de bestuurders van de grote Nederlandse bedrijven versnellen, zegt
86% vergeleken met 76% vorig jaar. Het verminderen van CO2-uitstoot heeft hierbij de hoogste
prioriteit. Ook het promoten van een gezonde levensstijl en het gelijk en eerlijk behandelen van
10/29/25, 8:51 PM
ING-onderzoek: grote bedrijven weer gericht op groei maar vrezen impact AI | Newsroom ING
https://nieuws.ing.nl/nl-NL/232986-ing-onderzoek-grote-bedrijven-weer-gericht-op-groei-maar-vrezen-impact-ai/
2/6

werknemers staat hoog op de lijst van de respondenten. Vorig jaar stond het vergroenen van
energieverbruik nog bovenaan deze lijst.
Bijna een derde geeft aan fors meer te investeren in verduurzaming van het eigen bedrijf in
vergelijking met vorig jaar. Dit ondanks de economisch uitdagende omstandigheden en
opgelopen rente. Liefst 83% zegt deze extra investeringen te kunnen doorberekenen.
 
De ondernemingen willen dat duurzaamheid als thema ook hoog op de politieke agenda staat.
Het nieuwe kabinet moet zal als het aan de ondervraagde bestuurders ligt van duurzaamheid
de grootste prioriteit maken. De onderwerpen veiligheid en krapte op de arbeidsmarkt volgen
hierop als tweede en derde.
 
Duurzaamheid levert ook hoofdbrekens op. De implementatie van de EU-taxonomie (33%) en
de investeringen om verder te verduurzamen (32%) zijn volgens de managers de twee grootste
financiële uitdagingen voor 2024. Ruim 70% zegt de taxonomie-regelgeving effectief te vinden
en 86% geeft aan minimaal in een vergevorderd stadium te zitten wat betreft het vereiste
transitieplan, wat in lijn is met de uitkomsten van vorig jaar. De meerderheid vindt dat de
beoordeling van transitieplannen een stap in de goede richting zijn, ondanks de impact op
funding en voorwaarden. Echter, een groot deel zegt het gevraagde financieringsplan voor het
realiseren van de transitie nog niet komend jaar te kunnen publiceren (slechts 21% verwacht
dat te kunnen).
 
Geopolitiek en volatiliteit
90% geeft aan dat de wereldwijde toename van de geopolitieke spanningen belangrijker is
geworden voor het vestigingsbeleid tegenover 78% vorig jaar. Deze kunnen problemen
veroorzaken met toeleveringsketens en de veiligheid van hun personeel. Door de geopolitieke
spanningen verwacht men ook een grotere volatiliteit op de kapitaalmarkt en een negatieve
invloed op de mate waarin bedrijven financiering op kunnen halen.
 
10/29/25, 8:51 PM
ING-onderzoek: grote bedrijven weer gericht op groei maar vrezen impact AI | Newsroom ING
https://nieuws.ing.nl/nl-NL/232986-ing-onderzoek-grote-bedrijven-weer-gericht-op-groei-maar-vrezen-impact-ai/
3/6

Talent vasthouden door verhogen beloning
Het behouden van talent staat hoger op de strategische prioriteitenlijst in vergelijking met vorig
jaar. Het vinden van geschikt personeel is echt lastig. Hierdoor moeten projecten mogelijk
uitgesteld worden en vindt innovatie vertraging op. 24% geeft aan dat behouden van talent
voor het bedrijf een actuele zorg is, tegenover 7% vorig jaar. Opvallend is dat hiervoor een
grotere prioriteit wordt gegeven aan beloningen. Nu ziet 64% verhoging van de beloning als
middel is om mensen vast te houden, tegenover 41% in het ING-onderzoek van vorig jaar. Toen
stond het bieden van opleidingsmogelijkheden bovenaan. De focus op beloning is duidelijk een
punt van zorg en 31% geeft aan dat de loongroei te koste gaat van de winst.
 
Inflatieverwachting blijft ook voor lange termijn hoog
De zorg over inflatie blijft, zelfs nu deze de laatste maanden is afgenomen. 78% maakt zich
zorgen over de stijgende inflatie in de komende 12 maanden in vergelijking met 80% in 2022.
Wel is men veel gematigder over het stijgingspercentage dan vorig jaar, toen verwachtte de
meerderheid een inflatiecijfer van meer dan 10%. Een groot verschil met het vorige onderzoek is
de vrees voor een langdurig hoge inflatie, ook na 2024. Liefst 82% van de respondenten
verwacht dat de inflatie op de langere termijn hoog blijft, vorig jaar was dat nog 67%.
ING heeft dit onderzoek onder 207 bestuurders laten uitvoeren door onafhankelijk
onderzoeksbureau MetrixLab. De bevraagde topmannen en vrouwen zijn werkzaam als onder
andere CEO, CFO, CTO en COO uit representatieve sectoren. De jaarlijkse omzet bedraagt 250
miljoen en meer en 81% van de ondervraagden is werkzaam bij een beursgenoteerd bedrijf.
231214_ING_Strategic_Priorities_C-level_Survey_2023 - NL.pdf
874 KB  PDF document
10/29/25, 8:51 PM
ING-onderzoek: grote bedrijven weer gericht op groei maar vrezen impact AI | Newsroom ING
https://nieuws.ing.nl/nl-NL/232986-ing-onderzoek-grote-bedrijven-weer-gericht-op-groei-maar-vrezen-impact-ai/
4/6

Infographic_Onderzoek_Topmanagers_2023_ING.pdf
520 KB  PDF document
10/29/25, 8:51 PM
ING-onderzoek: grote bedrijven weer gericht op groei maar vrezen impact AI | Newsroom ING
https://nieuws.ing.nl/nl-NL/232986-ing-onderzoek-grote-bedrijven-weer-gericht-op-groei-maar-vrezen-impact-ai/
5/6

Contactgegevens
Kopieer link
https://nieuws.ing.nl/nl-NL/232986-ing-onderzoek-grote-bedrijven-weer-gericht-op-groei-maar-
vrezen-impact-ai/
Robert Gunther
ING Research (Economisch Bureau) Zakelijk & Sector Banking
Zakelijk: Midcorp & Instellingen, Real Estate
Wholesale Banking: coverage, sectoren, duurzame kredietverlening, bedrijfsfinanciering
robert.gunther@ing.com
Media Relations ING Nederland
pers@ing.nl
10/29/25, 8:51 PM
ING-onderzoek: grote bedrijven weer gericht op groei maar vrezen impact AI | Newsroom ING
https://nieuws.ing.nl/nl-NL/232986-ing-onderzoek-grote-bedrijven-weer-gericht-op-groei-maar-vrezen-impact-ai/
6/6
",yes,['ai'],"['ai', 'artificial intelligence']","['artificial intelligence', 'ai']",1,22,[],"Donderdag 14 december 2023, 06:00 CET
Topmanagers: nieuw kabinet, geef prioriteit aan duurzaamheid, veiligheid en
krapte arbeidsmarkt
ING-onderzoek: grote bedrijven weer gericht op
groei maar vrezen impact AI
Bestuurders van grote Nederlandse bedrijven kijken weer naar de lange termijn en naar groei.
Ze lijken hiermee de crisisomstandigheden door achtereenvolgens corona, gestegen
energieprijzen en hoge inflatie, achter zich te laten. Er zijn ook nieuwe zorgen, met als
belangrijkste de impact van Artificial Intelligence (AI), omdat bedrijven nog niet goed weten
wat ze ermee moeten. Maar ook hoe de groei via nieuwe producten en markten kan worden
gerealiseerd bij alle spanningen op geopolitiek en veiligheidsgebied. meer op de lange termijn en op groei
richten. Waren de topprioriteiten vorig jaar vooral de impact van hoge inflatie en het monetaire
beleid, nu is dat de impact van AI en het groeien van de onderneming.
 
10/29/25, 8:51 PM
ING-onderzoek: grote bedrijven weer gericht op groei maar vrezen impact AI | Newsroom ING
https://nieuws.ing.nl/nl-NL/232986-ing-onderzoek-grote-bedrijven-weer-gericht-op-groei-maar-vrezen-impact-ai/
1/6

“Bedrijven lijken na de post-Covid periode die gekenmerkt werd door volatiliteit, hoge inflatie en
stagnatie, weer een stabielere basis gevonden te hebben. Ze kijken weer meer vooruit en
houden de antwoorden over
innovatie. 86% zegt sneller te willen innoveren tegenover 74% vorig jaar. Men gaat dat met
name doen via R&D, nieuwe machines en technologie op het gebied van AI en cybersecurity.
Het merendeel (86%) geeft ook aan te versnellen op het gebied van duurzaamheid, nog sterker
dan vorig jaar (76%). Milders: “Dat er meer geïnvesteerd gaat worden in innovaties ook scherpe keuzes
gemaakt moeten worden omdat bedrijven op veel fronten tegelijk met hogere kosten worden
geconfronteerd. In deze tijd met veel uitdagingen komt het aan op goed ondernemerschap.”
 Opkomst AI
De opkomst van AI in de maatschappij houdt ook de bestuurders bezig. 85% van de
ondervraagden zegt enigszins sterke tot zeer sterke impact van AI te verwachten op de
bedrijfsprocessen, met name bij de IT-afdeling (68%), de klantenservice (41%) en de productie
(34%). De opkomst van AI zal echter niet nu al leiden tot het vervangen van banen, slechts 6%
denkt dat dit op korte termijn zal gebeuren.
Fors meer investeren in verduurzaming
Op duurzaamheid willen de de hoogste
prioriteit. Ook het promoten van een gezonde levensstijl en het gelijk en eerlijk behandelen van
10/29/25, 8:51 PM
ING-onderzoek: grote bedrijven weer gericht op groei maar vrezen impact AI | Newsroom ING
https://nieuws.ing.nl/nl-NL/232986-ing-onderzoek-grote-bedrijven-weer-gericht-op-groei-maar-vrezen-impact-ai/
2/6

werknemers staat hoog op de lijst van de respondenten. Vorig jaar stond het vergroenen van
energieverbruik nog bovenaan deze lijst.
Bijna een derde geeft aan fors meer te investeren...","[(0, 722), (1848, 2470), (3126, 3499), (3577, 4247), (4394, 4906)]",22,2906,471,1525
33,kpmg,Artificial Intelligence - KPMG Nederland.pdf,"Blogs home › Artificial Intelligence
Sander van der Meijs, Associate Director | Johan Willems, Manager |
12-11-2024
The financial services (FS) sector, as a whole, and insurers in the Netherlands
have undergone significant transformations in recent years, with the rapid
adoption of digital technologies being a major driving force. Artificial Intelligence
(AI) has been used within insurance already for quite some time. AI
developments has democratized the intelligence and emerged as a particularly
disruptive technology that has the potential to revolutionize the industry,
thereby offering new insights into customer behavior, risk management, and
fraud detection, among other things.
The search for use cases
By now, most insurers have at least experimented with AI over the past year, and
many are moving beyond implementation of initial use cases. Therein, the most
favorite use case has been a tailored company version of ChatGPT for efficiency
and productivity gains. The majority of Dutch insurers expect that AI will
drastically change their industry within the next three years. The current focus is
on improving operations, thereby making things better, faster, and cheaper. The
emphasis of its impact has not yet been on how it may change other industry
dynamics, such as new market entrants, society, or the influence on other
sectors such as (big)tech. All these dynamics and more will have an impact on
changing customer behavior and interaction. In general, in terms of what is
expected in the short run, AI will increase productivity, create better and faster
insights, increase personalized communication, stimulate growth of existing
businesses, and help launch new products, services as well as business models.
Strong focus on responsible AI
Sander van der
Meijs
Associate Director,
Blog articles
Stuur me een e-
mail
KPMG profiel
Financial services is embracing AI as a transformative
technology
Artificial Intelligence
Home
Onderwerpen
Auteurs

Insurers demonstrate a good understanding of the risks associated with
(generative) AI. Insurers indicate that the Data Ethics Framework adopted by the
industry three years ago, through the Dutch Association of Insurers, has helped
them to formalize their own controls and guardrails in this area. Insurers have
developed a clear understanding of their responsibility when it comes to
adopting this technology and therefore, value responsibility over speed.
No AI without a mature digital landscape
However, although insurers expect AI to drastically disrupt the industry within
the next three years, not all of them are ready for what is next in that realm as
many organizations still lag behind in their digital landscape journey. This is also
reflected in the way in which some organizations handle AI as an integrated
solution within their organization while others only deal with stand-alone AI use
cases. Insurers that have a higher digital maturity view AI investments as an
integral part of their digitization efforts, whereas organizations with a lower
digital maturity do not have AI as part of their integrated strategic vision. This
may widen the performance gap between insurers going forward as value from
AI is expected to be exponential, not linear. As a result, many insurers with a
lower digital maturity should feel incentivized to double down on their digital
transformations, as prior to that, they would need to finalize their cloud
transformation, improve data quality and accessibility, scaled agile changeability
as well as their digital and data capabilities.
AI gameplan is essential to guide your organization in
this new wave
Eventually, organizations may need to go back to the drawing board as AI may
fundamentally change the way organizations operate from front to end (i.e., their
operating models). AI brings a lot of opportunities and value potential, but also
risks. A gameplan is essential to properly embed AI within all layers of the
organization from strategy to operations. Having the right strategy is not only key
to achieving a positive return on investment in AI, but it can also help
organizations differentiate themselves from competitors by reshaping their
target operating model, and redefining roles and structures.
Read more articles and
blogs about this subject
We will keep you informed of
our publications and articles by
email. Set your preferences
here.
More information
For more information, please
contact Sander van der
Meijs or Johan Willems.
Johan Willems
Manager,
Blog articles
Stuur me een e-
mail
KPMG profiel
 Tags:
Advisory
Digital
Transformatie &
Innovatie
Netherlands
Home
Onderwerpen
Auteurs

© 2025 KPMG N.V., een Nederlandse naamloze vennootschap en lid van de wereldwijde KPMG-organisatie van onafhankelijke
ondernemingen gelieerd aan KPMG International Limited, een Engelse vennootschap “limited by guarantee”. Alle rechten voorbehouden.
Interessant

Gerelateerde blogs
07-03-2025
Mastering system
integration
Navigating data patterns and
complex cases
10-02-2025
Hout snijden met
klimaatactieplannen
Van brede klimaatambities
naar concrete plannen met
zeven no-regret acties
31-10-2024
Digital Risk Monitoring
App
Automating Risk and Control
activities
Legal disclaimer
Privacy & Cookies
Toegankelijkheid
Sitemap
Veelgestelde vragen
Algemene Voorwaarden
Over ons
Contact
Kantoorlocaties
Werken bij KPMG
Nieuws & Media
Evenementen
Nieuwsbrief
Persberichten
Services
Audit & Non-Financial Assurance
Advisory
Tax

Offerte aanvragen
Home
Onderwerpen
Auteurs
",yes,['artificial intelligence'],"['ai', 'artificial intelligence', 'chatgpt']","['chatgpt', 'artificial intelligence', 'ai']",1,24,[],"Blogs home › Artificial Intelligence
Sander van der Meijs, Associate Director | Johan Willems, Manager |
12-11-2024
The financial services (FS) sector, as a whole, and insurers in the Netherlands
have undergone significant transformations in recent years, with the rapid
adoption of digital technologies being a major driving force. Artificial Intelligence
(AI) has been used within insurance already for quite some time. AI
developments has democratized the intelligence and emerged as a particularly
disruptive technology that has the potential to revolutionize the industry,
thereby offering new insights into customer behavior, risk management, and
fraud detection, among other things.
The search for use cases
By now, most insurers have at least experimented with AI over the past year, and
many are moving beyond implementation of initial use cases. Therein, the most
favorite use case has been a tailored company version of ChatGPT for efficiency
and productivity gains. The majority of Dutch insurers expect that AI will
drastically change their industry within the next three years. The current focus is
on improving operations, thereby making things better, faster, and cheaper. The
emphasis of its impact has such as (big)tech. All these dynamics and more will have an impact on
changing customer behavior and interaction. In general, in terms of what is
expected in the short run, AI will increase productivity, create better and faster
insights, increase personalized communication, stimulate growth of existing
businesses, and help launch new products, services as well as business models.
Strong focus on responsible AI
Sander van der
Meijs
Associate Director,
Blog articles
Stuur me een e-
mail
KPMG profiel
Financial services is embracing AI as a transformative
technology
Artificial Intelligence
Home
Onderwerpen
Auteurs

Insurers demonstrate a good understanding of the risks associated with
(generative) AI. Insurers indicate that the Data Ethics Framework adopted by the
industry three years ago, through the Dutch Association of Insurers, has helped
them to formalize their own controls and guardrails in this area. Insurers have
developed a clear understanding of their responsibility when it comes to
adopting this technology and therefore, value responsibility over speed.
No AI without a mature digital landscape
However, although insurers expect AI to drastically disrupt the industry within
the next three years, not all of them are ready for what is next in that realm as
many organizations still lag behind in their digital landscape journey. This is also
reflected in the way in which some organizations handle AI as an integrated
solution within their organization while others only deal with stand-alone AI use
cases. Insurers that have a higher digital maturity view AI investments as an
integral part of their digitization efforts, whereas organizations with a lower
digital maturity do not have AI as part of their integrated strategic vision. This
may widen the performance gap between insurers going forward as value from
AI is expected to be exponential, not linear. As a result, many insurers with a
lower digital maturity should feel incentivized to double down on their digital
transformations, as prior to that, they would need to finalize their cloud
transformation, improve data quality and accessibility, scaled agile changeability
as well as their digital and data capabilities.
AI gameplan is essential to guide your organization in
this new wave
Eventually, organizations may need to go back to the drawing board as AI may
fundamentally change the way organizations operate from front to end (i.e., their
operating models). AI brings a lot of opportunities and value potential, but also
risks. A gameplan is essential to properly embed AI within all layers of the
organization from strategy to operations. Having the right strategy is not only key
to achieving a positive return on investment in AI, but it can also help
organizations differentiate themselves from competitors by reshaping their
target operating model, and redefining roles and structures.
Read more articles and
blogs about this subject
We...","[(0, 1219), (1351, 4290)]",24,4162,642,826
34,kpmg,The smartest ways for the Finance Function to embrace - KPMG Nederland.pdf,"Blogs home › The smartest ways for the Finance Function to embrace (Generative) Artificial Intelligence
Paul Rothwell, Partner | Bart Veenman, Senior Manager | Danique
Miedema, Manager | 07-06-2024
In this blog, we evaluate how finance functions are responding to (Generative)
Artificial Intelligence, what opportunities we are seeing in this regard, and we
present some tips and practices on how finance functions can start to adopt this
new technology.
The hype and reality of Artificial Intelligence
Artificial Intelligence (AI) has been with us for a long time. From automated
decision-making, predictive analytics and fraud detection, which have been used
for decades within the financial services, to facial recognition, voice assistants
and non-player characters, which we encounter in our daily lives, we are,
perhaps unknowingly, very familiar with the concept. 
So, what has changed? Well, a great deal, or perhaps not much, depending on
your perspective. With the onset of Generative Artificial Intelligence (or GenAI),
we are witnessing a surge in capabilities that promise greater productivity,
quality, and control. Could this resemble the response to the emergence of the
Internet (compared to (Gen)AI), landing almost overnight and becoming
accessible through the rise of Personal Computer (like ChatGPT)? Looking back,
that triggered a major change: it turbocharged productivity on a global scale.
Then we began interconnecting networks, paving the way for heightened forms
of revolutionary collaboration, and ultimately laying the foundation for disruptive
new business models, leading to some of the largest companies the world has
even seen. But it all started with simple courses on how to use it, for example,
how to use a search engine. In today’s eyes, that is hard to imagine.
We observe that most financial institutions are reviewing and experimenting with
the opportunities GenAI may potentially yield, with a similar air of unfamiliarity,
apprehension, opportunity and ambition to harness the power that it potentially
Paul Rothwell
Partner, Finance
Transformation
Blog articles
Stuur me een e-
mail
KPMG profiel
Development of GenAI, challenges in using GenAI and
how to get started
The smartest ways for the
Finance Function to embrace
(Generative) Artificial
Intelligence
Home
Onderwerpen
Auteurs

brings. 
Searching for a needle in a haystack
Most finance functions, however, are still figuring out where to start: where can it
best be deployed and how to move from concept to production? We see the
following challenges:
Ownership – Currently, most GenAI experimentation is IT led and distant from
the finance function. Business use cases are relatively easier to identify,
particularly in sectors focused on client interaction. We see leading finance
functions starting their own initiatives by gathering ideas, reviewing possibilities,
and mobilizing their teams to get started. Real-life cases are emerging, and we
expect proven successes to become evident soon. However, this approach is
challenging, as development remains too tech driven instead of value driven.
This siloed development approach slows down the speed of developing, scaling,
and adopting new technologies within larger organizations. 
Scalability – Experimenting with GenAI, like most new technologies, is typically
conducted in smaller, secured and siloed environments. Developing these proof
of concepts (POCs) can be done with minimal risks and limited involvement from
different parts of the organization. However, this siloed approach presents a
significant challenge when it comes to scaling GenAI solutions across the entire
organization. The lack of involvement from key departments and stakeholders
during the experimentation phase results in insufficient overall GenAI and data
governance. Additionally, the infrastructure and architecture are often not
designed to support the new GenAI technology at scale. Transitioning from POC
to a full-scale implementation is one of the biggest hurdles. Successful scaling
requires the engagement of the CFO function, value-driven business
applications, and a robust transformation plan. Embedding GenAI without a
human-empowered adoption process is impossible. 
Data Quality – If there is one overarching lesson we have learned in finance over
the last decade, it is that the basics need to be right first. Brilliant forecasting
models, scenario analysis and – now – (Generative) Artificial Intelligence
capabilities are futile if the data quality is lacking. In the new world, ‘garbage in’
becomes ‘garbage multiplied’. Moreover, finance functions have invested millions
in establishing transparent data lineage and meeting the control and
reconciliation requirements imposed by themselves, the accountant, and
regulators. To improve data quality within the large datasets from multiple
sources across the organization, AI is increasingly used to enhance data
classification and quality. Effective data management is essential to enable
GenAI; and leveraging GenAI to improve data management can enhance
accuracy and speed within the finance function. Part of this data management
Bart Veenman
Senior Manager, D&A
Business Development
Blog articles
Stuur me een e-
mail
LinkedIn profiel
KPMG profiel
Danique Miedema
Manager, Finance
Transformation
Blog articles
Stuur me een e-
mail
KPMG profiel
 Tags:
Raad programma
Home
Onderwerpen
Auteurs

challenge is also the accessibility of data that GenAI brings to the surface.
Enabling Gen AI tooling like Microsoft CoPilot, might confront companies how in-
compliant they are in terms of access to data that they should not have. So,
having the right data quality also involves cleaning up databases and being
compliant in terms of GDPR and many of the other regulations, like the Data Act
and recently approved EU AI Act.
AI Models – It is understandable that a technology known to be less transparent
may need time to be adopted within the finance function. Because besides data
quality, the AI models' quality is still a discussion too. How can we be sure that
the model is giving the right information? And that the model is not
hallucinating? While the most often applied LLMs (e.g., GPT-4, Gemini and Llama
2) are generally the best models, they might lack specific specialized functions.
We therefore see an increase in the application of more dedicated open-source
models that are pre-trained (e.g., BloombergGPT) for specific niche functions, like
the finance function. And of course, the obligatory (according to the to-be-
applied EU AI Act) Human-in-the-loop is something that should be considered in
evaluating the enablement of AI solutions within business processes.
People – Most individuals experience both natural concern and curiosity
regarding GenAI. The primary concern is that many roles and activities will be
taken over by GenAI. Satya Nadella, the CEO of Microsoft, has stated: “AI will
make us more human, not less. AI cannot replace human qualities like creativity,
empathy, and judgement. Instead, AI will amplify our human capabilities and
help cultivate our creative spirit.” Finance function leaders must reiterate these
messages. GenAI can be a key driver in freeing up more capacity for business
control and business partnering activities. Meanwhile, essential accounting and
reporting processes will still require human interaction for judgement and
oversight.
Change management – Related to the challenge and role of people, finance
functions often struggle with adopting new technology. The finance function is
known for its strong adherence to principles like ‘Straight-Through Processing’
and ‘First Time Right’, which can make it difficult to embrace innovations such as
Robotic Process Automation (RPA), Business Process Management (BPM) and
Process Mining, especially given their complex IT architectures and processes.
Some experienced finance professionals may require additional convincing that
GenAI will bring real benefits and will not merely distract from ‘simply getting the
job done’.
Starting with the basics and taking it from there
GenAI is an ambiguous term, and knowing where to start and how to structure a
GenAI initiative is a key prerequisite for success. We have seen three key stages
of GenAI transformation, which are outlined below. Although the greatest impact
may be found in the 3  stage, we expect it will be very difficult to identify those
opportunities without going through the first two stages.
rd
Home
Onderwerpen
Auteurs

Leading finance functions have already started to evaluate use cases and take a
first step in experimenting with GenAI and learning how to deploy it within the
function. Overall, financial institutions are exploring the following four areas of
application, including some recent examples:
1. Intelligent Monitoring – AI-based monitoring, for activities like anomaly
detection and risk control, can scan all transactional data in real time for
accuracy and fraud prevention, replacing the less comprehensive sample-
based approach.
2. Intelligent Processing – AI optimizes payments processing by spotting errors
and making changes automatically. It also improves regulatory compliance by
interpreting complex guidelines and promptly notifying of any deviations.
3. Intelligent Forecasting – Leveraging Machine Learning, AI can predict financial
forecasts based on vast data inputs, including the impact of external factors,
signaling potential risks or market downturns, thereby enabling proactive
decision-making.
4. Generative Insights – AI systems can understand complex accounting policies,
aiding in policy-making. Additionally, they can automate the creation of easy-
to-understand narrative reports from raw financial data, increasing
transparency for stakeholders.
Cognitive Engines as ‘North Star’
We often get the question: “What impact is GenAI going to make in the long run?”
While it is difficult to fully demonstrate this with today's AI quality, we foresee
immense changes in the next few years. The rise of Cognitive Engines will lead to
smart, fully data-driven organizations interconnected across all functions,
eliminating silos. Although we see that for most organizations this so-called
North Star is still too intangible and far away, we do want to stress the
importance of getting started and preparing your organization for taking the
right steps in designing your future-forward vision. As organizations are starting
their GenAI journeys step-by-step and developing new solutions to improve the
efficiency of their employees (Agent Augmentation) or transforming complete
business processes (Enterprise Augmentation), we believe organizations should
only take these steps with a future vision of the organization in mind, to stay
competitive in the market.
You’ll get it when you get it
It is impossible to dismiss GenAI as an important development, also within the
finance function. If you have not already embarked on the learning journey, we
recommend making a pragmatic start, as follows:
Create an environment to stimulate the first step. Establish a group of front-
runners to explore use cases and advocate for GenAI. Build partnerships with
other departments, the central AI hub (usually in Ops & IT) and external
parties, to generate ideas and learn about use case technologies.
Learning by doing. Allocate a small investment fund, and allow a small group
to experiment with initial use cases (Agent Augmentation). Address risks,
document controls in a regulated domain, and evaluate experiences. Keep
exploring, as the risks of not applying GenAI are greater than those of a failed
investment in GenAI.
Organize the right organizational and data foundations. Implement cross-
functional governance, set up data governance and infrastructure, and
Home
Onderwerpen
Auteurs

facilitate data sharing to scale successful GenAI experiments. Turn your vision
into a measurable strategy and a dedicated GenAI Target Operating Model,
transforming ‘what’ into ‘how’. Organizing the right foundations will decide on
the measurable impact of GenAI on the organization.
Address the concerns of staff. Acknowledge and address staff concerns.
GenAI will create more interesting work, but staff will need to retain and
develop new capabilities. It is the financial institution's responsibility and
opportunity to support staff in this transition and ensure they have a
meaningful role in the new landscape.
Read more articles and
blogs about this subject
We will keep you informed of
our publications and articles by
email. Set your preferences
here.
More information
For more information, please
contact Paul Rothwell, Bart Veenman,
Chi Fung, Danique Miedema and
Nathalie Duijvesteijn.
Interessant

Gerelateerde blogs
23-09-
2025
| 2 minuten
leestijd
Prinsjesdagontbijt
Limburg 2025
KPMG reflecteert op urgentie
en transitie in de regio
11-09-
2025
| 7 minuten
leestijd
Weerbaarheid voor
publieke
Blog n.a.v. uitvoeringsdiner
10-07-2025
Versnelling van de
digitale
Visie, lef en technologie
Home
Onderwerpen
Auteurs

© 2025 KPMG N.V., een Nederlandse naamloze vennootschap en lid van de wereldwijde KPMG-organisatie van onafhankelijke
ondernemingen gelieerd aan KPMG International Limited, een Engelse vennootschap “limited by guarantee”. Alle rechten voorbehouden.
Legal disclaimer
Privacy & Cookies
Toegankelijkheid
Sitemap
Veelgestelde vragen
Algemene Voorwaarden
Over ons
Contact
Kantoorlocaties
Werken bij KPMG
Nieuws & Media
Evenementen
Nieuwsbrief
Persberichten
Services
Audit & Non-Financial Assurance
Advisory
Tax

Offerte aanvragen
Home
Onderwerpen
Auteurs
",yes,[],"['ai', 'artificial intelligence', 'chatgpt', 'gemini', 'gpt', 'llama', 'llms', 'machine learning']","['llama', 'machine learning', 'ai', 'gemini', 'gpt', 'llms', 'artificial intelligence', 'microsoft', 'chatgpt']",0,30,['microsoft'],"Blogs home › The smartest ways for the Finance Function to embrace (Generative) Artificial Intelligence
Paul Rothwell, Partner | Bart Veenman, Senior Manager | Danique
Miedema, Manager | 07-06-2024
In this blog, we evaluate how finance functions are responding to (Generative)
Artificial Intelligence, what opportunities we are seeing in this regard, and we
present some tips and practices on how finance functions can start to adopt this
new technology.
The hype and reality of Artificial Intelligence
Artificial Intelligence (AI) has been with us for a long time. From automated
decision-making, predictive analytics and fraud detection, which have been used
for decades within the financial services, to facial recognition, voice we are,
perhaps unknowingly, very familiar with the concept. 
So, what has changed? Well, a great deal, or perhaps not much, depending on
your perspective. With the onset of Generative Artificial Intelligence (or GenAI),
we are witnessing a surge in capabilities that promise greater productivity,
quality, and control. Could this resemble the response to the emergence of the
Internet (compared to (Gen)AI), landing almost overnight and becoming
accessible through the rise of Personal Computer (like ChatGPT)? Looking back,
that triggered a major change: it turbocharged productivity on a global scale.
Then we began interconnecting networks, paving the way for heightened forms
of revolutionary collaboration, and ultimately lesson we have learned in finance over
the last decade, it is that the basics need to be right first. Brilliant forecasting
models, scenario analysis and – now – (Generative) Artificial Intelligence
capabilities are futile if the data quality is lacking. In the new world, ‘garbage in’
becomes ‘garbage multiplied’. Moreover, finance functions have invested millions
in establishing transparent data lineage and meeting the control and
reconciliation requirements imposed by themselves, the accountant, and
regulators. To improve data quality within the large datasets from multiple
sources across the organization, AI is increasingly used to enhance data
classification and quality. Effective data management is essential to enable
GenAI; and leveraging GenAI to improve data management can enhance
accuracy and speed within articles
Stuur me een e-
mail
KPMG profiel
 Tags:
Raad programma
Home
Onderwerpen
Auteurs

challenge is also the accessibility of data that GenAI brings to the surface.
Enabling Gen AI tooling like Microsoft CoPilot, might confront companies how in-
compliant they are in terms of access to data that they should not have. So,
having the right data quality also involves cleaning up databases and being
compliant in terms of GDPR and many of the other regulations, like the Data Act
and recently approved EU AI Act.
AI Models – It is understandable that a technology known to be less transparent
may need time to be adopted within the finance function. Because besides data
quality, the AI models' quality is still a discussion too. How can we be sure that
the model is giving the right information? And that the model is not
hallucinating? While the most often applied LLMs (e.g., GPT-4, Gemini and Llama
2) are generally the best models, they might lack specific specialized functions.
We therefore see an increase in the application of more dedicated open-source
models that are pre-trained (e.g., BloombergGPT) for specific niche functions, like
the finance function. And of course, the obligatory (according to the to-be-
applied EU AI Act) Human-in-the-loop is something that should be considered in
evaluating the enablement of AI solutions within business processes.
People – Most individuals experience both natural concern and curiosity
regarding GenAI. The primary concern is that many roles and activities will be
taken over by GenAI. Satya Nadella, the CEO of Microsoft, has stated: “AI will
make us more human, not less. AI cannot replace human qualities like creativity,
empathy, and judgement. Instead, AI will amplify our human capabilities and
help cultivate our creative spirit.” Finance function leaders must reiterate these
messages. GenAI can be a key driver in freeing up more capacity for with GenAI and learning how to deploy it within the
function. Overall, financial institutions are exploring the following four areas of
application, including some recent examples:
1. Intelligent Monitoring – AI-based monitoring, for activities like anomaly
detection and risk control, can scan all transactional data in real time for
accuracy and fraud prevention, replacing the less comprehensive sample-
based approach.
2. Intelligent Processing – AI optimizes payments processing by spotting errors
and making changes automatically. It also improves regulatory compliance by
interpreting complex guidelines and promptly notifying of any deviations.
3. Intelligent Forecasting – Leveraging Machine Learning, AI can predict financial
forecasts based on vast data inputs, including the impact of external factors,
signaling potential risks or market downturns, thereby enabling proactive
decision-making.
4. Generative Insights – AI systems can understand complex accounting policies,
aiding in policy-making. Additionally, they can automate the creation of easy-
to-understand narrative reports from raw financial data, increasing
transparency for stakeholders.
Cognitive Engines as ‘North Star’
We often get the question: “What impact is GenAI going to make in the long run?”
While it is difficult to fully demonstrate this with today's AI quality, we foresee
immense changes in the next few years. The rise of Cognitive Engines will lead to
smart, fully data-driven organizations interconnected across all functions,
eliminating silos. Although we...","[(0, 732), (810, 1537), (4264, 5089), (5318, 7233), (8618, 10169)]",32,5757,868,2028
35,kpmg,Using Artificial Intelligence in Non-Life Reserving - KPMG Nederland.pdf,"Blogs home › Using Artificial Intelligence in Non-Life Reserving
Ernst Visser, Associate Director | 13-02-2024
The use of artificial intelligence (AI) has skyrocketed in many areas. The
insurance industry, for example, is a domain where technological innovation and
traditional practices come together. In this blog, we will discuss the current
status of AI use in insurance, go into the innovations in Non-Life reserving that
are within reach of practical application, and set out the challenges that need to
be addressed when applying AI. In future blogs, we will discuss other
applications of AI, such as pricing in insurance.
The Current State of AI in the Insurance Industry
In the insurance industry, artificial intelligence has emerged as a transformative
force, reshaping traditional practices and enhancing operational efficiency. The
utilization of AI in underwriting has evolved, with predictive analytics and
machine learning algorithms analyzing extensive datasets in real time to create
more accurate risk profiles. This not only allows insurers to tailor their policies to
individual needs but also ensures fairer and more competitive pricing. Claims
processing, often perceived as a cumbersome task, has undergone a revolution
with AI-driven applications. Natural Language Processing (NLP) algorithms and
image recognition technology expedite claims settlement, providing faster and
more accurate assessments. Customer service has been revolutionized through
AI-powered chatbots and virtual assistants, offering instant responses and
improving overall responsiveness. Additionally, AI's role in fraud detection has
become indispensable, with machine learning algorithms identifying patterns
indicative of fraudulent activities, thus contributing to a proactive approach in
maintaining the integrity of the insurance ecosystem. These AI applications have
not only improved accuracy, efficiency, and personalized customer experiences
but also set the stage for ongoing innovation in the insurance landscape. The
Ernst Visser
Associate Director,
Financial risk
management
Blog articles
Stuur me een e-
mail
KPMG profiel
 Tags:
Advisory
Digital
Transformatie &
Innovatie
AI in Non-Life Reserving
Using Artificial Intelligence in
Non-Life Reserving
Home
Onderwerpen
Auteurs

current state of AI in insurance signifies a pivotal moment, laying the foundation
for a future where technology continues to redefine industry norms and elevate
customer satisfaction.
The application of machine learning or AI in general for Non-Life reserving has
been limited so far. The most important limitation has been data availability. The
collection of data has been improved over the past years; more structured data
and more unstructured data are collected. Also, computer power has increased,
and science has brought new insights into machine learning and deep learning. 
Innovations for Non-Life reserving
As computing power has increased and more data has become available,
possibilities arise when applying AI to Non-Life reserving. Machine learning and
more specific deep learning approaches can be applied. This applies to both
case-by-case reserving and actuarial estimations.  
Currently, updating case reserves requires significant manual effort.
Furthermore, parts of the process are outsourced, which makes frequent
updates cumbersome. Looking specifically at bodily injury claims, case files
contain expertise reports and unstructured data. This information is used for
obtaining case reserves estimates. The actuary is using data at aggregate
homogeneous risk group level estimating future payments, including payments
for claims that have occurred but have not yet been reported. For claims with a
long settlement period, it is important to use as much information as possible for
accurate estimates. Therefore, it is attractive to include information from
individual files.  However, when a group of claim handlers changes its reserving
approach, incurred claim patterns are disturbed. Automating the entire process
including case reserves will remove this issue. Machine learning offers the
possibility of including public data sources, e.g., for the estimation for future
career, which is used for the calculation of income loss that is compensated in a
bodily injury claim.
The process of introducing AI for claims reserving is not trivial. The first areas
where AI could be applied in practice are simple material damage claims and
possibly short-duration bodily injury claims. Losses resulting from more
complicated bodily injury claims depend on many parameters. Information is
available in case files partially as structured and partially as unstructured data.
The technology interpreting the relevant unstructured data is not mature yet. It
can be tested and further developed in other areas than claims reserving. For
example, AI can be used for interpreting policy conditions. This can first be
applied internally by insurers, for example, by employees in a call center. When
technology is proven, it can be used by chatbots communicating with clients.
Insights gained from these developments can be used to improve the claims
reserving process using unstructured data.
Using AI has the potential of making the reserving process more accurate and
more efficient. In the context of insurance companies becoming more efficient
using new technologies, this is an essential step in staying ahead of the
competition.
Dealing with challenges
In our market observations, we identified several challenges to using AI within
the insurance sector. Here are two important ones:
Netherlands
Home
Onderwerpen
Auteurs

Data Quality and Availability. Investment in data collection is critical. Because
historical data is required, additional data is not directly paying off. The future
effectiveness of AI models is heavily dependent on the caliber of data they
process, with poor data leading to unreliable AI outcomes.
Ethical Implications and Bias. AI systems can unintentionally perpetuate
biases, potentially leading to unfair treatment of certain customer groups. In
reserving, this is less critical compared to pricing. Therefore, reserving is an
attractive topic to start using AI.
These challenges highlight the need for a careful and thoughtful approach to
integrating AI in the insurance sector.
Conclusion
As we conclude our exploration into the role of AI in the insurance industry and
more specific in Non-Life reserving, it's clear that we are witnessing a pivotal
moment in its evolution. There are many challenges, such as data quality and
ethical concerns, but the potential for innovation is immense. Reserving for Non-
Life is an example where improvement is within practical reach. We invite you to
engage with these advancements, explore AI's capabilities in your practices, and
participate in discussions shaping a more efficient and equitable insurance
landscape. Staying ahead of the curve is both fun and an economic necessity.
Read more articles and
blogs about this subject
We will keep you informed of
our publications and articles by
email. Set your preferences
here.
More information
For more information, please
contact Nico Moerman, Dronika
Chandrikasingh and Ernst Visser.
Interessant

Gerelateerde blogs
Home
Onderwerpen
Auteurs

© 2025 KPMG N.V., een Nederlandse naamloze vennootschap en lid van de wereldwijde KPMG-organisatie van onafhankelijke
ondernemingen gelieerd aan KPMG International Limited, een Engelse vennootschap “limited by guarantee”. Alle rechten voorbehouden.
07-03-2025
Mastering system
integration
Navigating data patterns and
complex cases
10-02-2025
Hout snijden met
klimaatactieplannen
Van brede klimaatambities
naar concrete plannen met
zeven no-regret acties
12-11-2024
Artificial Intelligence
Financial services is
embracing AI as a
transformative technology
Legal disclaimer
Privacy & Cookies
Toegankelijkheid
Sitemap
Veelgestelde vragen
Algemene Voorwaarden
Over ons
Contact
Kantoorlocaties
Werken bij KPMG
Nieuws & Media
Evenementen
Nieuwsbrief
Persberichten
Services
Audit & Non-Financial Assurance
Advisory
Tax

Offerte aanvragen
Home
Onderwerpen
Auteurs
",yes,['artificial intelligence'],"['ai', 'artificial intelligence', 'chatbots', 'deep learning', 'machine learning', 'natural language processing', 'nlp']","['machine learning', 'ai', 'deep learning', 'artificial intelligence', 'natural language processing', 'chatbots', 'nlp']",1,44,[],"Blogs home › Using Artificial Intelligence in Non-Life Reserving
Ernst Visser, Associate Director | 13-02-2024
The use of artificial intelligence (AI) has skyrocketed in many areas. The
insurance industry, for example, is a domain where technological innovation and
traditional practices come together. In this blog, we will discuss the current
status of AI use in insurance, go into the innovations in Non-Life reserving that
are within reach of practical application, and set out the challenges that need to
be addressed when applying AI. In future blogs, we will discuss other
applications of AI, such as pricing in insurance.
The Current State of AI in the Insurance Industry
In the insurance industry, artificial intelligence has emerged as a transformative
force, reshaping traditional practices and enhancing operational efficiency. The
utilization of AI in underwriting has evolved, with predictive analytics and
machine learning algorithms analyzing extensive datasets in real time to create
more accurate risk profiles. This not only allows insurers to tailor their policies to
individual needs but also ensures fairer and more competitive pricing. Claims
processing, often perceived as a cumbersome task, has undergone a revolution
with AI-driven applications. Natural Language Processing (NLP) algorithms and
image recognition technology expedite claims settlement, providing faster and
more accurate assessments. Customer service has been revolutionized through
AI-powered chatbots and virtual assistants, offering instant responses and
improving overall responsiveness. Additionally, AI's role in fraud detection has
become indispensable, with machine learning algorithms identifying patterns
indicative of fraudulent activities, thus contributing to a proactive approach in
maintaining the integrity of the insurance ecosystem. These AI applications have
not only improved accuracy, efficiency, and personalized customer experiences
but also set the stage for ongoing innovation in the insurance landscape. The
Ernst Visser
Associate Director,
Financial risk
management
Blog articles
Stuur me een e-
mail
KPMG profiel
 Tags:
Advisory
Digital
Transformatie &
Innovatie
AI in Non-Life Reserving
Using Artificial Intelligence in
Non-Life Reserving
Home
Onderwerpen
Auteurs

current state of AI in insurance signifies a pivotal moment, laying the foundation
for a future where technology continues to redefine industry norms and elevate
customer satisfaction.
The application of machine learning or AI in general for Non-Life reserving has
been limited so far. The most important limitation has been data availability. The
collection of data has been improved over the past years; more structured data
and more unstructured data are collected. Also, computer power has increased,
and science has brought new insights into machine learning and deep learning. 
Innovations for Non-Life reserving
As computing power has increased and more data has become available,
possibilities arise when applying AI to Non-Life reserving. Machine learning and
more specific deep learning approaches can be applied. This applies to both
case-by-case reserving and actuarial estimations.  
Currently, updating case reserves requires significant manual effort.
Furthermore, parts of the process are outsourced, which from
individual files.  However, when a group of claim handlers changes its reserving
approach, incurred claim patterns are disturbed. Automating the entire process
including case reserves will remove this issue. Machine learning offers the
possibility of including public data sources, e.g., for the estimation for future
career, which is used for the calculation of income loss that is compensated in a
bodily injury claim.
The process of introducing AI for claims reserving is not trivial. The first areas
where AI could be applied in practice are simple material damage claims and
possibly short-duration bodily injury claims. Losses resulting from more
complicated bodily injury claims depend on many parameters. Information is partially as unstructured data.
The technology interpreting the relevant unstructured data is not mature yet. It
can be tested and further developed in other areas than claims reserving. For
example, AI can be used for interpreting policy conditions. This can first be
applied internally by insurers, for example, by employees in a call center. When
technology is proven, it can be used by chatbots communicating with clients.
Insights gained from these developments can be used to improve the claims
reserving process using unstructured data.
Using AI has the potential of making the reserving process more accurate and
more efficient. In the context of insurance companies becoming more efficient
using new technologies, this is an essential step in staying ahead of the
competition.
Dealing with challenges
In our market observations, we identified several challenges to using AI within
the insurance sector. Here are two important ones:
Netherlands
Home
Onderwerpen
Auteurs

Data Quality and Availability. Investment in data collection is critical. Because
historical data is required, additional data is not directly paying off. The future
effectiveness of AI models is heavily dependent on the caliber of data they
process, with poor data leading to unreliable AI outcomes.
Ethical Implications and Bias. AI systems can unintentionally perpetuate
biases, potentially leading to unfair treatment of certain customer groups. In
reserving, this is less critical compared to pricing. Therefore, reserving is an
attractive topic to start using AI.
These challenges highlight the need for a careful and thoughtful approach to
integrating AI in the insurance sector.
Conclusion
As we conclude our exploration into the role of AI in the insurance industry and
more specific in Non-Life reserving, it's clear that we are witnessing a pivotal
moment in its evolution. There are many challenges, such as data quality concerns, but the potential for innovation is immense. Reserving for Non-
Life is an example where improvement is within practical reach. We invite you to
engage with these advancements, explore AI's capabilities in your practices, and
participate in discussions shaping a more efficient and equitable insurance
landscape. Staying ahead of the curve is both fun and an economic necessity.
Read more guarantee”. Alle rechten voorbehouden.
07-03-2025
Mastering system
integration
Navigating data patterns and
complex cases
10-02-2025
Hout snijden met
klimaatactieplannen
Van brede klimaatambities
naar concrete plannen met
zeven no-regret acties
12-11-2024
Artificial Intelligence
Financial services is
embracing AI as a
transformative technology
Legal disclaimer
Privacy & Cookies
Toegankelijkheid
Sitemap
Veelgestelde vragen
Algemene Voorwaarden
Over ons
Contact
Kantoorlocaties
Werken bij KPMG
Nieuws & Media
Evenementen
Nieuwsbrief
Persberichten
Services
Audit...","[(0, 3312), (3867, 4599), (4652, 6563), (6576, 6974), (7489, 8052)]",44,6923,1017,1188
36,kpn,KPN makes AI knowledge available in stores.pdf,"07 May 2024
KPN makes AI knowledge available in stores
To make customers better acquainted with AI (Artificial Intelligence), KPN is
starting information sessions about artificial intelligence. Visitors to the KPN
stores are introduced to artificial intelligence, what the possibilities are now and
in the future and how they can get started with it themselves. KPN wants to
increase the digital knowledge and skills of customers.
For consumers, AI is becoming increasingly applicable in everyday life. Write texts,
make summaries, create images or even make music in a simple way. All applications
that can be found online. In addition, AI is also increasingly integrated into, for
example, the mobile phone. At the same time, there is still a large group of Dutch

people who have not yet become acquainted with AI or do not know whether AI can
help them in daily life. KPN wants to help customers with this by sharing knowledge.
<
https://content.presspage.com/uploa
ds/2743/38511af3-6bf1-47ac-aa4b-
cee181526f54/1920_aiwinkel.jpg?
10000>
“Our stores are the ideal place where
KPN customers can go if they have
questions. Not only about their
products but also about other digital applications and trends,” says Martin Boers,
director of all KPN stores. “Our KPN Experience stores already regularly offer
knowledge sessions. With the information sessions about AI, we respond to the
growing demand from customers who would like to know more about artificial
intelligence. Tomorrow in Amsterdam, soon in Eindhoven and throughout the
Netherlands.”
Google Pixel at KPN
On the day of the first knowledge sessions about AI, the latest mobile phone will also
be launched at KPN: the Pixel 8a, developed by Google. With the Pixel 8a you can take
beautiful photos with the Pixel Camera. And you can get more done faster with
Google AI, like sharpening blurry photos. The Pixel 8a can be found in all KPN stores
from tomorrow (May 8, 2024), together with the Pixel 8 and the Pixel 8 Pro.
Robin Clements, CMO of KPN: ""I am happy to confirm the rumors, the Google Pixel can
be found at KPN. Google is no stranger to KPN. Just look at the success of KPN TV+
on Android TV. The innovative power and AI applications in Pixel perform well on the
best mobile network < https://eur01.safelinks.protection.outlook.com/?
url=https%3A%2F%2Fwww.overons.kpn%2Fnieuws%2Fumlaut-mobiele-netwerk-
kpn-als-beste-getest-met-hoogste-score-
wereldwijd%2F&data=05%7C02%7Cgerd.desmyter%40kpn.com%7C06cda475d24
f427813ea08dc6e74b2b9%7Cd77905498c3540eaad75954ac3e86be8%7C0%7C0%7
C638506694712794743%7CUnknown%7CTWFpbGZsb3d8eyJWIjoiMC4wLjAwMDA
iLCJQIjoiV2luMzIiLCJBTiI6Ik1haWwiLCJXVCI6Mn0%3D%7C0%7C%7C%7C&sdata=

cp0vF7aglr4ze87CPL5lfOGGuFPHN4iElixtzDxCKb8%3D&reserved=0>    <
https://eur01.safelinks.protection.outlook.com/?
url=https%3A%2F%2Fwww.overons.kpn%2Fnieuws%2Fumlaut-mobiele-netwerk-
kpn-als-beste-getest-met-hoogste-score-
wereldwijd%2F&data=05%7C02%7Cgerd.desmyter%40kpn.com%7C06cda475d24
f427813ea08dc6e74b2b9%7Cd77905498c3540eaad75954ac3e86be8%7C0%7C0%7
C638506694712811686%7CUnknown%7CTWFpbGZsb3d8eyJWIjoiMC4wLjAwMDAi
LCJQIjoiV2luMzIiLCJBTiI6Ik1haWwiLCJXVCI6Mn0%3D%7C0%7C%7C%7C&sdata=o
PolxyVYG1BIU84dDHf0kQqpRD5gSYT3CGbu0z1BOHU%3D&reserved=0> from
KPN. We are happy to introduce KPN customers to the latest device via KPN.com <
https://www.kpn.com/google/pixel> and in our stores.""
",yes,['ai'],"['ai', 'artificial intelligence']","['artificial intelligence', 'ai', 'google']",1,13,['google'],"07 May 2024
KPN makes AI knowledge available in stores
To make customers better acquainted with AI (Artificial Intelligence), KPN is
starting information sessions about artificial intelligence. Visitors to the KPN
stores are introduced to artificial intelligence, what the possibilities are now and
in the future and how they can get started with it themselves. KPN wants to
increase the digital knowledge and skills of customers.
For consumers, AI is becoming increasingly applicable in everyday life. Write texts,
make summaries, create images or even make music in a simple way. All applications
that can be found online. In addition, AI is also increasingly integrated into, for
example, the mobile phone. At the same time, there is still a large group of Dutch

people who have not yet become acquainted with AI or do not know whether AI can
help them in daily life. KPN wants to help customers with this by sharing knowledge.
<
https://content.presspage.com/uploa
ds/2743/38511af3-6bf1-47ac-aa4b-
cee181526f54/1920_aiwinkel.jpg?
10000>
“Our stores are the ideal place where
KPN customers but also about other digital applications and trends,” says Martin Boers,
director of all KPN stores. “Our KPN Experience stores already regularly offer
knowledge sessions. With the information sessions about AI, we respond to the
growing demand from customers who would like to know more about artificial
intelligence. Tomorrow in Amsterdam, soon in Eindhoven and throughout the
Netherlands.”
Google Pixel at KPN
On the day of the first knowledge sessions about AI, the latest mobile phone will also
be launched at KPN: the Pixel 8a, developed by Google. With the Pixel 8a you can take
beautiful photos with the Pixel Camera. And you can get more done faster with
Google AI, like sharpening blurry photos. The Pixel 8a can be found in all KPN stores
from tomorrow (May 8, 2024), together with the Pixel 8 and the Pixel 8 Pro.
Robin Clements, CMO of KPN: ""I am happy to confirm the rumors, the Google Pixel can
be found at KPN. Google is no stranger to KPN. Just look at the success of KPN TV+
on Android TV. The innovative power and AI applications in Pixel perform well on the
best mobile network < https://eur01.safelinks.protection.outlook.com/?
url=https%3A%2F%2Fwww.overons.kpn%2Fnieuws%2Fumlaut-mobiele-netwerk-
kpn-als-beste-getest-met-hoogste-score-
wereldwijd%2F&data=05%7C02%7Cgerd.desmyter%40kpn.com%7C06cda475d24
f427813ea08dc6e74b2b9%7Cd77905498c3540eaad75954ac3e86be8%7C0%7C0%7
C638506694712794743%7CUnknown%7CTWFpbGZsb3d8eyJWIjoiMC4wLjAwMDA
iLCJQIjoiV2luMzIiLCJBTiI6Ik1haWwiLCJXVCI6Mn0%3D%7C0%7C%7C%7C&sdata=

cp0vF7aglr4ze87CPL5lfOGGuFPHN4iElixtzDxCKb8%3D&reserved=0>    <
https://eur01.safelinks.protection.outlook.com/?
url=https%3A%2F%2Fwww.overons.kpn%2Fnieuws%2Fumlaut-mobiele-netwerk-
kpn-als-beste-getest-met-hoogste-score-
wereldwijd%2F&data=05%7C02%7Cgerd.desmyter%40kpn.com%7C06cda475d24
f427813ea08dc6e74b2b9%7Cd77905498c3540eaad75954ac3e86be8%7C0%7C0%7
C638506694712811686%7CUnknown%7CTWFpbGZsb3d8eyJWIjoiMC4wLjAwMDAi
LCJQIjoiV2luMzIiLCJBTiI6Ik1haWwiLCJXVCI6Mn0%3D%7C0%7C%7C%7C&sdata=o
PolxyVYG1BIU84dDHf0kQqpRD5gSYT3CGbu0z1BOHU%3D&reserved=0> from
KPN. We are happy to introduce KPN customers to the latest device via KPN.com <
https://www.kpn.com/google/pixel> and in our stores.""...","[(0, 1093), (1155, 3366)]",19,3308,502,513
37,kpn,KPN partners in the National AI course for high school students.pdf,"25 September 2019
KPN partners in the National AI course for
high school students
Jim Stolze, initiator of the National AI course, aims to reach 1% of the Dutch
population with this free National AI course and, in this way, better inform Dutch
people about the opportunities and challenges of AI. KPN, one of the
Netherlands’ largest employers, has come on board as a partner to facilitate the
course for high school students and thus help to increase knowledge about
artificial intelligence among young people. The National AI course for high school
students will be launched on Friday, October 11 in the presence of, among others,
180 pupils, Jim Stolze, YouTuber Enzo Knol, and Hilde Garssen, KPN’s Chief
People Officer.

The cooperation agreement between KPN and the National AI course has been
signed. In anticipation of the launch in October, Stolze has started a conversation <
https://www.youtube.com/watch?v=HNGy3h1tiYI> with Hilde Garssen, responsible
for HR at KPN. How does she see the future for young people who are currently at
school? Are we still training them for the right jobs? When asked whether the digital
skills of young people are overestimated, Hilde responds: ‘I think that this is partly
true. I think that there is a group that naturally finds everything to do with innovation,
development, and digital innovation incredibly interesting and they engage with it.
But there is also a large group that does not have this and is not offered this subject
as standard at school. What’s needed when it comes to AI is factual information. The
National AI course makes this very accessible. This collaboration is a fantastic
opportunity: to inspire young people for AI and to prepare them better for the future.
We think it’s important to make people aware.’
The world of work is changing rapidly. Research predicts that a large majority of the
jobs that will be available in 2030 don’t exist yet.* How can young people train for
work that isn’t there yet? Hilde Garssen: ‘The role of HR is crucial in this. On the one
hand because current work will be further automated or will disappear, and on the
other hand because many new opportunities are being created in almost every
profession that we want our employees to move towards.’
YOU&AI
KPN frequently holds ""future-of-work sessions"" and has a YOU&AI booth where
people can sit and, based on their position, see what percentage of their work could
be taken over by robots in the future. Garssen explains: ‘We think it’s important to
raise awareness among our own people. What does this automation and digitalization
have to do with me as an employee?’ In addition to informing its own staff about
automation and digitalization, as a partner in the National AI course KPN also
contributes to informing high school students. The National AI course and the
National AI Junior course can already be downloaded via app stores. On Friday,
October 11 the lessons will be made available specifically for high school students.
The Greatest AI lesson with Enzo Knol
Friday, October 11 will be the national launch of the AI course for secondary education
with De Grootste AI-les (The Greatest AI lesson) in Hilversum. There is space for 180
students and anyone who can’t attend can follow the lesson digitally via ai-cursus.nl.
The Grootste AI-les will be given by Jim Stolze and YouTuber Enzo Knol <

https://www.youtube.com/watch?v=LSDmT5ARBvY> . Hilde Garssen (HR, KPN)
will talk about ""professions of the future"".
*source: http://www.iftf.org/humanmachinepartnerships/ <
http://www.iftf.org/humanmachinepartnerships/>
Video: Jim Stolze and Hilde Garssen in conversation
",yes,['ai'],"['ai', 'artificial intelligence']","['artificial intelligence', 'ai']",1,21,[],"25 September 2019
KPN partners in the National AI course for
high school students
Jim Stolze, initiator of the National AI course, aims to reach 1% of the Dutch
population with this free National AI course and, in this way, better inform Dutch
people about the opportunities and challenges of AI. KPN, one of the
Netherlands’ largest employers, has come on board as a partner to facilitate the
course for high school students and thus help to increase knowledge about
artificial intelligence among young people. The National AI course for high school
students will be launched on Friday, October 11 in the presence of, among others,
180 pupils, Jim Stolze, YouTuber Enzo Knol, and Hilde Garssen, KPN’s Chief
People Officer.

The cooperation agreement between KPN and the National AI course has been
signed. In anticipation of the launch in October, Stolze has started a conversation <
https://www.youtube.com/watch?v=HNGy3h1tiYI> with Hilde Garssen, responsible
for HR at KPN. How does she see with it.
But there is also a large group that does not have this and is not offered this subject
as standard at school. What’s needed when it comes to AI is factual information. The
National AI course makes this very accessible. This collaboration is a fantastic
opportunity: to inspire young people for AI and to prepare them better for the future.
We think it’s important to make people aware.’
The world of work is changing rapidly. Research predicts that a large majority of be further automated or will disappear, and on the
other hand because many new opportunities are being created in almost every
profession that we want our employees to move towards.’
YOU&AI
KPN frequently holds ""future-of-work sessions"" and has a YOU&AI booth where
people can sit and, based on their position, see what percentage of their work could
be taken over by robots in the future. Garssen explains: ‘We think it’s does this automation and digitalization
have to do with me as an employee?’ In addition to informing its own staff about
automation and digitalization, as a partner in the National AI course KPN also
contributes to informing high school students. The National AI course and the
National AI Junior course can already be downloaded via app stores. On Friday,
October 11 the lessons will be made available specifically for high school students.
The Greatest AI lesson with Enzo Knol
Friday, October 11 will be the national launch of the AI course for secondary education
with De Grootste AI-les (The Greatest AI lesson) in Hilversum. There is space for 180
students and anyone who can’t attend can follow the lesson digitally via ai-cursus.nl.
The Grootste AI-les will be given by Jim Stolze and YouTuber Enzo Knol <

https://www.youtube.com/watch?v=LSDmT5ARBvY> . Hilde Garssen (HR, KPN)
will talk about ""professions of the future"".
*source: http://www.iftf.org/humanmachinepartnerships/ <
http://www.iftf.org/humanmachinepartnerships/>
Video: Jim...","[(0, 993), (1382, 1860), (2070, 2492), (2549, 3594)]",21,2944,497,617
38,kpn,Responsible application of Artificial Intelligence.pdf,"15 May 2020
Responsible application of Artificial
Intelligence
KPN partners with ICAI and JADS for research and development in KPN
Responsible AI Lab
KPN is setting up a new, public-private research lab, together with the national
Innovation Center for Artificial Intelligence (ICAI) and the Jheronimus Academy of
Data Science (JADS). The KPN Responsible AI Lab will focus on the development of
new technologies in which the responsible use of Artificial intelligence, or AI, is
central. The aim of the KPN Responsible AI Lab is to develop solutions for companies

with the help of AI. Solutions that are transparent and that take a highly conscious
approach to dealing with privacy and personal data.
“We’re also working on the responsible application of AI within KPN,” says Winifred
Andriessen, Director Advanced Analytics at KPN. “This requires multidisciplinary
research that looks at both the AI technology itself and the use of this technology in a
way that is responsible and appropriate for our society. This is also the reason why
we’re partnering with JADS. JADS is a multidisciplinary institute that combines
technology with social sciences. This gives KPN an advantage, so that we’re not only
gaining insight into the potential power of AI, but we’re also able to convert this
responsibly into added value for our customers and wider society. Think of examples
such as using AI for energy efficiency, or the rolling out of a fiber optic network.”
KPN and JADS are working together on PhD research at the interface of data science,
technology, decision-making, privacy and compliance. Eric Postma, one of the
scientific directors of the KPN Responsible AI Lab, expands on this: “Data science is all
about technology (maths, statistics and computer science). We apply this science in
the context of expertise in these fields on the one hand, and the social, ethical, and
legal issues at play around AI on the other hand.”
From PhD research to concrete applications for our customers
In the next five years, six PhD students will work in the KPN Responsible AI Lab on
projects that contribute to the technical and legal aspects of transparency, on data
engineering approaches that guarantee privacy-by-design and on a personalized and
responsible offering through text analysis and responsible up-lift modeling. The
results of this research will then be used to achieve responsible AI solutions for the
benefit of business, customers and society as a whole.
Partnership with JADS and ICAI
The ICAI is a national collaboration of several universities, companies and the Dutch
government, with the aim of maintaining the Netherlands’ position as a front-runner
in the field of AI by developing knowledge and talent in this area. “We are very proud
to welcome JADS and KPN as partners in our ICAI network for the KPN Responsible AI
Lab. Joining forces for the development and application of AI in the Netherlands is a
great step,” says Maarten de Rijke, Scientific Director of ICAI. The KPN Responsible AI
Lab will be located in Den Bosch and will become an ICAI laboratory alongside those
in Amsterdam, Delft, Nijmegen and Utrecht.

JADS is a joint initiative of the Technical University Eindhoven and Tilburg University,
in response to the rapidly increasing demand for experts who can improve decision-
making processes in organizations based on big data and a multidisciplinary
approach.
",yes,['artificial intelligence'],"['ai', 'artificial intelligence']","['artificial intelligence', 'ai']",1,19,[],"15 May 2020
Responsible application of Artificial
Intelligence
KPN partners with ICAI and JADS for research and development in KPN
Responsible AI Lab
KPN is setting up a new, public-private research lab, together with the national
Innovation Center for Artificial Intelligence (ICAI) and the Jheronimus Academy of
Data Science (JADS). The KPN Responsible AI Lab will focus on the development of
new technologies in which the responsible use of Artificial intelligence, or AI, is
central. The aim of the KPN Responsible AI Lab is to develop solutions for companies

with the help of AI. Solutions that are transparent and that take a highly conscious
approach to dealing with privacy and personal data.
“We’re also working on the responsible application of AI within KPN,” says Winifred
Andriessen, Director Advanced Analytics at KPN. “This requires multidisciplinary
research that looks at both the AI technology itself and the use of this technology in a
way that is responsible and appropriate for our society. This is also the reason why
we’re partnering with JADS. JADS is a multidisciplinary institute that combines
technology with social sciences. This gives KPN an advantage, so that we’re not only
gaining insight into the potential power of AI, but we’re also able to convert this
responsibly into added value for our customers and wider society. Think of examples
such as using AI for energy efficiency, or the rolling out of a fiber optic network.”
KPN and JADS are working together on PhD research at the interface of data science,
technology, decision-making, privacy and compliance. Eric Postma, one of the
scientific directors of the KPN Responsible AI Lab, expands on this: “Data science is all
about technology (maths, statistics and computer science). We apply this science in
the context of expertise in these fields on the one hand, and the social, ethical, and
legal issues at play around AI on the other hand.”
From PhD research to concrete applications for our customers
In the next five years, six PhD students will work in the KPN Responsible AI Lab on
projects that contribute to the technical and legal aspects of transparency, on data
engineering approaches that guarantee privacy-by-design and on a personalized and
responsible offering through text analysis and responsible up-lift modeling. The
results of this research will then be used to achieve responsible AI solutions for the
benefit of business, customers and society as a whole.
Partnership with JADS and ICAI
The ICAI is a national collaboration of several universities, companies and the Dutch
government, with the aim of maintaining the Netherlands’ position as a front-runner
in the field of AI by developing knowledge and talent in this area. “We are very proud
to welcome JADS and KPN as partners in our ICAI network for the KPN Responsible AI
Lab. Joining forces for the development and application of AI in the Netherlands is a
great step,” says Maarten de Rijke, Scientific Director of ICAI. The KPN Responsible AI
Lab will be located in Den Bosch and will become an ICAI laboratory alongside those
in Amsterdam, Delft, Nijmegen and Utrecht.

JADS is a joint initiative of the Technical University...","[(0, 3195)]",19,3198,528,557
39,kpn,"Vlogger Enzo Knol, teacher for a day during “Greatest AI lesson”.pdf","11 October 2019
Vlogger Enzo Knol, teacher for a day during
“Greatest AI lesson”
Artificial intelligence, AI for short, is one of the innovative technological developments
of our time. It is even said that AI will bring about more change than the introduction
of the computer, the Internet and the mobile phone. The purpose of the online
National AI Course is to give people information about the potential and challenges of
artificial intelligence.
Who learns young, forgets not when he is old
Hilde Garssen, Chief People Officer of KPN, was also present at today’s launch and
explains why KPN is one of the partners of this course. “As one of the Netherlands’
largest employers, KPN has come on board as a partner to facilitate the course for

high school students and thus help to increase knowledge about artificial intelligence
among young people,” says Hilde. “It is important, especially when you are still at
school, to find out more about AI and what potential the technology offers for your
future. Students are preparing for a labor market that will be different from the one
we know today – one in which AI will play a big role. Well trained people are needed
for this. And who learns young, forgets not when he is old.”
More than 15,000 enrollments
The National AI Course for students consists of five online modules and a free
teaching package, in particular for 13 to 15-year-olds. In five lessons they can find out
about the potential of AI. Everyone who takes the course is awarded a certificate. As
well as the 100 students who took the course given today by Jim and Enzo, more than
15,000 students have enrolled for the course. Additionally, the National AI Course
Junior app can be downloaded free of charge from the app stores. More information
and the teaching package for high school students can be found on
https://futurenl.org/nationale-ai-cursus-junior-vo/.
",yes,['ai'],"['ai', 'artificial intelligence']","['artificial intelligence', 'ai']",1,13,[],"11 October 2019
Vlogger Enzo Knol, teacher for a day during
“Greatest AI lesson”
Artificial intelligence, AI for short, is one of the innovative technological developments
of our time. It is even said that AI will bring about more change than the introduction
of the computer, the Internet and the mobile phone. The purpose of the online
National AI Course is to give people information about the potential and challenges of
artificial intelligence.
Who learns young, forgets not when he is old
Hilde Garssen, Chief People Officer of KPN, was also present at today’s launch and
explains why KPN is one of “As one of the Netherlands’
largest employers, KPN has come on board as a partner to facilitate the course for

high school students and thus help to increase knowledge about artificial intelligence
among young people,” says Hilde. “It is important, especially when you are still at
school, to find out more about AI and what potential the technology offers for your
future. Students are preparing for a labor market that will be different from the one
we know today – one in which AI will play a big role. Well trained people are needed
for this. And who learns young, forgets not when he is old.”
More than 15,000 enrollments
The National AI Course for students consists of five online modules and a free
teaching package, in particular for 13 to 15-year-olds. In five lessons they can find out
about the potential of AI. Everyone who takes the course is awarded a certificate. As
well as the 100 students who took the course given today by Jim and Enzo, more than
15,000 students have enrolled for the course. Additionally, the National AI Course
Junior app can be downloaded free of charge from the app stores. More information
and the teaching package for high school students can be found on
https://futurenl.org/nationale-ai-cursus-junior-vo/....","[(0, 604), (634, 1884)]",13,1858,323,328
40,kpn,Working at KPN via AI.pdf,"28 November 2023
Working at KPN via AI
KPN has joined forces with six other companies to create the Employment Match
Platform. This social startup uses artificial intelligence (AI) to identify untapped
potential in the labor market. This will benefit the energy transition and the rollout of
fiber.
By focusing on people’s skills rather than their qualifications, it will be easier to match
them with vacancies on the platform. This will make it possible to recruit more lateral
entrants and also retain existing employees by providing an insight into their career
prospects.

The Employment Match Platform was officially launched in Utrecht on November 27,
2023. Carola Schouten, Minister for Poverty Policy, Participation and Pensions, and
Ingrid Thijssen, President of the VNO-NCW, were among those present.
Carlo Tempelaars, a member of the platform’s board on behalf of KPN: ”KPN is one of
the seven founders of the foundation. This important initiative gives our partners and
us the opportunity to use a very modern approach to make technical talent available
in what is a very tight labor market. We are convinced that AI will help us match lateral
entrants with unfilled vacancies”.
The Employment Match Platform is an initiative of Alliander, Enexis, Stedin, TenneT
and KPN and two contractors, Van Gelder and Van Voskuilen.
",yes,['ai'],"['ai', 'artificial intelligence']","['artificial intelligence', 'ai']",1,4,[],"28 November 2023
Working at KPN via AI
KPN has joined forces with six other companies to create the Employment Match
Platform. This social startup uses artificial intelligence (AI) to identify untapped
potential in the labor market. This will benefit the energy transition and the rollout of
fiber.
By focusing on people’s skills rather than their qualifications, it will gives our partners and
us the opportunity to use a very modern approach to make technical talent available
in what is a very tight labor market. We are convinced that AI will help us match lateral
entrants with unfilled vacancies”.
The Employment Match Platform is an initiative of Alliander, Enexis, Stedin, TenneT
and KPN and two contractors, Van Gelder and Van...","[(0, 371), (959, 1322)]",4,738,121,215
41,nn group,How NN uses AI to check fraud risks and injury claims.pdf,"Home / Newsroom / News archive / How NN uses AI to check fraud risks and injury claims
Newsroom
How NN uses AI to check fraud risks and injury claims

28 June 2023

Tjeerd Bosklopper, CEO Netherlands Non-life, Banking & Technology at NN Group, gave a keynote address at 
 on 28
June on NN's responsible use of artificial intelligence (AI) in insurance.  
NN's ambition is to be an industry leader known for customer engagement, talented people and contribution to society. In his
session, Tjeerd shared that technology is key to delivering on this vision and it has the potential to solve many challenges in the
insurance industry. For example, NN uses ChatGPT to generate summaries of customer service calls, which are usually created
manually. By automating this process, our colleagues only need to perform a check, saving them time to focus on helping our
customers.  
Another way we are using AI is in fraud risk detection, where our Fraud Risk Model (FRM) identifies various levels of potential risk for
our colleagues to investigate. Finally, our Bodily Injury claims division uses machine learning to support claim handlers with lump-
sum reserve estimations, as well as ChatGPT to summarise incoming emails, saving essential time on administration. 
Despite the opportunities presented by such technologies, their risks are undeniable, and as such must be addressed with a strong
ethical framework. NN has established an ethical framework to put necessary safeguards in place, and uses a closed ChatGPT
environment solely for NN colleagues. 
NN is committed to sustainable and ethical use of technology, maintaining the trust of our customers throughout almost 180 years.
We believe that with the combination of humans and technology, we can build better decision making and customer experience. 
. 
ITC DIA Europe
The tools are in our hands: they are trained by humans, and if there is a mistake, the humans are still responsible


We have been in the business of trust for more than 100 years, and want to be for another 100


Read more about customers and distribution

Related articles
Share this page
How NN uses AI to check fraud risks and injury claims

Procuring more sustainable products and services for our own
operations
31 July 2025
Helping to create a circular economy with sustainable repair
25 July 2025

A living wage is a fundamental human right
11 July 2025
",yes,['ai'],"['ai', 'artificial intelligence', 'chatgpt', 'machine learning']","['chatgpt', 'machine learning', 'artificial intelligence', 'ai']",1,10,[],"Home / Newsroom / News archive / How NN uses AI to check fraud risks and injury claims
Newsroom
How NN uses AI to check fraud risks and injury claims

28 June 2023

Tjeerd Bosklopper, CEO Netherlands Non-life, Banking & Technology at NN Group, gave a keynote address at 
 on 28
June on NN's responsible use of artificial intelligence (AI) in insurance.  
NN's ambition is to be an industry leader known for customer engagement, talented people and contribution to society. In his
session, Tjeerd shared that technology is key to delivering on this vision and it has the potential to solve many challenges in the
insurance industry. For example, NN uses ChatGPT to generate summaries of customer service calls, which are usually created
manually. By automating this process, our colleagues only need to perform a check, saving them time to focus on helping our
customers.  
Another way we are using AI is in fraud risk detection, where our Fraud Risk Model (FRM) identifies various levels of potential risk for
our colleagues to investigate. Finally, our Bodily Injury claims division uses machine learning to support claim handlers with lump-
sum reserve estimations, as well as ChatGPT to summarise incoming emails, saving essential time on administration. 
Despite the opportunities presented by such technologies, their risks are undeniable, and as such must be addressed with a strong
ethical framework. NN has established an ethical framework to put necessary safeguards in place, and uses a closed ChatGPT
environment solely for NN colleagues. 
NN is committed to sustainable and ethical use of technology, maintaining the trust of our customers throughout almost 180 years.
We believe that with the of trust for more than 100 years, and want to be for another 100


Read more about customers and distribution

Related articles
Share this page
How NN uses AI to check fraud risks and injury claims

Procuring more sustainable products and services for our own
operations
31 July 2025
Helping to create a circular economy with sustainable repair...","[(0, 1705), (1973, 2320)]",10,2056,330,389
42,nn group,NN co-sponsors report on State of Global Insurtech 2023.pdf,"Home / Newsroom / News archive / NN co-sponsors report on State of Global Insurtech 2023
Newsroom
NN co-sponsors report on State of Global Insurtech 2023
29 June 2023
Insurtech is an under-invested sector compared to others  such as health and life insurance, leaving
potential for new ventures with a strong business case and operational efficiency to attract available
funding. This is the main finding from 
, prepared by Dealroom.co,
Mundi Ventures, MAPFRE, NN Group, and Generali. This is the third edition of a report that analyses the
state of the insurtech industry, providing transparency through qualitative data and insights into trends
and the current state of the sector.   
Potential for new ventures 
‘The State of Global Insurtech’ report

Related articles
NN Group launched its corporate venture builder NN Ventures in April 2023, to use its existing innovation
resources to (co)fund the exploration and development of a small number of new insurtech propositions
up to the first significant round of investment (known as Series A). These ventures are designed to
operate independently but are complementary to current NN products, therefore helping us to stay
relevant for our customers and meet future needs. 
Jeroen Meijers, Head of NN Ventures, reflected on the findings of the report during a panel session at
 on 29 June. Jeroen said: ‘We've been partnering with insurtechs for many years and
tested many ideas, and we've found that the strength comes from leveraging the assets of both the
entrepreneurs and the corporate, such as the customer base and distribution capabilities...We've
transformed our innovation unit to a venture builder, where we leverage our company's assets from the
outset to work on specific themes with a strong business case that solve real problems for our
customers.’ 
More key trends in the report 
The report also explains that technologies such as artificial intelligence (AI) are making an impact across
different areas such as claims automation, marketing, contract and policy management. Generative AI
tools, such as ChatGPT, also open new doors, although it is still unknown which processes will be most
affected by them. The most immediate use cases for these AI tools are customer-facing processes (lead
generation opportunities, enhanced agents, customer portal, etc.). These applications can also be useful
in claims automation and fraud detection, 
.
Insurance plays a key role in both climate change mitigation and adaptation, the most serious global risks
today. When it comes to other emerging risks, such as cyber protection, cyber insurance was found to be
a crucial factor in the cybersecurity ecosystem and an opportunity for insurtech startups. 
. 
Share this page
NN co-sponsors report on State of Global Insurtech 2023
ITC DIA Europe
which are some of the ways we use AI at NN
Read more about NN Ventures


Procuring more sustainable products and services for our own operations
31 July 2025
Helping to create a circular economy with sustainable repair
25 July 2025

A living wage is a fundamental human right
11 July 2025
",yes,[],"['ai', 'artificial intelligence', 'chatgpt']","['chatgpt', 'artificial intelligence', 'ai']",0,6,[],"...work on specific themes with a strong business case that solve real problems for our
customers.’ 
More key trends in the report 
The report also explains that technologies such as artificial intelligence (AI) are making an impact across
different areas such as claims automation, marketing, contract and policy management. Generative AI
tools, such as ChatGPT, also open new doors, although it is still unknown which processes will be most
affected by them. The most immediate use cases for these AI tools are customer-facing processes (lead
generation opportunities, enhanced agents, customer portal, etc.). These applications can also be useful
in claims automation and fraud detection, 
.
Insurance plays a key role and an opportunity for insurtech startups. 
. 
Share this page
NN co-sponsors report on State of Global Insurtech 2023
ITC DIA Europe
which are some of the ways we use AI at NN
Read more about NN Ventures


Procuring more sustainable products and services for our own operations
31 July 2025
Helping to create a circular economy with sustainable repair...","[(1723, 2441), (2674, 3027)]",6,1078,170,498
43,nn group,NN leaders talk AI and customer experience at Insurance Innovators Summit.pdf,"Home / Newsroom / News archive / NN leaders talk AI and customer experience at Insurance Innovators Summit
Newsroom
NN leaders talk AI and customer experience at Insurance Innovators
Summit
16 November 2023
On 16 November, NN Group leaders Lieke Luttmer and Tjerrie Smit took the stage at 
in London, to share their expertise in the areas of customer experience and artificial intelligence (AI).
Insurance Innovators Summit brings together the incumbents and disruptors setting the innovation agenda
within the insurance industry. Attendees discuss the most critical issues facing the industry today, such as
Insurance Innovators Summit

Related articles
disruptions in distribution, evolutions in AI, gamification and Web3.
Chief Customer & Commerce Officer, Lieke Luttmer, joined a panel discussion on ‘Putting customer needs first'.
Lieke spoke about the role of people and culture challenge in digital transformation, the importance of
transparency and “test & learn” culture, and what being a truly customer-centric insurer means.
Also at the event, NN Group's Chief Analytics Officer Tjerrie Smit took part in a fireside chat on ‘Next stage
automation'. Tjerrie discussed how generative AI (GenAI) is transforming our day-to-day work and the wider
industry, how to create a culture of innovation, and how NN applies GenAI to deliver an excellent experience for
customers.
NN Group uses AI across our business units in support of both personal efficiency for our colleagues and in
serving our customers. For example, our Fraud Risk Model (FRM) identifies various levels of potential risk for our
teams to investigate, and we use ChatGPT to automatically generate summaries of customer service calls, saving
valuable time on manual creation.
.
Share this page
NN leaders talk AI and customer experience at Insurance Innovators Summit
Read more about how NN uses AI

Procuring more sustainable products and services for our own operations
31 July 2025

Helping to create a circular economy with sustainable repair
25 July 2025
A living wage is a fundamental human right
11 July 2025
",yes,['ai'],"['ai', 'artificial intelligence', 'chatgpt']","['chatgpt', 'artificial intelligence', 'ai']",1,10,[],"Home / Newsroom / News archive / NN leaders talk AI and customer experience at Insurance Innovators Summit
Newsroom
NN leaders talk AI and customer experience at Insurance Innovators
Summit
16 November 2023
On 16 November, NN Group leaders Lieke Luttmer and Tjerrie Smit took the stage at 
in London, to share their expertise in the areas of customer experience and artificial intelligence (AI).
Insurance Innovators Summit brings together the incumbents and disruptors setting the innovation agenda
within the insurance industry. Attendees discuss the most critical issues facing the industry today, such as
Insurance Innovators Summit

Related articles
disruptions in distribution, evolutions in AI, gamification and Web3.
Chief Customer & Commerce Officer, Lieke Luttmer, joined a panel discussion on ‘Putting customer needs first'.
Lieke spoke about the role of people and culture challenge in a truly customer-centric insurer means.
Also at the event, NN Group's Chief Analytics Officer Tjerrie Smit took part in a fireside chat on ‘Next stage
automation'. Tjerrie discussed how generative AI (GenAI) is transforming our day-to-day work and the wider
industry, how to create a culture of innovation, and how NN applies GenAI to deliver an excellent experience for
customers.
NN Group uses AI across our business units in support of both personal efficiency for our colleagues and in
serving our customers. For example, our Fraud Risk Model (FRM) identifies various levels of potential risk for our
teams to investigate, and we use ChatGPT to automatically generate summaries of customer service calls, saving
valuable time on manual creation.
.
Share this page
NN leaders talk AI and customer experience at Insurance Innovators Summit
Read more about how NN uses AI

Procuring more sustainable products and services for our own operations
31 July 2025

Helping to create a circular economy with sustainable repair
25 July 2025
A living wage is...","[(0, 897), (996, 2047)]",10,1952,302,322
44,ns,Kickstart AI_ bedrijven geven boost aan AI in Nederland.pdf," /
 /
Kickstart AI: bedrijven
geven boost aan AI in
Nederland
10 oktober 2019
Over NS
Nieuws
Samenvatting

Ahold Delhaize,
ING, KLM, Philips
en NS
kondigen Kickstart
AI aan.
Meerdere
initiatieven ter
bevordering van
AI-onderwijs, talent
en innovatie in
Nederland.
Wereldwijde AI
superchallenges, 25
gezamenlijke
academische
benoemingen,
Nationale AI-cursus.
Vijf Nederlandse bedrijven,
Ahold Delhaize, ING, KLM,
Philips en NS, willen AI
(Artificial Intelligence of
kunstmatige intelligentie) in
Nederland een boost geven
door de ontwikkeling van AI-
technologie te bevorderen en
te versnellen en door AI-talent
in het land te stimuleren. Deze
inspanningen hebben tot doel
de onderwijscapaciteit te
vergroten, de ontwikkeling van
de AI-gemeenschap in
Nederland te bevorderen en de
positie van Nederland als een
concurrerende en relevante
wereldwijde AI-kennis-hub te
benadrukken.

Inhaalslag
Het doel van Kickstart AI is het
overbruggen van de kloof op
het gebied van kunstmatige
intelligentie tussen Nederland
en andere landen, zoals het
VK, de VS en China, die op dit
vlak flinke vooruitgang hebben
geboekt. Om de positie van
Nederland als pionier en
uitvinder van nieuwe
technologieën te behouden,
moeten de Nederlandse
overheid, bedrijven,
organisaties en universiteiten
een inhaalslag maken met
betrekking tot structurele
investeringen en de
beschikbaarheid van
wereldwijd AI-talent. De vijf
bedrijven die AI in Nederland
een kickstart willen geven,
bundelen met dit gezamenlijke
initiatief voor het eerst hun
krachten op deze manier.
Lokaal talent
De vijf bedrijven die Kickstart
AI initiëren, pleiten voor de
cruciale uitbreiding van lokale
kennis en lokaal talent om op
ethische wijze kunstmatige
intelligentie te kunnen
implementeren die niet alleen
is gericht op wat technisch
mogelijk is, maar ook voldoet
aan de ethische en sociale

normen die de Nederlandse
samenleving mogelijk
verwacht. Samenwerking
tussen deze vijf bedrijven, de
overheid, de industrie en
andere leveranciers van
technologie draagt bij aan de
aanpak van maatschappelijke
uitdagingen, biedt nieuwe
kansen voor de jeugd en
versnelt de introductie van
kunstmatige intelligentie in
Nederland. Voor consumenten
biedt kunstmatige intelligentie
mogelijkheden om hun
dagelijkse leven te verbeteren,
zoals met een persoonlijkere
service en meer gemak en
keuzes op vele gebieden,
waaronder voedsel, reizen,
gezondheid en financiën.
Kickstart AI omvat onder
meer de volgende
initiatieven:
1) AI superchallenges: Een
competitie om het wereldwijde
profiel van Nederland te
vergroten door wereldwijd AI-
talent te mobiliseren bij het
aanpakken van
maatschappelijke uitdagingen,
zoals op het gebied van
gezondheid en mobiliteit.
2) Gezamenlijke
academische
benoemingen: Investeren in

publiek-private samenwerking
door gezamenlijke
benoemingen van hoogleraren
en universitair
(hoofd)docenten, waardoor de
volgende generatie AI-talent
toegang krijgt tot onderwijs,
training en vooraanstaande
academici. De eerste
toezegging is de creatie van 5
gezamenlijke benoemingen bij
academische instellingen in
Nederland door ieder
voortrekkersbedrijf in Kickstart
AI, waardoor 25 posities
worden gecreëerd.
3) Nationale AI-Cursus:
Als onderdeel van een bredere
inspanning om de kennis en
acceptatie van AI in Nederland
te vergroten, gaan Kickstart AI-
bedrijven de Nationale AI-
Cursus niet alleen bij het grote
publiek en hun eigen
personeel onder de aandacht
brengen, maar deze ook
Engelstalig beschikbaar maken
zodat een streefaantal van
170.000 aanmeldingen in
Nederland per eind 2020
gehaald wordt.
Tekort aan AI-talent
Maarten de Rijke, hoogleraar
aan de Universiteit van
Amsterdam en directeur van
het Innovation Center for

Artificial Intelligence, zei
tijdens de introductie van
Kickstart AI vandaag op de
World Summit AI: “Nederland
is altijd een technologische
pionier geweest, een voorloper
in de ontwikkeling en innovatie
van AI. De kwaliteit van onze
AI-specialisten wordt
wereldwijd erkend. Maar
zonder een nationale AI-
strategie en snelle actie, blijft
het ernstige tekort aan AI-
talent in ons land een van de
grootste obstakels bij het
bereiken van het volledige
potentieel van AI-talent en
technologie. De gezamenlijke
inspanningen van
universiteiten en
ondernemingen onder de
Kickstart AI-vlag onderstrepen
de urgentie die het versnellen
van AI-onderwijs en het
behouden van talent hebben,
en toont hoe toegewijd we zijn
aan samenwerking en de
benodigde investeringen om
de innovatie van kunstmatige
intelligentie in Nederland te
versnellen.”
Samenwerking
stimuleren
Het dagelijkse leven van
miljoenen mensen en Ahold
Delhaize, ING, KLM, Philips en
NS zijn nauw met elkaar

verbonden via voedsel, reizen,
gezondheid en financiën. Als
organisaties middenin de
Nederlandse samenleving ,
begrijpen ze ten volle het
potentieel dat kunstmatige
intelligentie heeft om het
dagelijkse leven in Nederland
te verbeteren. Daarom hebben
ze zich verenigd om
gezamenlijk hun medespelers
in het bedrijfsleven en de
industrie tot actie op te
roepen, om de samenwerking
te stimuleren bij het creëren
van een bloeiend AI-
ecosysteem in Nederland ten
behoeve van het dagelijks
leven van de eindconsument.
Het Strategisch Actieplan AI
(SAPAI) en de Nederlandse AI
Coalitie, die deze week ook
zijn aangekondigd, zijn
complementaire stappen in
dezelfde richting en hebben als
doel om gezamenlijk de groei
en het concurrentievermogen
van de Nederlandse economie
in stand te houden.
Direct naar...
Reisinformatie
Uitgelicht

Zakelijk
Klantenservice
Onze producten
Kaartjes & Toeslagen
Abonnementen
Deur tot deur
Dagje uit
Internationale treinkaartjes
Meer NS
Over NS
Werken bij NS
Partners in mobiliteit
Nieuws
Sociale media
Facebook
Twitter
Instagram
YouTube
LinkedIn

Disclaimer
Privacy
Cookies
Bedrijfsinformatie
Voorwaarden en folders
",yes,['ai'],"['ai', 'artificial intelligence', 'kunstmatige intelligentie']","['kunstmatige intelligentie', 'facebook', 'artificial intelligence', 'ai']",1,42,['facebook'],".../
 /
Kickstart AI: bedrijven
geven boost aan AI in
Nederland
10 oktober 2019
Over NS
Nieuws
Samenvatting

Ahold Delhaize,
ING, KLM, Philips
en NS
kondigen Kickstart
AI aan.
Meerdere
initiatieven ter
bevordering van
AI-onderwijs, talent
en innovatie in
Nederland.
Wereldwijde AI
superchallenges, 25
gezamenlijke
academische
benoemingen,
Nationale AI-cursus.
Vijf Nederlandse bedrijven,
Ahold Delhaize, ING, KLM,
Philips en NS, willen AI
(Artificial Intelligence of
kunstmatige intelligentie) in
Nederland een boost geven
door de ontwikkeling van AI-
technologie te bevorderen en
te versnellen en door AI-talent
in het land te stimuleren. Deze
inspanningen hebben tot doel
de onderwijscapaciteit te
vergroten, de ontwikkeling van
de AI-gemeenschap in
Nederland te bevorderen en de
positie van Nederland als een
concurrerende en relevante
wereldwijde AI-kennis-hub te
benadrukken.

Inhaalslag
Het doel van Kickstart AI is het
overbruggen van de kloof op
het gebied van kunstmatige
intelligentie tussen Nederland
en andere landen, zoals het
VK, de VS en China, die op dit
vlak flinke vooruitgang als pionier en
uitvinder van nieuwe
technologieën te behouden,
moeten de Nederlandse
overheid, bedrijven,
organisaties en universiteiten
een inhaalslag maken met
betrekking tot structurele
investeringen en de
beschikbaarheid van
wereldwijd AI-talent. De vijf
bedrijven die AI in Nederland
een kickstart willen geven,
bundelen met dit gezamenlijke
initiatief voor het eerst hun
krachten op deze manier.
Lokaal talent
De vijf bedrijven die Kickstart
AI initiëren, pleiten voor de
cruciale uitbreiding van lokale
kennis en lokaal talent om op
ethische wijze kunstmatige
intelligentie te kunnen
implementeren die niet alleen
is gericht op wat technisch
mogelijk vijf bedrijven, de
overheid, de industrie en
andere leveranciers van
technologie draagt bij aan de
aanpak van maatschappelijke
uitdagingen, biedt nieuwe
kansen voor de jeugd en
versnelt de introductie van
kunstmatige intelligentie in
Nederland. Voor consumenten
biedt kunstmatige intelligentie
mogelijkheden om hun
dagelijkse leven te verbeteren,
zoals met een persoonlijkere
service en meer gemak en
keuzes op vele gebieden,
waaronder voedsel, reizen,
gezondheid en financiën.
Kickstart AI omvat onder
meer de volgende
initiatieven:
1) AI superchallenges: Een
competitie om het wereldwijde
profiel van Nederland te
vergroten door wereldwijd AI-
talent te mobiliseren bij het
aanpakken van
maatschappelijke uitdagingen,
zoals op het gebied van
gezondheid en mobiliteit.
2) Gezamenlijke
academische
benoemingen: Investeren in

publiek-private samenwerking
door gezamenlijke
benoemingen van hoogleraren
en universitair
(hoofd)docenten, waardoor de
volgende generatie AI-talent
toegang krijgt tot onderwijs,
training en vooraanstaande
academici. De eerste
toezegging is de creatie van 5
gezamenlijke benoemingen bij
academische instellingen in
Nederland door ieder
voortrekkersbedrijf in Kickstart
AI, waardoor 25 posities
worden gecreëerd.
3) Nationale AI-Cursus:
Als onderdeel van een bredere
inspanning om de kennis en
acceptatie van AI in Nederland
te vergroten, gaan Kickstart AI-
bedrijven de Nationale AI-
Cursus niet alleen bij het grote
publiek en hun eigen
personeel onder de aandacht
brengen, maar deze ook
Engelstalig beschikbaar maken
zodat een streefaantal van
170.000 aanmeldingen in
Nederland per eind 2020
gehaald wordt.
Tekort aan AI-talent
Maarten de Rijke, hoogleraar
aan de Universiteit van
Amsterdam en directeur van
het Innovation Center for

Artificial Intelligence, zei
tijdens de introductie van
Kickstart AI vandaag op de
World Summit AI: “Nederland
is altijd een technologische
pionier geweest, een voorloper
in de ontwikkeling en innovatie
van AI. De kwaliteit van onze
AI-specialisten wordt
wereldwijd erkend. Maar
zonder een nationale AI-
strategie en snelle actie, blijft
het ernstige tekort aan AI-
talent in ons land een van de
grootste obstakels bij het
bereiken van het volledige
potentieel van AI-talent en
technologie. De gezamenlijke
inspanningen van
universiteiten en
ondernemingen onder de
Kickstart AI-vlag onderstrepen
de urgentie die het versnellen
van AI-onderwijs en het
behouden van talent hebben,
en toont hoe toegewijd we zijn
aan samenwerking en de
benodigde investeringen om
de innovatie van kunstmatige
intelligentie in Nederland te
versnellen.”
Samenwerking
stimuleren hebben
ze zich verenigd om
gezamenlijk hun medespelers
in het bedrijfsleven en de
industrie tot actie op te
roepen, om de samenwerking
te stimuleren bij het creëren
van een bloeiend AI-
ecosysteem in Nederland ten
behoeve van het dagelijks
leven van de eindconsument.
Het Strategisch Actieplan AI
(SAPAI) en de Nederlandse AI
Coalitie, die deze week ook
zijn aangekondigd, zijn
complementaire stappen in
dezelfde richting en hebben als
doel om gezamenlijk de groei
en het concurrentievermogen
van de Nederlandse economie
in stand Reisinformatie
Uitgelicht

Zakelijk
Klantenservice
Onze producten
Kaartjes & Toeslagen
Abonnementen
Deur tot deur
Dagje uit
Internationale treinkaartjes
Meer NS
Over NS
Werken bij NS
Partners in mobiliteit
Nieuws
Sociale media
Facebook
Twitter
Instagram
YouTube
LinkedIn

Disclaimer
Privacy
Cookies
Bedrijfsinformatie
Voorwaarden en folders...","[(1, 1092), (1137, 1794), (1926, 4544), (4896, 5425), (5452, 5792)]",43,5245,753,833
45,philips,AI-powered solution for heart repair procedures _ Philips.pdf," Philips brings AI into the procedure room to assist doctors
during heart valve repair
 Innovation uses AI to track and visualize tiny repair devices* through the beating heart, helping
clinicians navigate in 3D with enhanced clarity and confidence**
 Nov 17, 2025 | 3 minute read
 
 
 
 Amsterdam, the Netherlands – Royal Philips (NYSE: PHG, AEX: PHIA), a global leader in health technology, today
introduced DeviceGuide, an AI-powered device tracking* solution that assists physicians during one of interventional
cardiology’s most technically demanding procedures: repairing leaking heart valves through a minimally invasive approach.
Built on Philips’ EchoNavigator platform, this software brings AI directly into the procedure room, translating complex
imaging into intuitive, real-time visual guidance that helps clinicians navigate the beating heart with greater clarity and
confidence. It will be previewed at London Valves 2025 (November 16-18), one of the world’s leading meetings for
structural heart specialists. 
Image-guided therapy
Artificial intelligence (AI)
Cardiology
Press release
 “With DeviceGuide, we’re bringing AI into the heart of the procedure room, and into the heart itself,” said Dr. Atul Gupta,
Chief Medical Officer, Diagnosis & Treatment at Philips. “This is Philips’ first AI assisting physicians in real time to visualize
and guide heart valve treatment devices* as they navigate the beating heart. It’s helping doctors in the moment as they are
helping their patients with structural heart disease.”
News center | United States​

 Minimally invasive treatment of the mitral valve
 
A leaking heart valve, known as mitral valve regurgitation, is a condition in which blood leaks backward through the heart’s
mitral valve. It affects more than 35 million [1] adults worldwide, leaving many short of breath, fatigued, and struggling with
everyday activities like climbing stairs or walking short distances. Many also live with anxiety or fear, knowing their heart
isn’t pumping efficiently. If left untreated, severe cases can lead to heart failure and other serious complications.
For patients who are too frail for open-heart surgery, minimally invasive transcatheter repair techniques such as mitral
transcatheter edge-to-edge repair (M-TEER) offer a vital treatment option. During these procedures, physicians repair a
leaking valve through a tiny incision in the top of the leg in the groin area, guiding long, flexible instruments through the
blood veins and navigating a miniature repair device into the beating heart.
Clinicians must view and interpret both X-ray and ultrasound images on multiple screens, coordinate movements between
two operators, and make precise adjustments to grasp the moving valve leaflets, position the repair device, and confirm
the result in real time. The process demands accuracy, coordination, and experience from the team. This is where
DeviceGuide can help with its 3D navigation support.
 “The AI software serves as an assistive tool, with the physician always remaining in control. This isn’t about replacing
expertise – it’s about amplifying it,” added Dr. Atul Gupta. “By embedding AI into the procedure, DeviceGuide gives
physicians an extra pair of eyes, effectively bionic vision, helping them treat more patients safely and confidently.”
 Collaboration with Edwards Lifesciences
 
This innovation was developed in close collaboration with Edwards Lifesciences, the manufacturer of these repair devices.
The solution combines Philips’ expertise in medical imaging and AI technologies with Edwards’ global leadership in
structural heart innovation. Together, the companies have reimagined key parts of the mitral TEER procedural workflow.
“DeviceGuide demonstrates the impact of combining leading imaging and therapy expertise to develop solutions designed
around the procedural workflow, a model that will shape the future of AI-enabled image-guided structural interventions,”
said Mark Stoffels, Business Leader, Image Guided Therapy Systems.
This solution illustrates how Philips’ imaging and AI expertise can merge with the insights of leading therapy companies to
innovate procedural workflows. This kind of collaboration is a model for developing the next generation of AI-enabled,
image-guided innovations, centered on the needs of clinicians and their patients.
Read more on how Philips DeviceGuide works here.
 How AI is helping
 
DeviceGuide uses an AI algorithm to automatically track the tiny repair device as it moves through the beating heart,
intelligently combining live echo and X-ray images. It creates a virtual 3D model of the treatment device in real time,
superimposed on the live images of the beating heart. This allows clinicians to see where the device is and in which
direction it is pointing, providing a clear view of the procedure and potentially enabling them to navigate the device more
easily to effectively seal the leak.
“By embedding AI into the procedure, DeviceGuide gives physicians an extra pair of eyes,
effectively bionic vision, helping them treat more patients safely and confidently.“
- Dr. Atul Gupta, Chief Medical Officer, Diagnosis & Treatment at Philips

 Sources
 
[1] MDPI
Philips DeviceGuide enabled by EchoNavigator R5 is not available for sale or use in all countries. Its availability is subject to local regulatory clearance and
market release. Please contact your Philips representative for details on product availability in your region.
*DeviceGuide is currently intended for use only with the Mitral TEER Therapy Device (Edwards PASCAL Ace).
**DeviceGuide assists physicians in visualizing and navigating the repair device within the heart. It supports, but does not perform, the therapeutic
procedure itself.
Media assets


 Media contacts
Joost Maltha
Philips Global External Relations
Contact details 
 Share this page
DeviceGuide in use
with EchoNavigator
2.6 MB -

DeviceGuide screen
content
1.9 MB -



Consumer products
Home
Support
Product registration
My Philips

Healthcare professionals
Home
Products
Services
Specialties
Solutions

Other business solutions
Lighting
Automotive
Hearing solutions
Display solutions
Related news


Press release | December 01, 2025
Philips expands
commercial availability of
world’s first real-time AI-
enabled light-based 3D
navigation solution for
image-guided therapy
Image-guided therapy
Press release | October 28, 2025
Late-breaking iMODERN
findings presented at TCT
2025 and published in the
New England Journal of
Medicine highlight new
evidence to guide
treatment choices for
heart attack patients
Image-guided therapy
Press release | October 27, 2025
Philips introduces cath
lab integration that
automatically
synchronizes pre-
operative CT with C-arm
movement, paving the
way for CT-guided PCI
Image-guided therapy
Pres
Ph
Ze
sy
ad
qu
an
wo
Im

Dictation Solutions

About us
Home
News
Investor Relations
Careers
Innovation
Environmental, Social and Governance

Contact & support
Customer support
Professional healthcare support
Company contacts

Stay up-to-date
   
Privacy NoticeTerms of useCookie noticeLegal compliance
© Koninklijke Philips N.V., 2004 - 2025. All rights reserved.
",yes,['ai'],"['ai', 'artificial intelligence']","['artificial intelligence', 'ai']",1,18,[],"...Philips brings AI into the procedure room to assist doctors
during heart valve repair
 Innovation uses AI to track and visualize tiny repair devices* through the beating heart, helping
clinicians navigate in 3D with enhanced clarity and confidence**
 Nov 17, 2025 | 3 minute read
 
 
 
 Amsterdam, the Netherlands – Royal Philips (NYSE: PHG, AEX: PHIA), a global leader in health technology, today
introduced DeviceGuide, an AI-powered device tracking* solution that assists physicians during one of interventional
cardiology’s most technically demanding procedures: repairing leaking heart valves through a minimally invasive approach.
Built on Philips’ EchoNavigator platform, this software brings AI directly into the procedure room, translating complex
imaging into intuitive, real-time visual guidance that helps clinicians navigate the beating heart with greater clarity and
confidence. It will be previewed at London Valves 2025 (November 16-18), one of the world’s leading meetings for
structural heart specialists. 
Image-guided therapy
Artificial intelligence (AI)
Cardiology
Press release
 “With DeviceGuide, we’re bringing AI into the heart of the procedure room, and into the heart itself,” said Dr. Atul Gupta,
Chief Medical Officer, Diagnosis & Treatment at Philips. “This is Philips’ first AI assisting physicians in real time to visualize
and guide heart valve treatment devices* as they navigate the beating heart. It’s helping doctors in the moment as they are
helping their device, and confirm
the result in real time. The process demands accuracy, coordination, and experience from the team. This is where
DeviceGuide can help with its 3D navigation support.
 “The AI software serves as an assistive tool, with the physician always remaining in control. This isn’t about replacing
expertise – it’s about amplifying it,” added Dr. Atul Gupta. “By embedding AI into the procedure, DeviceGuide gives
physicians an extra pair of eyes, effectively bionic vision, helping them treat more patients safely and confidently.”
 Collaboration with Edwards Lifesciences
 
This innovation was developed in close collaboration with Edwards Lifesciences, the manufacturer of these repair devices.
The solution combines Philips’ expertise in medical imaging and AI technologies with Edwards’ global leadership in
structural heart innovation. Together, the companies have reimagined key parts of the mitral TEER procedural workflow.
“DeviceGuide demonstrates the impact of combining leading imaging and therapy expertise to develop solutions designed
around the procedural workflow, a model that will shape the future of AI-enabled image-guided structural interventions,”
said Mark Stoffels, Business Leader, Image Guided Therapy Systems.
This solution illustrates how Philips’ imaging and AI expertise can merge with the insights of leading therapy companies to
innovate procedural workflows. This kind of collaboration is a model for developing the next generation of AI-enabled,
image-guided innovations, centered on the needs of clinicians and their patients.
Read more on how Philips DeviceGuide works here.
 How AI is helping
 
DeviceGuide uses an AI algorithm to automatically track the tiny repair device as it moves through the beating heart,
intelligently combining live echo and X-ray images. It creates a virtual 3D model of the in which
direction it is pointing, providing a clear view of the procedure and potentially enabling them to navigate the device more
easily to effectively seal the leak.
“By embedding AI into the procedure, DeviceGuide gives physicians an extra pair of eyes,
effectively bionic vision, helping them treat more patients safely and confidently.“
- Dr. Atul Gupta, Chief Medical Officer, Diagnosis Specialties
Solutions

Other business solutions
Lighting
Automotive
Hearing solutions
Display solutions
Related news


Press release | December 01, 2025
Philips expands
commercial availability of
world’s first real-time AI-
enabled light-based 3D
navigation solution for
image-guided therapy
Image-guided therapy
Press release | October 28, 2025
Late-breaking iMODERN
findings presented at TCT
2025 and published in the
New England Journal...","[(1, 1494), (2777, 4626), (4766, 5160), (6069, 6511)]",18,4187,617,1061
46,philips,Philips and Paige bring AI to pathology - News _ Philips.pdf," Dec 05, 2019
 Philips and Paige team up to bring Artificial Intelligence (AI) to
clinical pathology diagnostics
AI-based  cancer assessment tools are poised to help pathologists improve speed and accuracy of
cancer diagnostics, ultimately leading to better patient care
 Amsterdam, The Netherlands – Royal Philips  ( (NYSE: PHG, AEX: PHIA), a global leader in health technology, and Paige , a leader in
computational pathology, announced today a strategic collaboration to deliver clinical-grade AI applications to pathology laboratories. These AI
technologies, starting with Paige Prostate, aim to help pathologists identify, quantify and characterize cancer in tissue samples and make
precise diagnoses more efficiently. This may, ultimately, positively impact pathologist’s workflow and treatment planning for patients.
 
Pathologists play a crucial role in the detection and diagnosis of a broad range of diseases, including cancer. The increasing number of
cancer cases in the aging population, and rapid advances in personalized medicine have resulted in significant increases in the complexity of
pathology diagnostics and the workload imposed on pathologists. Digital images of tissue samples make it possible for pathologists to easily
diagnose these samples on a computer display using advanced imaging analysis and workflow software. 
 
Paige’s technology has demonstrated promising results , and the collaboration aims to deliver this kind of technology into routine clinical
practice. Several pathology laboratories have already converted their glass slide-based workflow to digital, using the clinically approved digital
pathology solution  from Philips. Once digital images are available, the CE marked Paige Prostate software is applied automatically to
detect and localize prostate cancer. This technology provides pathologists with valuable information they can use in their evaluation of
prostate biopsies.
 “We want to empower pathologists with the latest computational pathology solutions to enhance the diagnosis and treatment of cancer,” said
Marlon Thompson, Business Leader of Digital & Computational Pathology at Philips. “Through our open digital pathology platform approach,
we team up with leading computational pathology solution providers, such as Paige, to create the ultimate end-to-end oncology workflow for
our customers.” 
 
“Pathology is transforming into a digital discipline and holds a strong promise for using AI solutions to aid, streamline, and enhance decision-
making,” said Leo Grady, CEO of Paige. “Together with digital pathology providers, starting with Philips, one of the leaders in the clinical digital
pathology space, we want to convert this promise into a clinical reality that supports pathologists and their patients.”
 
Philips IntelliSite Pathology Solution  in combination with Paige Prostate aims to provide an intuitive digital & computational pathology
workflow experience. Philips plans to offer the CE-marked Paige Prostate to European pathology labs in 2020. AI solutions for other markets
and additional disease areas are expected to follow suit. Visit www.philips.com/digitalpathology  and https://paige.ai  for more
information. 
 About Royal Philips
Click here to read on 
 About Paige.AI
Click here to read on 

Through our open digital pathology platform approach, we team up with leading computational
pathology solution providers, such as Paige, to create the ultimate end-to-end oncology workflow for
our customers.
Marlon Thompson
Business Leader of Digital & Computational Pathology at Philips
 Topics
News center | United States​

 
 
 
 Contacts
 Nicole Rodrigues
NRPR Group – For Paige
Tel.: +1 650 815 5069
 Media assets
 Share on social media
Partnerships
Digital pathology
Artificial intelligence (AI)
Press release
 Joost Maltha
Philips Global Press Office
Tel: +31 6 10 55 8116
1.47 MB 
 More related news
November 19, 2025
Philips and Cortechs.ai extend
partnership to advance
quantitative neuroimaging and
strengthen Philips’ leadership in
precision diagnostics in
neurology ›
Press release
October 30, 2025
Hoag selects Philips to enhance
and unify patient monitoring,
elevating care across Orange
County, USA ›
Press release
September 25, 2025
Philips joins Optum Healthcare’s
network as a preferred provider in
the USA ›
Press release
September 11, 2025
Philips and Masimo announce
innovation partnership to
advance access to patient
monitoring measurement
technologies ›
Press release




Consumer products
Home
Support
Product registration
My Philips

Healthcare professionals
Home
Products
Services
Specialties
Solutions

Other business solutions
Lighting
Automotive
Hearing solutions
Display solutions
Dictation Solutions

About us
Home
News
Investor Relations
Careers
Innovation
Environmental, Social and Governance

Contact & support
Customer support
Professional healthcare support
Company contacts

Stay up-to-date
   


Privacy NoticeTerms of useCookie noticeLegal compliance
© Koninklijke Philips N.V., 2004 - 2025. All rights reserved.
",yes,['ai'],"['ai', 'artificial intelligence']","['artificial intelligence', 'ai']",1,12,[],"...Dec 05, 2019
 Philips and Paige team up to bring Artificial Intelligence (AI) to
clinical pathology diagnostics
AI-based  cancer assessment tools are poised to help pathologists improve speed and accuracy of
cancer diagnostics, ultimately leading to better patient care
 Amsterdam, The Netherlands – Royal Philips  ( (NYSE: PHG, AEX: PHIA), a global leader in health technology, and Paige , a leader in
computational pathology, announced today a strategic collaboration to deliver clinical-grade AI applications to pathology laboratories. These AI
technologies, starting with Paige Prostate, aim to help pathologists identify, quantify and characterize cancer in tissue samples and make
precise diagnoses more efficiently. This may, ultimately, positively impact pathologist’s workflow pathology solution providers, such as Paige, to create the ultimate end-to-end oncology workflow for
our customers.” 
 
“Pathology is transforming into a digital discipline and holds a strong promise for using AI solutions to aid, streamline, and enhance decision-
making,” said Leo Grady, CEO of Paige. “Together with digital pathology providers, starting with Philips, one of the leaders in the clinical digital in combination with Paige Prostate aims to provide an intuitive digital & computational pathology
workflow experience. Philips plans to offer the CE-marked Paige Prostate to European pathology labs in 2020. AI solutions for other markets
and additional disease areas are expected to follow suit. Visit www.philips.com/digitalpathology  and https://paige.ai  for more
information. 
 About Royal Philips
Click here to read on 
 About Paige.AI
Click here to read on 

Through our open digital pathology platform approach, we team up with leading computational
pathology solution providers, such as Paige, to create the ultimate at Philips
 Topics
News center | United States​

 
 
 
 Contacts
 Nicole Rodrigues
NRPR Group – For Paige
Tel.: +1 650 815 5069
 Media assets
 Share on social media
Partnerships
Digital pathology
Artificial intelligence (AI)
Press release
 Joost Maltha
Philips Global Press Office
Tel: +31 6 10 55 8116
1.47 MB 
 More related news
November 19, 2025
Philips and Cortechs.ai extend
partnership to advance
quantitative neuroimaging and
strengthen Philips’ leadership in
precision diagnostics in
neurology ›
Press release
October 30, 2025
Hoag selects Philips to enhance
and unify patient monitoring,...","[(1, 788), (2246, 2659), (2824, 3453), (3571, 4169)]",12,2436,354,707
47,philips,Philips expands commercial availability of LumiGuide real-time AI-enabled light-based 3D navigation _ Philips.pdf," Philips expands commercial availability of world’s first
real-time AI-enabled light-based 3D navigation solution for
image-guided therapy
 Dec 01, 2025 | 3 minute read
 
 
 Amsterdam, the Netherlands and Chicago, USA – Royal Philips (NYSE: PHG, AEX: PHIA, a global leader in health
technology, today announced the expanded commercial availability of LumiGuide 3D Device Guidance, the world’s first
real-time AI-enabled light-based 3D navigation solution for image-guided therapy, across Europe and the United States.
LumiGuide represents a breakthrough in radiation-free* navigation, allowing physicians to visualize and guide devices
inside the body using light instead of continuous X-ray. Announced at RSNA 2025, the wider commercial rollout marks the
next step in Philips’ long-term commitment to improving radiation safety and dose reduction in image-guided therapy.
Image-guided therapy
Artificial intelligence (AI)
Press release
 
 
 
Commercial availability expanded across Europe and the United States
•
Real-time AI-enabled 3D device visualization powered by light instead of X-ray, improving navigation in complex
endovascular procedures
•
LumiGuide seamlessly integrates with Azurion, Philips’ proven, world-leading image-guided therapy platform
designed to drive procedural innovation across clinical domains
•
News center | United States​

 LumiGuide seamlessly integrates with Azurion, Philips’ proven, world-leading image-guided therapy platform designed to
drive procedural innovation across clinical domains. Focused on improving outcomes, efficiency, and safety, LumiGuide
joins a growing suite of intelligent, AI-enabled supportive and therapeutic devices integrated on the Azurion platform – a
portfolio that spans both guidance technologies and therapeutic tools – redefining how clinicians plan, guide, and perform
complex procedures with greater precision and confidence.
 “I have done over 160 fenestrated and branched aortic procedures with LumiGuide and have found that the system
improves efficiency, reduces the procedure time, and reduces time on the fluoroscopy pedal to near zero,” said Adam W.
Beck, MD, Professor and Director, Division of Vascular Surgery & Endovascular Therapy, University of Alabama at
Birmingham, US.
 Transforming navigation inside the body – with light instead of X-ray
 
LumiGuide, powered by Philips Fiber Optic RealShape (FORS) technology, is the first solution to use light to visualize the
shape and position of LumiGuide wires and compatible endovascular catheters inside the body in real time and in 3D –
without X-ray. By reflecting light along an optical fiber integrated into the guidewire, LumiGuide shows high-resolution, full-
color images from any angle, giving physicians instant orientation during complex endovascular procedures. LumiGuide
uses AI to quickly and accurately align any image with the patient's anatomy. This technology allows clinicians to navigate
with precision, while significantly reducing radiation exposure for both patients and clinical staff. Using this advanced
technology, complex cases such as aortic repair procedures can be performed 37% faster and with up to 56% DAP
reduction [1]. 
“Moving LumiGuide from limited to full commercial availability is an important milestone in expanding access to advanced
image-guided therapy,” said Stacey Beske, Business Leader Image-Guided Therapy Devices at Philips. 
“By bringing this light-based navigation technology to more hospitals, we’re helping clinicians treat complex vascular
disease with precision and safety, while reducing radiation risk for patients and teams in the lab,” added Atul Gupta, MD,
Chief Medical Officer Diagnosis & Treatment at Philips.
 Proven Azurion platform
 
LumiGuide is the latest innovation built on Philips leadership in Image Guided Therapy and the proven Azurion platform –
the foundation for procedural innovation across clinical domains. Seamlessly integrated into Azurion, LumiGuide
demonstrates how Philips continues to advance minimally invasive therapies through integration of intelligent systems and
devices that combine real-time insight, precision navigation, and procedural efficiency. Built on a platform that treats over
6.4 million patients each year across more than 80 countries [2], with high-quality, low-dose imaging and enhanced
workflow efficiency, LumiGuide extends Philips’ commitment to making image-guided therapy safer, faster, and more
effective for patients and clinical teams. Together with AI-enabled innovations such as DeviceGuide and VeriSight 3D ICE,
Philips is integrating intelligence and imaging to enable the next generation of procedural precision and confidence, all
within the connected Azurion environment.
“I have done over 160 fenestrated and branched aortic procedures with LumiGuide and
have found that the system improves efficiency, reduces the procedure time, and reduces
time on the fluoroscopy pedal to near zero.“
- Adam W. Beck, MD, Professor and Director, Division of Vascular Surgery & Endovascular Therapy, University of Alabama at
Birmingham, US.

 Accelerating access and adoption
 
Following a successful limited market release in late 2023, LumiGuide will be commercially available from January 2026 in
key European markets and the United States** Over the past years, LumiGuide has been used in more than 2,000 clinical
procedures [2], integrated with Philips Azurion image-guided therapy platform. Building on this experience, Philips
continues to invest in clinical evidence generation to help clinicians optimize the use of LumiGuide in everyday practice.
 Advancing radiation safety in image-guided therapy
 
LumiGuide builds on Philips’ broader portfolio of innovations aimed at reducing or eliminating radiation exposure during
image-guided procedures. Alongside technologies such as Azurion with ClarityIQ, DoseAware, and EchoNavigator, and
complementary clinical programs like the RADIQAL trial, LumiGuide underscores Philips’ leadership in low- and no-dose
interventional solutions, helping to make image-guided therapy safer, more efficient, and more sustainable.
 Learn more
 
To learn more about Philips LumiGuide and its integration within Philips Image Guided Therapy portfolio, visit
www.philips.com/lumiguide.
Also unveiled at RSNA is BlueSeal Horizon [3], a new 3.0T MRI platform featuring the world’s first helium-free 3.0T magnet
and next-generation AI designed to enhance workflow efficiency and diagnostic precision.
 Sources
 
[1] Eric J. Finnesgard, Jessica P. Simons, Douglas W. Jones, Caitlin M. Sorensen, Tammy T. Nguyen, Andres Schanzer. Initial single-center experience
using Fiber Optic RealShape guidance in complex endovascular aortic repair, Journal of Vascular Surgery, November 12, 2022.
https://doi.org/10.1016/j.jvs.2022.11.041
[2] Data on file at Philips
[3] 3.0T BlueSeal Horizon is ‘Work in Progress’ and not available in any jurisdiction. It is not for sale in the USA. Its future availability cannot be ensured. 
* While navigation with LumiGuide itself involves no radiation exposure, some clinical procedures may incorporate limited X-ray imaging for initial
anatomical visualization.
** LumiGuide has FDA clearance and CE marking and will be commercially available for order in the United States and Europe starting January 2026.
*** The opinions and clinical experiences presented herein are specific to the featured topic(s), are not linked to any specific patient and are for information
purposes only. The medical experience(s) derived from these topics may not be predictive of all patients.  Individual results may vary depending on a
variety of patient-specific attributes and related factors.  Nothing in this presentation is intended to provide specific medical advice or to take the place of
written law or regulations.
Media assets


Philips LumiGuide 3D
device guidance in use
3.5 MB -



Consumer products
Home
Support
Product registration
My Philips

Healthcare professionals
Home
 Media contacts
Joost Maltha
Philips Global External Relations
Contact details 
 Share this page
Related news


Press release | November 17, 2025
Philips brings AI into the
procedure room to assist
doctors during heart valve
repair
Image-guided therapy
Press release | October 28, 2025
Late-breaking iMODERN
findings presented at TCT
2025 and published in the
New England Journal of
Medicine highlight new
evidence to guide
treatment choices for
heart attack patients
Image-guided therapy
Press release | October 27, 2025
Philips introduces cath
lab integration that
automatically
synchronizes pre-
operative CT with C-arm
movement, paving the
way for CT-guided PCI
Image-guided therapy
Pres
Ph
Ze
sy
ad
qu
an
wo
Im

Products
Services
Specialties
Solutions

Other business solutions
Lighting
Automotive
Hearing solutions
Display solutions
Dictation Solutions

About us
Home
News
Investor Relations
Careers
Innovation
Environmental, Social and Governance

Contact & support
Customer support
Professional healthcare support
Company contacts

Stay up-to-date
   
Privacy NoticeTerms of useCookie noticeLegal compliance
© Koninklijke Philips N.V., 2004 - 2025. All rights reserved.
",yes,['ai'],"['ai', 'artificial intelligence']","['artificial intelligence', 'ai']",1,10,[],"...Philips expands commercial availability of world’s first
real-time AI-enabled light-based 3D navigation solution for
image-guided therapy
 Dec 01, 2025 | 3 minute read
 
 
 Amsterdam, the Netherlands and Chicago, USA – Royal Philips (NYSE: PHG, AEX: PHIA, a global leader in health
technology, today announced the expanded commercial availability of LumiGuide 3D Device Guidance, the world’s first
real-time AI-enabled light-based 3D navigation solution for image-guided therapy, across Europe and the United States.
LumiGuide represents a breakthrough in radiation-free* navigation, allowing physicians to visualize and guide devices
inside the body continuous X-ray. Announced at RSNA 2025, the wider commercial rollout marks the
next step in Philips’ long-term commitment to improving radiation safety and dose reduction in image-guided therapy.
Image-guided therapy
Artificial intelligence (AI)
Press release
 
 
 
Commercial availability expanded across Europe and the United States
•
Real-time AI-enabled 3D device visualization powered by light instead of X-ray, improving navigation in complex
endovascular procedures
•
LumiGuide seamlessly integrates with Azurion, Philips’ proven, world-leading image-guided therapy platform
designed to drive with Azurion, Philips’ proven, world-leading image-guided therapy platform designed to
drive procedural innovation across clinical domains. Focused on improving outcomes, efficiency, and safety, LumiGuide
joins a growing suite of intelligent, AI-enabled supportive and therapeutic devices integrated on the Azurion platform – a
portfolio that spans both guidance technologies and therapeutic tools – redefining how clinicians plan, guide, and perform
complex procedures By reflecting light along an optical fiber integrated into the guidewire, LumiGuide shows high-resolution, full-
color images from any angle, giving physicians instant orientation during complex endovascular procedures. LumiGuide
uses AI to quickly and accurately align any image with the patient's anatomy. This technology allows clinicians to navigate
with precision, while significantly reducing radiation exposure for both patients and clinical staff. countries [2], with high-quality, low-dose imaging and enhanced
workflow efficiency, LumiGuide extends Philips’ commitment to making image-guided therapy safer, faster, and more
effective for patients and clinical teams. Together with AI-enabled innovations such as DeviceGuide and VeriSight 3D ICE,
Philips is integrating intelligence and imaging to enable the next generation of procedural precision and confidence, all
within the connected Azurion environment....","[(1, 651), (675, 1276), (1388, 1857), (2584, 3039), (4264, 4727)]",10,2648,371,1326
48,philips,Philips launches AI platform for healthcare - News _ Philips.pdf," March 1, 2018
 Philips launches AI platform for healthcare
 
 Amsterdam, the Netherlands – Royal Philips (NYSE: PHG, AEX: PHIA), a global leader in health technology, today announced the launch of
HealthSuite Insights, including the Insights Marketplace, to support the advancing adoption of analytics and artificial intelligence (AI) in key
healthcare domains. Making their debut at the 2018 HIMSS Conference & Exhibition (HIMSS18), HealthSuite Insights gives data scientists,
software developers, clinicians and healthcare providers access to advanced analytic capabilities to curate and analyze healthcare data and
offers them tools and technologies to build, maintain, deploy and scale AI-based solutions. Insights Marketplace will provide the healthcare
industry’s first ecosystem where curated Artificial Intelligence assets from Philips and others are readily available for license.
 
AI-based solutions have great potential to improve patient outcomes and care efficiency. However, developing and deploying AI solutions for
healthcare use cases can be time consuming, resource intensive and expensive. HealthSuite Insights eases the logistical challenges of
deploying AI solutions in research and clinical environments. It accelerates the development of analytics solutions, and reduces development
and total cost of AI solutions. 
 
“The quality of your AI is only as good as the quality of the data you feed into it,” said Jeroen Tas, Chief Innovation & Strategy Officer Philips.
“We have designed HealthSuite Insights to be used by the people who work with patient data on a daily basis and have the contextual
understanding; including doctors, clinicians and hospital managers. With the HealthSuite Insights platform, we give them the ability to bring all
the relevant patient information together, curate the data and use the power of AI to support precision diagnosis, personalized therapy, early
intervention and greater hospital efficiency.” 
 Proven tools and technologies
The tools and technologies available through HealthSuite Insights already enable the machine learning and deep learning applications in
Philips’ diagnostic imaging solutions, patient monitoring solutions, and oncology and genomics offerings. Enabled by the platform, Philips
leverages AI across these innovations, by combining it with other technologies and a deep understanding of the clinical, operational and
personal context to augment care professionals and patients/consumers.
 Insights Marketplace for reusable AI assets
Philips’ Insights Marketplace initially offers assets supplied by Philips – including assets developed by leading scientists at Philips Research.
Medically validated Philips assets will be added later this year. In late 2018, the Insights Marketplace will be further expanded to include
assets submitted by third parties.
 
AI assets built using the Insights Platform are designed to be secure regardless of the execution environment, with sophisticated Identity and
Access Management, integrated Blockchain services, and data collection and management services built in.  The Insights platform can be
deployed on a healthcare cloud infrastructure such as the Philips HealthSuite Digital Platform, or on premise at a provider site.
 
For more information on HealthSuite Insights and Philips’ full suite of integrated solutions for driving operational efficiency and improving
clinical excellence, visit booth #3812 at the 2018 Annual HIMSS Conference & Exhibition taking place March 5 - 9 at the Sands Expo in Las
Vegas, NV. For updates on Philips’ presence at HIMSS, follow @PhilipsLiveFrom and visit www.philips.com/himss.
Philips HealthSuite Insights delivers healthcare-specific tools and technologies to address the full process of building, maintaining,
deploying and scaling AI solutions
•
Industry-first online marketplace offers curated, readily available AI assets for license
•

We have designed HealthSuite Insights to be used by the people who work with patient data on a
daily basis and have the contextual understanding; including doctors, clinicians and hospital
managers.
Jeroen Tas
Chief Innovation & Strategy Officer Philips
News center | United States​

 About Royal Philips
Click here to read on 
 Topics
 
 
 
 Contacts
 Media assets
 Share on social media
Artificial intelligence (AI)
Health informatics
Patient data
Press release
 Joost Maltha
Philips Global Press Office
Tel: +31 6 10 55 8116
661.0 KB 
474.0 KB 
 Press releases
Get our press releases by e-mail


Consumer products
Home
Support
Product registration
My Philips

Healthcare professionals
Home
Products
Services
Specialties
Solutions

Other business solutions
Lighting
Automotive
Hearing solutions
Display solutions
Dictation Solutions

About us
Home
News
Investor Relations
 More related news

December 01, 2025
Philips expands commercial
availability of world’s first real-
time AI-enabled light-based 3D
navigation solution for image-
guided therapy ›
Press release
November 30, 2025
Philips launches Verida, world’s
first detector-based spectral CT
powered by breakthrough AI, to
advance diagnostic precision ›
Press release
November 30, 2025
Philips unveils BlueSeal Horizon,
world's first helium-free 3.0T MRI
platform ›
Press release
November 24, 2025
Philips launches next-generatio
web-based diagnostic viewer fo
fast, secure imaging data acces
anywhere ›
Press release



Careers
Innovation
Environmental, Social and Governance

Contact & support
Customer support
Professional healthcare support
Company contacts

Stay up-to-date
   
Privacy NoticeTerms of useCookie noticeLegal compliance
© Koninklijke Philips N.V., 2004 - 2025. All rights reserved.
",yes,['ai'],"['ai', 'artificial intelligence', 'deep learning', 'machine learning']","['deep learning', 'machine learning', 'artificial intelligence', 'ai']",1,22,[],"...March 1, 2018
 Philips launches AI platform for healthcare
 
 Amsterdam, the Netherlands – Royal Philips (NYSE: PHG, AEX: PHIA), a global leader in health technology, today announced the launch of
HealthSuite Insights, including the Insights Marketplace, to support the advancing adoption of analytics and artificial intelligence (AI) in key
healthcare domains. Making their debut at the 2018 HIMSS Conference & Exhibition (HIMSS18), HealthSuite Insights gives data scientists,
software developers, clinicians and healthcare providers access to advanced analytic capabilities to curate and analyze healthcare data and
offers them tools and technologies to build, maintain, deploy and scale AI-based solutions. Insights Marketplace will provide the healthcare
industry’s first ecosystem where curated Artificial Intelligence assets from Philips and others are readily available for license.
 
AI-based solutions have great potential to improve patient outcomes and care efficiency. However, developing and deploying AI solutions for
healthcare use cases can be time consuming, resource intensive and expensive. HealthSuite Insights eases the logistical challenges of
deploying AI solutions in research and clinical environments. It accelerates the development of analytics solutions, and reduces development
and total cost of AI solutions. 
 
“The quality of your AI is only as good as the quality of the data you feed into it,” said Jeroen Tas, Chief Innovation & Strategy Officer Philips.
“We have designed HealthSuite Insights to be clinicians and hospital managers. With the HealthSuite Insights platform, we give them the ability to bring all
the relevant patient information together, curate the data and use the power of AI to support precision diagnosis, personalized therapy, early
intervention and greater hospital efficiency.” 
 Proven tools and technologies
The tools and technologies available through HealthSuite Insights already enable the machine learning and deep learning applications in
Philips’ diagnostic imaging solutions, patient monitoring solutions, and oncology and genomics offerings. Enabled by the platform, Philips
leverages AI across these innovations, by combining it with other technologies and a deep understanding of the clinical, operational and
personal context to augment care professionals and patients/consumers.
 Insights Marketplace for reusable AI assets
Philips’ Insights Marketplace initially offers assets supplied by Philips – including assets developed by leading scientists at Philips Research.
Medically validated Philips assets will be added later this year. In late 2018, the Insights Marketplace will be further expanded to include
assets submitted by third parties.
 
AI assets built using the Insights Platform are designed to be secure regardless of the execution environment, with sophisticated Identity and
Access Management, integrated Blockchain services, and data collection and management updates on Philips’ presence at HIMSS, follow @PhilipsLiveFrom and visit www.philips.com/himss.
Philips HealthSuite Insights delivers healthcare-specific tools and technologies to address the full process of building, maintaining,
deploying and scaling AI solutions
•
Industry-first online marketplace offers curated, readily available AI assets for license
•

We have designed HealthSuite Insights to be used by the people who work with patient data on a
daily basis and have the contextual understanding; Jeroen Tas
Chief Innovation & Strategy Officer Philips
News center | United States​

 About Royal Philips
Click here to read on 
 Topics
 
 
 
 Contacts
 Media assets
 Share on social media
Artificial intelligence (AI)
Health informatics
Patient data
Press release
 Joost Maltha
Philips Global Press Office
Tel: +31 6 10 55 8116
661.0 KB 
474.0 KB 
 Press releases
Get our press releases Automotive
Hearing solutions
Display solutions
Dictation Solutions

About us
Home
News
Investor Relations
 More related news

December 01, 2025
Philips expands commercial
availability of world’s first real-
time AI-enabled light-based 3D
navigation solution for image-
guided therapy ›
Press release
November 30, 2025
Philips launches Verida, world’s
first detector-based spectral CT
powered by breakthrough AI, to
advance diagnostic precision ›
Press release
November 30, 2025
Philips unveils BlueSeal Horizon,
world's first helium-free 3.0T MRI
platform ›
Press release
November 24, 2025
Philips launches next-generatio
web-based...","[(1, 1535), (1657, 3071), (3548, 4055), (4109, 4501), (4686, 5320)]",22,4491,635,801
49,philips,Philips spotlight solutions at ESC 2025 _ Philips.pdf," Philips redefines cardiac care with AI-driven solutions at
ESC Congress 2025
 From next-gen ultrasound systems to intervention and intelligent automation, Philips showcases
breakthrough cardiology solutions accelerating diagnosis, treatment, and long-term monitoring to
advance cardiovascular care
 Aug 28, 2025 | 3 minute read
 
 
 
 
 Amsterdam, the Netherlands – Royal Philips (NYSE: PHG, AEX: PHIA), a global leader in health technology, will showcase
its latest AI-enabled technologies designed to optimize clinical workflows and provide deeper insights in cardiac care at the
European Society of Cardiology (ESC) 2025 Congress in Madrid (August 29 – September 1). The company will
demonstrate how integrated workflows and intelligent technologies support confident diagnoses, precise treatment, and
proactive monitoring, delivering better cardiac care to more people. Philips will also reaffirm the company’s commitment to
providing sustainable healthcare practices and innovation to help reduce healthcare's carbon footprint. 
Artificial intelligence (AI)
Precision medicine
Access to care
Cardiology
Press release
 The latest Philips Future Health Index (FHI) 2025 cardiology snapshot findings show that 79% of cardiac care providers
have lost valuable clinical time with patients due to incomplete or inaccessible patient data, resulting in 45 minutes of
clinical time lost per shift, or more than 4 working weeks lost per year. In an era where cardiology departments face
mounting clinical and operational pressures, Philips’ AI-enabled solutions provide integrated workflows and insights at
every point in the cardiac care pathway to help increase productivity and time for patients.
News center | United States​

 “Together with our customers, we’re showcasing how Philips’ AI-enabled technologies are not just advancing image quality
and enhancing workflow efficiency—they’re improving access to insights that matter, speeding up diagnosis, and
empowering clinicians to make faster, more confident decisions,” said Jeff Cohen, Business Leader of Ultrasound at
Philips. “At ESC 2025, we’ll highlight that the future of cardiac care is smaller, smarter, and more connected, with AI doing
the heavy lifting behind the scenes to help clinicians focus more on patients, not processes. Attendees will experience how
our unified vision of cardiac care supports smarter decision-making, spanning early diagnosis, personalized treatment, and
long-term monitoring.”
 Diagnosis: earlier detection with greater clarity and confidence
 
Philips is advancing precision diagnosis through high-quality imaging and intelligent analytics driving workflow efficiency to
enable faster, more accurate detection of cardiac conditions. Flagship solutions at ESC include Philips ultrasound cardiac
systems EPIQ CVx, Affiniti CVx, and Compact 5500 CV—AI-powered platforms with new enhanced image quality. These
systems are complemented by Cardiovascular Workspace, a scalable platform that integrates imaging data across
systems to enhance collaboration and workflow efficiency. In CT, Philips’ CT 5300 and Spectral CT 7500 systems deliver
next-generation imaging powered by software enhancements and AI for deeper clinical insights. Also featured is BlueSeal
Mobile—the industry’s first helium-free, AI-enabled MRI system—performing live cardiac MR scans onsite for the first time,
providing access to more sustainable, high-quality imaging.
 Treatment: smarter interventions guided by real-time insight
 
Philips’ integrated image-guided therapy portfolio enables clinicians to plan and perform cardiac interventions with greater
precision. The spotlight at ESC will be on the VeriSight Pro 3D Intracardiac Echocardiography (ICE) Catheter, offering
real-time 2D and 3D intracardiac imaging for enhanced visualization in electrophysiology and structural heart procedures.
Philips will also demonstrate the Azurion 7 Series, showcasing how an intuitive, AI-enabled design can streamline
complex procedures and support more personalized, efficient care delivery.
 Monitoring: scalable solutions for cardiac care
 
For heart care everywhere, Philips offers ambulatory monitoring solutions to support proactive and personalized long-term
cardiac management. Featured at ESC 2025 will be Philips’ advanced Holter Monitoring Software, which supports ECG
analysis and reporting, helping clinicians manage arrhythmia and other cardiac conditions. These innovations help
empower care teams to deliver continual follow-up and timely intervention, with the goal of improving outcomes while
easing clinical workloads.
“At ESC 2025, we’ll highlight that the future of cardiac care is smaller, smarter, and more
connected, with AI doing the heavy lifting behind the scenes to help clinicians focus more
on patients, not processes.“
- Jeff Cohen, Business Leader of Ultrasound at Philips

 Symposium spotlight and hands-on sessions at ESC: connecting the dots for smarter heart
failure care
 
Beyond experiencing advanced technology, ESC attendees can also participate in hands-on tutorials hosted by Philips and
led by clinical experts and attend multiple symposium sessions focused on AI applications in cardiology and image-guided
structural heart interventions, exploring new pathways in cardiac imaging.  During a symposium spotlight hosted by Philips
and co-moderated by world-renowned experts Prof. Pepe Zamorano and Prof. Ricardo Fontes Carvahlo, leading
cardiologists will also discuss the convergence of artificial intelligence and miniaturized imaging in echocardiography,
transforming the way clinicians assess, treat, and monitor heart failure and structural heart disease. 
“AI offers clear, immense potential across multiple stages of clinical practice. In enhancing diagnostic accuracy and
efficiency, I see huge value in AI for image analysis – particularly in interpreting complex cardiovascular imaging and
identifying abnormalities that the human eye might otherwise miss. AI will also enable faster data processing, and reduce
administrative burdens on clinicians, allowing us to dedicate more time to patient care,” said Jose Zamorano Chief of
Cardiology at the University Hospital Ramón y Cajal in Madrid.
The 2025 ESC Congress theme of ""Cardiology Beyond Borders"" and ""Global Health"" aligns with Philips' goal of improving
lives by 2 billion by 2025, with a focus on improving access to care in underserved communities. For more information, visit
Philips at ESC 2025.
Media assets


 Media contacts
Kathy O'Reilly
Philips Global External Relations
Contact details 
Joost Maltha
Philips Global External Relations
Contact details 
Philips EPIQ CVx in
use
0.3 MB -

Philips CT 5300 in use
0.2 MB -

Philips ambulatory
monitoring solutions
in use
0.4 MB -

Philips Blue
mobile truck
0.1 MB -


Consumer products
Home
Support
Product registration
My Philips

Healthcare professionals
Home
Products
Services
Specialties
Solutions

Other business solutions
Lighting
Automotive
Hearing solutions
 Share this page
Related news


Press release | September 17, 2025
Southlake Health
transforms diagnostic
imaging with Philips AI-
enabled MRI increasing
capacity to address
patient demand
Diagnosis & Treatment
Press release | August 14, 2025
Philips announces plan
for more than USD 150
million of new investment
in manufacturing and R&D
in the U.S. to expand
production of AI-powered
health technology
innovations
Diagnosis & Treatment
Press release | June 17, 2024
Philips Zenition 90
Motorized receives FDA
510(k) clearance, helping
clinicians deliver high
quality care with a high-
powered and fast
motorized mobile C-arm
Diagnosis & Treatment
Pres
AI 
ult
mo
D

Display solutions
Dictation Solutions

About us
Home
News
Investor Relations
Careers
Innovation
Environmental, Social and Governance

Contact & support
Customer support
Professional healthcare support
Company contacts

Stay up-to-date
   
Privacy NoticeTerms of useCookie noticeLegal compliance
© Koninklijke Philips N.V., 2004 - 2025. All rights reserved.
",yes,[],"['ai', 'artificial intelligence']","['artificial intelligence', 'ai']",0,20,[],"...Philips redefines cardiac care with AI-driven solutions at
ESC Congress 2025
 From next-gen ultrasound systems to intervention and intelligent automation, Philips showcases
breakthrough cardiology solutions accelerating diagnosis, treatment, and long-term monitoring to
advance cardiovascular care
 Aug 28, 2025 | 3 minute read
 
 
 
 
 Amsterdam, the Netherlands – Royal Philips (NYSE: PHG, AEX: PHIA), a global leader in health technology, will showcase
its latest AI-enabled technologies designed to optimize clinical workflows and provide deeper insights in cardiac care at the
European Society of Cardiology (ESC) 2025 Congress in Madrid (August 29 – September 1). The and
proactive monitoring, delivering better cardiac care to more people. Philips will also reaffirm the company’s commitment to
providing sustainable healthcare practices and innovation to help reduce healthcare's carbon footprint. 
Artificial intelligence (AI)
Precision medicine
Access to care
Cardiology
Press release
 The latest Philips Future Health Index (FHI) 2025 cardiology snapshot findings show that 79% of cardiac care providers
have lost valuable clinical 45 minutes of
clinical time lost per shift, or more than 4 working weeks lost per year. In an era where cardiology departments face
mounting clinical and operational pressures, Philips’ AI-enabled solutions provide integrated workflows and insights at
every point in the cardiac care pathway to help increase productivity and time for patients.
News center | United States​

 “Together with our customers, we’re showcasing how Philips’ AI-enabled technologies are not just advancing image quality
and enhancing workflow efficiency—they’re improving access to insights that matter, speeding up diagnosis, and
empowering clinicians to make faster, more confident decisions,” said Jeff Cohen, Business Leader of Ultrasound at
Philips. “At ESC 2025, we’ll highlight that the future of cardiac care is smaller, smarter, and more connected, with AI doing
the heavy lifting behind the scenes to help clinicians focus more on patients, not processes. Attendees will experience how
our unified vision of cardiac care supports smarter decision-making, spanning intelligent analytics driving workflow efficiency to
enable faster, more accurate detection of cardiac conditions. Flagship solutions at ESC include Philips ultrasound cardiac
systems EPIQ CVx, Affiniti CVx, and Compact 5500 CV—AI-powered platforms with new enhanced image quality. These
systems are complemented by Cardiovascular Workspace, a scalable platform that integrates imaging data across
systems to enhance collaboration and workflow efficiency. In CT, Philips’ CT 5300 and Spectral CT 7500 systems deliver
next-generation imaging powered by software enhancements and AI for deeper clinical insights. Also featured is BlueSeal
Mobile—the industry’s first helium-free, AI-enabled MRI system—performing live cardiac MR scans onsite for the first time,
providing access to more sustainable, high-quality imaging.
 Treatment: smarter interventions guided by real-time insight
 
Philips’ integrated image-guided therapy portfolio (ICE) Catheter, offering
real-time 2D and 3D intracardiac imaging for enhanced visualization in electrophysiology and structural heart procedures.
Philips will also demonstrate the Azurion 7 Series, showcasing how an intuitive, AI-enabled design can streamline
complex procedures and support more personalized, efficient care delivery.
 Monitoring: scalable solutions for cardiac care
 
For heart care everywhere, Philips offers ambulatory monitoring solutions to support proactive...","[(1, 674), (802, 1270), (1351, 2401), (2612, 3546), (3715, 4196)]",20,3616,514,1143
50,postnl,Computer algorithm designs stamps for the first time _ PostNL.pdf,"News
28-10-2021 13:00
Computer algorithm designs stamps
for the first time
The Hague, the Netherlands, 28 October 2021 - PostNL has a very
special first to announce: today it becomes the first postal
company in the world to issue stamps designed by computer
algorithm (AI). The Digi Art issue was designed by the computer
based on a collection of 1,500 stamps from the 1852-1920
period.
Inloggen
Consumer
Business
NL | EN
Se
Re
C
Give feedback

The five stamps may have the look and feel of old-fashioned stamps, but
are anything but. The algorithm has come up with unique designs with
tried-and-trusted elements such as a main image in the middle of a frame,
a strip featuring text at the bottom, ornamental decorations in the four
corners and perforated edges.
Generative art
The stamp design was created through AI, other usages of which include
facial recognition, autonomous driving and smart thermostats, as well as
generative art. This AI application uses an algorithm to come up with an
original design or piece of art – which is exactly what happened with the
Digi Art stamp issue. Worldwide, this is the first sheet of stamps made by
artificial intelligence.
Self-learning
The algorithm is capable of self-learning, which means that it uncovers the
structure in the input provided and is not programmed to produce a
desired outcome. The output is a large series of images created by the
algorithm making and evaluating pictures millions of times.
Push in the right direction
The Digi Art stamps are the brainchild of Tim Ottens, a data scientist at
PostNL, who guided the algorithm’s self-learning. Ottens observes: “The
first few attempts don’t look like much of anything, but gradually the
Give feedback

outlines of stamps emerged. At each assessment point, we tinkered with
the program to give the algorithm a little push in the right direction. And
then we got to a point where we had a list of outcomes from which we
selected our designs. No more changes were made after that – even the
colours were selected by the algorithm.”
Availability
The Digi Art sheet of stamps has five different stamps specifying
“Nederland 1”, i.e. meant for mail up to 20 grammes to an address in the
Netherlands. You can order them at www.postnl.nl/bijzondere-postzegels
from 28 October 2021 or by telephone from Collect Club’s customer
service on +31 88 - 868 99 00. The stamps will remain valid indefinitely.
For more information and photos, please contact:
PostNL Corporate Communication
T: 088 - 868 82 60
E: mediarelations@postnl.nl
Share this via
Sending
Receiving
Business
Customer service
Quick links
PostNL App
Help
About PostNL
© Koninklijke PostNL
Privacy statement
Cookie statement
Terms of use
Terms and conditions
Give feedback
",yes,[],"['ai', 'artificial intelligence']","['artificial intelligence', 'ai']",0,4,[],"...Netherlands, 28 October 2021 - PostNL has a very
special first to announce: today it becomes the first postal
company in the world to issue stamps designed by computer
algorithm (AI). The Digi Art issue was designed by the computer
based on a collection of 1,500 stamps from the 1852-1920
period.
Inloggen
Consumer
Business
NL | EN
Se
Re
C
Give in the middle of a frame,
a strip featuring text at the bottom, ornamental decorations in the four
corners and perforated edges.
Generative art
The stamp design was created through AI, other usages of which include
facial recognition, autonomous driving and smart thermostats, as well as
generative art. This AI application uses an algorithm to come up with an
original design or piece of art – which is exactly what happened with the
Digi Art stamp issue. Worldwide, this is the first sheet of stamps made by
artificial intelligence.
Self-learning
The algorithm is capable of self-learning, which means that it uncovers the
structure in the input provided and is not programmed to produce a
desired outcome. The output...","[(90, 434), (634, 1353)]",4,1070,180,466
51,pwc nl,Adoptie van artificial intelligence in de gezondheidszorg - Publieke sector - Marktsectoren - PwC.pdf,"Adoptie van artificial intelligence in de
gezondheidszorg
AI in de gezondheidszorg is nog maar net begonnen.
Investeringen in artificial intelligence (AI)
groeien in elke sector, maar vooral in de
gezondheidszorg. De AI-financiering in de
gezondheidszorg staat op een historisch hoog
niveau, wat bevestigt dat de zorgsector een
van de koplopers in het AI-onderzoek is
geworden. Verschillende onderzoeken tonen
aan dat de potentiële voordelen voor de sector
enorm zijn. Volgens onderzoek dat we in 2017
hebben afgesloten, zou het gebruik van AI voor
de preventie, de diagnose en de behandeling
van slechts drie veel voorkomende
aandoeningen (obesitas bij kinderen, dementie
en borstkanker) de komende tien jaar een
kostenbesparing van meer dan 170 miljard euro
kunnen opleveren, terwijl de toegang tot en de
Download het rapport
(PDF, 1 mb)


PwC NL
Actueel en publicaties
Diensten en sectoren
Publieke sector
Adoptie van artificial intellig
10/29/25, 8:33 PM
Adoptie van artificial intelligence in de gezondheidszorg - Publieke sector - Marktsectoren - PwC
https://www.pwc.nl/nl/actueel-en-publicaties/diensten-en-sectoren/publieke-sector/adoptie-van-artificial-intelligence-in-de-gezondheidszorg.html
1/9

beschikbaarheid van tijdige zorg verbetert. Het
potentieel is enorm, maar de goedkeuring van
AI-toepassingen is vrij traag van start gegaan. 
Uitdagingen volgens belanghebbenden in de gezondheidszorg in
Nederland
De data-uitdaging
De data-uitdaging
De beschikbaarheid van data is van fundamenteel belang voor de ontwikkeling en het
gebruik van AI-toepassingen. De interoperabiliteit van gegevens is een van de meest
kritische uitdagingen voor AI in de gezondheidszorg. Sommige ontwikkelingen, zoals
een Europees elektronisch platform voor de uitwisseling van gezondheidsdossiers
voor EU-landen, zijn een stap in de goede richting, maar er moet nog veel meer
worden gedaan. Andere datagerelateerde kwesties - zoals wie de eigenaar is van
patiëntengegevenssystemen in ziekenhuizen - zijn even belangrijk. Om de weg naar
een op AI gebaseerde toekomst te leiden, moeten de eigenaren van dergelijke
systemen vertrouwd zijn met het potentieel van data - en niet alleen met de
traditionele toepassingen ervan - om meer innovatie mogelijk te maken.
10/29/25, 8:33 PM
Adoptie van artificial intelligence in de gezondheidszorg - Publieke sector - Marktsectoren - PwC
https://www.pwc.nl/nl/actueel-en-publicaties/diensten-en-sectoren/publieke-sector/adoptie-van-artificial-intelligence-in-de-gezondheidszorg.html
2/9

De mentaliteitskloof
Fouten in de coördinatie
De mentaliteitskloof
Op AI gebaseerde tools zijn lang zwarte dozen gebleven, niet alleen voor patiënten,
maar ook voor artsen en andere zorgprofessionals. Het percentage medische
professionals dat over de vaardigheden beschikt die nodig zijn om de hulpmiddelen
volledig te begrijpen, blijft klein. Dat belemmert de invoering van AI in de
gezondheidszorg. Daarnaast is het van vitaal belang om de mentaliteit te hebben om
voorrang te geven aan innovatie. Het is vaak moeilijk om medische professionals aan
tafel te krijgen die prioriteit geven aan de adoptie van nieuwe technologieën, alleen al
vanwege het feit dat hun prioriteiten liggen in de dagelijkse zorgverlening.
Fouten in de coördinatie
Gezien de onbekendheid met AI, die waarschijnlijk niet snel zal verdwijnen, is co-
creatie misschien wel de enige manier om vertrouwen en transparantie te garanderen.
Marktcoördinatie is een eerste vereiste om ervoor te zorgen dat de investeringen
doeltreffend worden gedaan, maar momenteel is het AI-onderzoek in de Europese
Unie (EU) nogal versnipperd. Er is nog geen duidelijk ecosysteem waarneembaar.
10/29/25, 8:33 PM
Adoptie van artificial intelligence in de gezondheidszorg - Publieke sector - Marktsectoren - PwC
https://www.pwc.nl/nl/actueel-en-publicaties/diensten-en-sectoren/publieke-sector/adoptie-van-artificial-intelligence-in-de-gezondheidszorg.html
3/9

Betalings- en beloningsmodellen
Naast co-creatie en AI-ontwikkeling is het net zo belangrijk om een gecoördineerde
verspreidingsstrategie van de overheid te hebben, die uiteenzet hoe de invoering van
AI-instrumenten van grote ziekenhuizen naar kleinere ziekenhuizen zal verschuiven.
Betalings- en beloningsmodellen
De bestaande betaalsystemen - waarin zorgverleners grotendeels worden betaald via
een fee-for-service - sluiten niet goed aan bij de doelstellingen van AI. Deze
betaalsystemen stimuleren het maximaliseren van het aantal patiënten, terwijl AI
gericht is op het creëren van meerwaarde door het verbeteren van de
gezondheidsresultaten. Met andere woorden, de toegevoegde waarde die AI
genereert in de gezondheidszorg moet directer financieel worden beloond, door
geleidelijk over te stappen op waardegerichte gezondheidszorg.
 
10/29/25, 8:33 PM
Adoptie van artificial intelligence in de gezondheidszorg - Publieke sector - Marktsectoren - PwC
https://www.pwc.nl/nl/actueel-en-publicaties/diensten-en-sectoren/publieke-sector/adoptie-van-artificial-intelligence-in-de-gezondheidszorg.html
4/9

Vaststelling van prioriteiten voor de uitvoering
De ontwikkeling van AI voor gezondheidstoepassingen vertraagt niet. Met het oog op
de technische ontwikkelingen is het belangrijk om prioriteiten te stellen om gelijktijdige
toepassingen in de gezondheidszorg mogelijk te maken. We benadrukken dat we ons
moeten concentreren op lokale uitdagingen en tegelijkertijd adoptiestrategieën voor
de EU moeten ontwikkelen.


1. Een nationaal
gecoördineerde strategie
voor AI in de
gezondheidszorg
2. Prioriteit aan
toepassingen op basis van
de behoefte en het gemak
van adoptie
3. Dataproblemen
dringend aanpakken
1. Een nationaal gecoördineerde strategie voor AI in de
gezondheidszorg
10/29/25, 8:33 PM
Adoptie van artificial intelligence in de gezondheidszorg - Publieke sector - Marktsectoren - PwC
https://www.pwc.nl/nl/actueel-en-publicaties/diensten-en-sectoren/publieke-sector/adoptie-van-artificial-intelligence-in-de-gezondheidszorg.html
5/9

Hoewel er verschillende inspanningen zijn
geleverd om een nationale strategie voor AI te
ontwikkelen, is er meer coördinatie tussen de
belanghebbenden in het land nodig om te
zorgen voor een brede acceptatie. Op
macroniveau is samenwerking tussen Europese
en multinationale beleidslijnen en programma's
ook van vitaal belang voor de ontwikkeling van
een strategie die een naadloze toepassing van
AI voor de gezondheidszorg mogelijk maakt en
in de hele regio toegankelijk is.
Gerelateerde content
Gezondheidszorg
Nederlanders maken zich steeds meer zorgen over de betaalbaarheid en kwaliteit van de zorg, zo blijkt uit
recent onderzoek van het Sociaal Cultureel Planbureau....
Download
From potential to performance 
AI adoption challenges for healthcare in the Netherlands
10/29/25, 8:33 PM
Adoptie van artificial intelligence in de gezondheidszorg - Publieke sector - Marktsectoren - PwC
https://www.pwc.nl/nl/actueel-en-publicaties/diensten-en-sectoren/publieke-sector/adoptie-van-artificial-intelligence-in-de-gezondheidszorg.html
6/9

Privacy & data bescherming digitalisering gezondheidszorg
Organisaties in de gezondheidszorg zijn onderhevig aan (digitale) veranderingen. Welke uitdagingen staat uw
als het gaat om privacy & data beveiliging?
Contact
E-mailadres
Jan Willem Velthuijsen
Energy Transition Economist, PwC Netherlands
Tel: +31 (0)62 248 32 93
E-mailadres
Willeke Bakker
Partner, Consulting Lead, Ministerie van Volksgezondheid, Welzijn en Sport,
PwC Netherlands
Tel: +31 (0)61 089 31 82
We unite expertise and tech
so you can
outthink, outpace and outperform
10/29/25, 8:33 PM
Adoptie van artificial intelligence in de gezondheidszorg - Publieke sector - Marktsectoren - PwC
https://www.pwc.nl/nl/actueel-en-publicaties/diensten-en-sectoren/publieke-sector/adoptie-van-artificial-intelligence-in-de-gezondheidszorg.html
7/9

See how 
Onze
diensten
Audit &
Assurance
Consulting
Corporate
Governance
Deals
Duurzaamheid
Forensic
Services
Landendesks
Thema's
Cybersecurity
Data analytics
De toekomst
van werk
Transformatie
Economic
Office
Economische
veerkracht
Future of
Finance
Marktsectoren
AgriFood
Asset &
Wealth
Management
Automotive
Banken
Bouw
Chemie
Energie en
utilities
Entertainment
en media
Pensioenen
Pharma & Life
Sciences
Private Equity
Publieke
Sector
Retail &
consumer
Technologie
Telecom
Transport en
logistiek
Onze
organisatie
Raad van
Bestuur
Raad van
Commissarissen
Jaarbericht en
transparantieverslag
Line of
Service
boards
Governance
Fiscale
strategie PwC
Werken
bij PwC
Perscentrum
Kantoren
Evenemente
10/29/25, 8:33 PM
Adoptie van artificial intelligence in de gezondheidszorg - Publieke sector - Marktsectoren - PwC
https://www.pwc.nl/nl/actueel-en-publicaties/diensten-en-sectoren/publieke-sector/adoptie-van-artificial-intelligence-in-de-gezondheidszorg.html
8/9

Legal
Business
Solutions
PwC's
Academy
Tax
Workforce
Risk &
regulation
Sustainability
Waardecreatie
Actueel
en
publicaties
Blogs
Inzake
Belastingnieuws
Aanmelden
voor PwC
nieuwsbrieven
Update uw
nieuwsbrief
voorkeuren
Familiebedrijven
Financiële
sector
Investment
management
Maakindustrie
Vastgoed
Verzekeraars
Zakelijke
dienstverlening
Nederland
PwC Europe
Ons
internationale
netwerk
Purpose en
waarden
Diversiteit
Corporate
Sustainability
Public &
Regulatory
Affairs
Sponsoring
Alumni
Contact
© 2015 - 2025 PwC. Alle rechten voorbehouden. 'PwC' verwijst naar de juridische entiteiten zoals
omschreven in de legal disclaimer. Zie daarvoor onderstaande link.
Privacybeleid
 Legal disclaimer
 Algemene voorwaarden
 Over site provider
E-mail webmaster
 Sitemap
 Cookies
 Gedragscode en Meldings- & Klokkenluidersregeling
10/29/25, 8:33 PM
Adoptie van artificial intelligence in de gezondheidszorg - Publieke sector - Marktsectoren - PwC
https://www.pwc.nl/nl/actueel-en-publicaties/diensten-en-sectoren/publieke-sector/adoptie-van-artificial-intelligence-in-de-gezondheidszorg.html
9/9
",yes,['artificial intelligence'],"['ai', 'artificial intelligence']","['artificial intelligence', 'ai']",1,35,[],"Adoptie van artificial intelligence in de
gezondheidszorg
AI in de gezondheidszorg is nog maar net begonnen.
Investeringen in artificial intelligence (AI)
groeien in elke sector, maar vooral in de
gezondheidszorg. De AI-financiering in de
gezondheidszorg staat op een historisch hoog
niveau, wat bevestigt dat de zorgsector een
van de koplopers in het AI-onderzoek is
geworden. Verschillende onderzoeken tonen
aan dat de potentiële voordelen voor de sector
enorm zijn. Volgens onderzoek dat we in 2017
hebben afgesloten, zou het gebruik van AI voor
de preventie, de diagnose en de behandeling
van slechts drie veel voorkomende
aandoeningen (obesitas bij kinderen, dementie
en borstkanker) de komende tien jaar een
kostenbesparing van meer dan 170 tot en de
Download het rapport
(PDF, 1 mb)


PwC NL
Actueel en publicaties
Diensten en sectoren
Publieke sector
Adoptie van artificial intellig
10/29/25, 8:33 PM
Adoptie van artificial intelligence in de gezondheidszorg - Publieke sector - Marktsectoren - PwC
https://www.pwc.nl/nl/actueel-en-publicaties/diensten-en-sectoren/publieke-sector/adoptie-van-artificial-intelligence-in-de-gezondheidszorg.html
1/9

beschikbaarheid van tijdige zorg verbetert. Het
potentieel is enorm, maar de goedkeuring van
AI-toepassingen is vrij traag van start gegaan. 
Uitdagingen volgens belanghebbenden in de gezondheidszorg in
Nederland
De data-uitdaging
De data-uitdaging
De beschikbaarheid van data is van fundamenteel belang voor de ontwikkeling en het
gebruik van AI-toepassingen. De interoperabiliteit van gegevens is een van de meest
kritische uitdagingen voor AI in de gezondheidszorg. Sommige ontwikkelingen, zoals
een Europees elektronisch platform voor de uitwisseling van gezondheidsdossiers
voor EU-landen, zijn een stap in de goede richting, maar er moet nog veel meer
worden gedaan. Andere datagerelateerde kwesties - zoals wie de eigenaar is van
patiëntengegevenssystemen in ziekenhuizen - zijn even belangrijk. Om de weg naar
een op AI gebaseerde toekomst te leiden, moeten de eigenaren van dergelijke
systemen vertrouwd zijn met het potentieel van data - en niet alleen met de
traditionele toepassingen ervan - om meer innovatie mogelijk te maken.
10/29/25, 8:33 PM
Adoptie van artificial intelligence in de gezondheidszorg - Publieke sector - Marktsectoren - PwC
https://www.pwc.nl/nl/actueel-en-publicaties/diensten-en-sectoren/publieke-sector/adoptie-van-artificial-intelligence-in-de-gezondheidszorg.html
2/9

De mentaliteitskloof
Fouten in de coördinatie
De mentaliteitskloof
Op AI gebaseerde tools zijn lang zwarte dozen gebleven, niet alleen voor patiënten,
maar ook voor artsen en andere zorgprofessionals. Het percentage medische
professionals dat over de vaardigheden beschikt die nodig zijn om de hulpmiddelen
volledig te begrijpen, blijft klein. Dat belemmert de invoering van AI in de
gezondheidszorg. Daarnaast is het van vitaal belang om de mentaliteit te hebben om
voorrang te geven aan innovatie. Het is vaak moeilijk om medische professionals aan
tafel te die prioriteit geven aan de adoptie van nieuwe technologieën, alleen al
vanwege het feit dat hun prioriteiten liggen in de dagelijkse zorgverlening.
Fouten in de coördinatie
Gezien de onbekendheid met AI, die waarschijnlijk niet snel zal verdwijnen, is co-
creatie misschien wel de enige manier om vertrouwen en transparantie te garanderen.
Marktcoördinatie is een eerste vereiste om ervoor te zorgen dat de investeringen
doeltreffend worden gedaan, maar momenteel is het AI-onderzoek in de Europese
Unie (EU) nogal versnipperd. Er is nog geen duidelijk ecosysteem waarneembaar.
10/29/25, 8:33 PM
Adoptie van artificial intelligence in de gezondheidszorg - Publieke sector - Marktsectoren - PwC
https://www.pwc.nl/nl/actueel-en-publicaties/diensten-en-sectoren/publieke-sector/adoptie-van-artificial-intelligence-in-de-gezondheidszorg.html
3/9

Betalings- en beloningsmodellen
Naast co-creatie en AI-ontwikkeling is het net zo belangrijk om een gecoördineerde
verspreidingsstrategie van de overheid te hebben, die uiteenzet hoe de invoering van
AI-instrumenten van grote ziekenhuizen naar kleinere ziekenhuizen zal verschuiven.
Betalings- en beloningsmodellen
De bestaande betaalsystemen - waarin zorgverleners grotendeels worden betaald via
een fee-for-service - sluiten niet goed aan bij de doelstellingen van AI. Deze
betaalsystemen stimuleren het maximaliseren van het aantal patiënten, terwijl AI
gericht is op het creëren van meerwaarde door het verbeteren van de
gezondheidsresultaten. Met andere woorden, de toegevoegde waarde die AI
genereert in de gezondheidszorg moet directer financieel worden beloond, door
geleidelijk over te stappen op waardegerichte gezondheidszorg.
 
10/29/25, 8:33 PM
Adoptie van artificial intelligence in de gezondheidszorg - Publieke sector - Marktsectoren - PwC
https://www.pwc.nl/nl/actueel-en-publicaties/diensten-en-sectoren/publieke-sector/adoptie-van-artificial-intelligence-in-de-gezondheidszorg.html
4/9

Vaststelling van prioriteiten voor de uitvoering
De ontwikkeling van AI voor gezondheidstoepassingen vertraagt niet. Met het oog op
de technische ontwikkelingen is het belangrijk om prioriteiten te stellen om gelijktijdige
toepassingen in de gezondheidszorg mogelijk te maken. We benadrukken dat we ons
moeten concentreren op lokale uitdagingen en tegelijkertijd adoptiestrategieën voor
de EU moeten ontwikkelen.


1. Een nationaal
gecoördineerde strategie
voor AI in de
gezondheidszorg
2. Prioriteit aan
toepassingen op basis van
de behoefte en het gemak
van adoptie
3. Dataproblemen
dringend aanpakken
1. Een nationaal gecoördineerde strategie voor AI in de
gezondheidszorg
10/29/25, 8:33 PM
Adoptie van artificial intelligence in de gezondheidszorg - Publieke sector - Marktsectoren - PwC
https://www.pwc.nl/nl/actueel-en-publicaties/diensten-en-sectoren/publieke-sector/adoptie-van-artificial-intelligence-in-de-gezondheidszorg.html
5/9

Hoewel er verschillende inspanningen zijn
geleverd om een nationale strategie voor AI te
ontwikkelen, is er meer coördinatie tussen de
belanghebbenden in het land nodig om te
zorgen voor een brede acceptatie. Op
macroniveau is samenwerking tussen Europese
en multinationale beleidslijnen en programma's
ook van vitaal belang voor de ontwikkeling van
een strategie die een naadloze toepassing van
AI voor de gezondheidszorg mogelijk maakt en
in de hele regio toegankelijk is.
Gerelateerde content
Gezondheidszorg
Nederlanders maken zich steeds meer zorgen over de betaalbaarheid en kwaliteit van de zorg, zo blijkt uit
recent onderzoek van het Sociaal Cultureel Planbureau....
Download
From potential to performance 
AI adoption challenges for healthcare in the Netherlands
10/29/25, 8:33 PM
Adoptie van artificial intelligence in de gezondheidszorg - Publieke sector - Marktsectoren - PwC
https://www.pwc.nl/nl/actueel-en-publicaties/diensten-en-sectoren/publieke-sector/adoptie-van-artificial-intelligence-in-de-gezondheidszorg.html
6/9

Privacy & data bescherming digitalisering gezondheidszorg
Organisaties in de gezondheidszorg zijn onderhevig aan (digitale) veranderingen. Welke uitdagingen van Volksgezondheid, Welzijn en Sport,
PwC Netherlands
Tel: +31 (0)61 089 31 82
We unite expertise and tech
so you can
outthink, outpace and outperform
10/29/25, 8:33 PM
Adoptie van artificial intelligence in de gezondheidszorg - Publieke sector - Marktsectoren - PwC
https://www.pwc.nl/nl/actueel-en-publicaties/diensten-en-sectoren/publieke-sector/adoptie-van-artificial-intelligence-in-de-gezondheidszorg.html
7/9

See how 
Onze
diensten
Audit &
Assurance
Consulting
Corporate
Governance
Deals
Duurzaamheid
Forensic
Services
Landendesks
Thema's
Cybersecurity Onze
organisatie
Raad van
Bestuur
Raad van
Commissarissen
Jaarbericht en
transparantieverslag
Line of
Service
boards
Governance
Fiscale
strategie PwC
Werken
bij PwC
Perscentrum
Kantoren
Evenemente
10/29/25, 8:33 PM
Adoptie van artificial intelligence in de gezondheidszorg - Publieke sector - Marktsectoren - PwC
https://www.pwc.nl/nl/actueel-en-publicaties/diensten-en-sectoren/publieke-sector/adoptie-van-artificial-intelligence-in-de-gezondheidszorg.html
8/9

Legal
Business
Solutions
PwC's
Academy
Tax
Workforce
Risk &
regulation
Sustainability
Waardecreatie
Actueel
en
publicaties
Blogs
Inzake...","[(0, 746), (797, 3075), (3084, 7174), (7405, 7966), (8323, 8921)]",35,8280,1196,1399
52,pwc nl,AI-tool in strijd tegen online kindermisbruik - PwC.pdf,"Thema
02 okt 2023
In de aanpak van online kindermisbruik heeft Offlimits, de oprichter en
beheerder van het Nederlandse Meldpunt Kinderporno, de hulp
ingeschakeld van PwC. Samen met de ngo ontwikkelde PwC een tool die
met behulp van kunstmatige intelligentie (artificial intelligence, AI) de
meldingen van mogelijke kinderporno prioriteert. Zo kan Offlimits de
grote hoeveelheid meldingen efficiënter verwerken en neemt ook de
mentale werkdruk van de analisten af.
Samenwerking Offlimits en PwC: efficiëntere prioritering bij meldpunt
AI-tool in strijd tegen online kindermisbruik
Nog steeds veel kindermisbruik op internet
Meer dan 114.000 meldingen van online kindermisbruik
kwamen er in 2022 binnen bij het Nederlandse meldpunt.
Er is nog veel werk te verrichten om kindermisbruik
volledig te bannen van het internet. Offlimits, voorheen
Expertisebureau Online Kindermisbruik, doet dat onder
Share


PwC NL
Actueel en publicaties
Thema's
Digitalisering
AI-tool in strijd tegen online kindermisbruik
10/29/25, 8:35 PM
AI-tool in strijd tegen online kindermisbruik - PwC
https://www.pwc.nl/nl/actueel-en-publicaties/themas/digitalisering/ai-tool-in-strijd-tegen-online-kindermisbruik.html
1/10

meer door meldingen van (online) kindermisbruik via
anonieme tips en via samenwerking met externe partijen
te verzamelen.
‘Dagelijks krijgen we bij ons meldpunt duizenden
afbeeldingen en video’s binnen. Zes analisten bekijken
deze beelden afzonderlijk van elkaar om ze vervolgens
van de juiste labels te voorzien’, vertelt Arda Gerkens,
oud-bestuursvoorzitter van Offlimits en huidige
bestuursvoorzitter van Autoriteit Online Terroristisch en
Kinderpornografisch Materiaal. ‘Deze grote hoeveelheid
meldingen zorgt voor een hoge werkdruk. Daarnaast
zorgt de ernst van het beeldmateriaal voor mentale
werkdruk bij de analisten.’
De medewerkers van Offlimits analyseren en labelen de
meldingen, waarna ze verzoeken tot verwijdering
doorsturen naar de juiste autoriteiten als het inderdaad
illegaal materiaal betreft. Ook houdt Offlimits zich bezig
met de ondersteuning van mensen die online te maken
hebben (gehad) met grensoverschrijdend gedrag en
misbruik, in het bijzonder seksueel (kinder)misbruik en
uitbuiting.
Arda Gerkens
Flora Slager
10/29/25, 8:35 PM
AI-tool in strijd tegen online kindermisbruik - PwC
https://www.pwc.nl/nl/actueel-en-publicaties/themas/digitalisering/ai-tool-in-strijd-tegen-online-kindermisbruik.html
2/10

Gezamenlijke aanpak tegen online
verspreiding
Om de werkdruk te verlichten zou een adequate
prioritering kunnen helpen, bedacht Offlimits, waarna de
organisatie contact zocht met PwC. PwC zet zich al
enige tijd in tegen online kindermisbruik door
belangeloos samen te werken met ngo’s als Offlimits en
technologiepartners. In 2021 en 2022 werkten Offlimits
en PwC ook samen bij een groot onderzoek vanuit de
Europese Commissie in de aanpak tegen het online
verspreiden van ‘child sexual abuse material’ (CSAM).
Gerkens: ‘PwC kwam met ideeën over hoe we het
materiaal kunnen prioriteren. We waren net bezig met
ons workflowsysteem en hadden zelf al het idee dit met
AI te doen.’ Uiteindelijk werd de AI CSAM-tool
ontwikkeld. Door gebruik te maken van meerdere ‘deep
learning’-modellen krijgt de gerapporteerde afbeelding
automatisch labels, bijvoorbeeld het aantal personen op
de afbeelding, de leeftijd van de personen en de kans
dat er naaktheid aanwezig is op de afbeelding.
Tool als eerste analist
Offlimits is mede-ontwikkelaar van de ‘Sexual Child
Abuse Reporting’-tool (SCARt). De organisatie gebruikt
SCARt om automatisch alle afbeeldingen te downloaden
van de webpagina’s die zijn aangemeld en ze op een
overzichtelijke manier aan te bieden aan de analisten.
Door beide tools te koppelen, worden de afbeeldingen
vanuit SCARt nu automatisch voorzien van de labels uit
de AI CSAM-tool.
10/29/25, 8:35 PM
AI-tool in strijd tegen online kindermisbruik - PwC
https://www.pwc.nl/nl/actueel-en-publicaties/themas/digitalisering/ai-tool-in-strijd-tegen-online-kindermisbruik.html
3/10

‘Het voordeel van de tool werd vooral duidelijk tijdens
het testen’, vertelt Flora Slager, consultant data science
& analytics bij PwC en een van de ontwikkelaars van de
tool. ‘Ik herinner me dat een analist van Offlimits
meekeek toen hij me liet zien dat onze tool alle labels
correct had geïdentificeerd van een specifieke set
afbeeldingen. Op dat moment dacht ik: ‘Wauw, onze tool
kan echt dienen als de eerste analist in het proces en zo
dit belangrijke werk ondersteunen. Natuurlijk is elk
algoritme, vooral complexe deep learning methoden,
onderhevig aan biases. Daarom testen we onze
modellen voortdurend op verschillende scenario's en
passen we ze aan om consistente nauwkeurigheid te
garanderen.’
‘Bovendien illustreert dit project hoe PwC verschillende
mensen binnen de organisatie kan samenbrengen om
gezamenlijk impact te maken’, voegt Floor van Lieshout,
data analytics consultant bij PwC en mede-ontwikkelaar
van de tool toe. ‘Als nieuwe medewerker die net de
schoolbanken verlaten had, kwam ik bij dit project
meteen in een divers team terecht. Hier kreeg ik de kans
mijn opgedane vaardigheden tijdens mijn master
Artificial Intelligence direct in de praktijk te brengen. En
daarmee kon ik daadwerkelijk een aanvulling zijn op het
team van meer ervaren consultants.’
10/29/25, 8:35 PM
AI-tool in strijd tegen online kindermisbruik - PwC
https://www.pwc.nl/nl/actueel-en-publicaties/themas/digitalisering/ai-tool-in-strijd-tegen-online-kindermisbruik.html
4/10

Floor van Lieshout
Gerald Schaapman
Directe impact op de maatschappij
Gerald Schaapman, mede-ontwikkelaar van SCARt, is
ook positief over de samenwerking en het uiteindelijke
resultaat daarvan. ‘SCARt helpt bij het zogeheten
scrapen, maar Offlimits heeft een enorme hoeveelheid
verdacht materiaal die ze moet controleren. Met behulp
van de AI-module van PwC kan dit proces veel meer op
volgorde van relevantie.’
SCARt is verder in ontwikkeling en wordt als open
source beschikbaar gesteld aan andere hotlines in
Europa, onder meer in Denemarken, Roemenië,
Duitsland en Oostenrijk. Meerdere hotlines en andere
verwerkers hebben belangstelling. 
‘We zijn ongelooflijk trots op onze tool en samenwerking
met Offlimits’, besluit Flora Slager. ‘Het gebeurt niet
iedere dag dat we zo'n directe impact hebben op de
maatschappij. Ik ben bij dit project betrokken sinds ik bij
PwC begon. Wanneer ik mensen vertel over wat ik doe,
noem ik nog steeds dit project als het werk waarop ik
het meest trots ben.’
10/29/25, 8:35 PM
AI-tool in strijd tegen online kindermisbruik - PwC
https://www.pwc.nl/nl/actueel-en-publicaties/themas/digitalisering/ai-tool-in-strijd-tegen-online-kindermisbruik.html
5/10

Robbert Hoving, directeur-bestuurder van Offlimits, knikt
instemmend. ‘Deze samenwerking is voor mij een
toonbeeld van hoe wij moeten samenwerken met de
private sector, om zo samen te leren en te komen tot een
integrale aanpak van online kindermisbruik. Want ieder
kind heeft recht op een veilige jeugd.’
Nieuwsbrief
Meld je aan voor de PwC Update
Aanmelden
Gerelateerde content
Digital Markets Act legt digitale platforms aan banden
Nieuw reguleringsmechanisme, dat in 2023 in werking treedt, heeft gevolgen voor bedrijfsvoering digitale
platforms.
10/29/25, 8:35 PM
AI-tool in strijd tegen online kindermisbruik - PwC
https://www.pwc.nl/nl/actueel-en-publicaties/themas/digitalisering/ai-tool-in-strijd-tegen-online-kindermisbruik.html
6/10

Grondige herziening van regels voor onlineplatforms
Handhaving Digital Services Act vanaf begin 2024. Bereid u goed voor op de nieuwe verantwoordelijkheden
en verplichtingen in uw bedrijfsvoering.
Floreren in een platformeconomie - de weg naar een succesvol platform
De platformeconomie wordt gevoed door een wereldwijde dekking van internetverbindingen, de
mogelijkheden zijn eindeloos.
DAC7
DAC7, nieuwe regels voor fiscale transparantie voor digitale platforms, is aangenomen door de Europese
Commissie. De nieuwe regels zijn van toepassing vanaf 1...
10/29/25, 8:35 PM
AI-tool in strijd tegen online kindermisbruik - PwC
https://www.pwc.nl/nl/actueel-en-publicaties/themas/digitalisering/ai-tool-in-strijd-tegen-online-kindermisbruik.html
7/10

Contact us
Email
Jacques de Swart
Partner, PwC Netherlands
Tel: +31 (0)62 652 60 58
We unite expertise and tech
so you can
outthink, outpace and outperform
See how 
10/29/25, 8:35 PM
AI-tool in strijd tegen online kindermisbruik - PwC
https://www.pwc.nl/nl/actueel-en-publicaties/themas/digitalisering/ai-tool-in-strijd-tegen-online-kindermisbruik.html
8/10

Onze
diensten
Audit &
Assurance
Consulting
Corporate
Governance
Deals
Duurzaamheid
Forensic
Services
Landendesks
Legal
Business
Solutions
PwC's
Academy
Tax
Workforce
Thema's
Cybersecurity
Data analytics
De toekomst
van werk
Transformatie
Economic
Office
Economische
veerkracht
Future of
Finance
Risk &
regulation
Sustainability
Waardecreatie
Actueel
en
publicaties
Blogs
Inzake
Belastingnieuws
Aanmelden
voor PwC
nieuwsbrieven
Update uw
nieuwsbrief
voorkeuren
Marktsectoren
AgriFood
Asset &
Wealth
Management
Automotive
Banken
Bouw
Chemie
Energie en
utilities
Entertainment
en media
Familiebedrijven
Financiële
sector
Investment
management
Maakindustrie
Pensioenen
Pharma & Life
Sciences
Private Equity
Publieke
Sector
Retail &
consumer
Technologie
Telecom
Transport en
logistiek
Vastgoed
Verzekeraars
Zakelijke
dienstverlening
Onze
organisatie
Raad van
Bestuur
Raad van
Commissarissen
Jaarbericht en
transparantieverslag
Line of
Service
boards
Governance
Fiscale
strategie PwC
Nederland
PwC Europe
Ons
internationale
netwerk
Purpose en
waarden
Diversiteit
Corporate
Sustainability
Public &
Regulatory
Affairs
Sponsoring
Alumni
Werken
bij PwC
Perscentrum
Kantoren
Evenemente
Contact
10/29/25, 8:35 PM
AI-tool in strijd tegen online kindermisbruik - PwC
https://www.pwc.nl/nl/actueel-en-publicaties/themas/digitalisering/ai-tool-in-strijd-tegen-online-kindermisbruik.html
9/10

© 2015 - 2025 PwC. Alle rechten voorbehouden. 'PwC' verwijst naar de juridische entiteiten zoals
omschreven in de legal disclaimer. Zie daarvoor onderstaande link.
Privacybeleid
 Legal disclaimer
 Algemene voorwaarden
 Over site provider
E-mail webmaster
 Sitemap
 Cookies
 Gedragscode en Meldings- & Klokkenluidersregeling
10/29/25, 8:35 PM
AI-tool in strijd tegen online kindermisbruik - PwC
https://www.pwc.nl/nl/actueel-en-publicaties/themas/digitalisering/ai-tool-in-strijd-tegen-online-kindermisbruik.html
10/10
",yes,['ai'],"['ai', 'algoritme', 'artificial intelligence', 'deep learning', 'kunstmatige intelligentie']","['algoritme', 'kunstmatige intelligentie', 'ai', 'deep learning', 'artificial intelligence']",1,32,[],"...online kindermisbruik heeft Offlimits, de oprichter en
beheerder van het Nederlandse Meldpunt Kinderporno, de hulp
ingeschakeld van PwC. Samen met de ngo ontwikkelde PwC een tool die
met behulp van kunstmatige intelligentie (artificial intelligence, AI) de
meldingen van mogelijke kinderporno prioriteert. Zo kan Offlimits de
grote hoeveelheid meldingen efficiënter verwerken en neemt ook de
mentale werkdruk van de analisten af.
Samenwerking Offlimits en PwC: efficiëntere prioritering bij meldpunt
AI-tool in strijd tegen online kindermisbruik
Nog steeds veel kindermisbruik op internet
Meer dan 114.000 meldingen van online kindermisbruik
kwamen er in 2022 binnen bij het Nederlandse meldpunt.
Er is nog veel werk te verrichten om kindermisbruik
volledig te bannen van het internet. Offlimits, voorheen
Expertisebureau Online Kindermisbruik, doet dat onder
Share


PwC NL
Actueel en publicaties
Thema's
Digitalisering
AI-tool in strijd tegen online kindermisbruik
10/29/25, 8:35 PM
AI-tool in strijd tegen online kindermisbruik - PwC
https://www.pwc.nl/nl/actueel-en-publicaties/themas/digitalisering/ai-tool-in-strijd-tegen-online-kindermisbruik.html
1/10

meer door meldingen van (online) kindermisbruik via
anonieme tips en via samenwerking met externe partijen
te verzamelen.
‘Dagelijks krijgen we bij ons meldpunt duizenden
afbeeldingen en video’s binnen. Zes met de ondersteuning van mensen die online te maken
hebben (gehad) met grensoverschrijdend gedrag en
misbruik, in het bijzonder seksueel (kinder)misbruik en
uitbuiting.
Arda Gerkens
Flora Slager
10/29/25, 8:35 PM
AI-tool in strijd tegen online kindermisbruik - PwC
https://www.pwc.nl/nl/actueel-en-publicaties/themas/digitalisering/ai-tool-in-strijd-tegen-online-kindermisbruik.html
2/10

Gezamenlijke aanpak tegen online
verspreiding
Om de werkdruk te verlichten zou een adequate
prioritering kunnen helpen, bedacht Offlimits, waarna de
organisatie contact zocht met PwC. PwC zet zich al abuse material’ (CSAM).
Gerkens: ‘PwC kwam met ideeën over hoe we het
materiaal kunnen prioriteren. We waren net bezig met
ons workflowsysteem en hadden zelf al het idee dit met
AI te doen.’ Uiteindelijk werd de AI CSAM-tool
ontwikkeld. Door gebruik te maken van meerdere ‘deep
learning’-modellen krijgt de gerapporteerde afbeelding
automatisch labels, bijvoorbeeld het aantal personen op
de afbeelding, de leeftijd van de personen en de en ze op een
overzichtelijke manier aan te bieden aan de analisten.
Door beide tools te koppelen, worden de afbeeldingen
vanuit SCARt nu automatisch voorzien van de labels uit
de AI CSAM-tool.
10/29/25, 8:35 PM
AI-tool in strijd tegen online kindermisbruik - PwC
https://www.pwc.nl/nl/actueel-en-publicaties/themas/digitalisering/ai-tool-in-strijd-tegen-online-kindermisbruik.html
3/10

‘Het voordeel van de tool werd vooral duidelijk tijdens
het testen’, vertelt Flora Slager, consultant data science
& analytics bij PwC en een van de ontwikkelaars van de
tool....","[(35, 741), (742, 1404), (2043, 2631), (2919, 3356), (3631, 4193)]",32,2965,456,1565
53,pwc nl,Artificial intelligence zorgt voor nieuwe vraagstukken - PwC.pdf,"Casestudie
07 aug 2023
Met de recente ontwikkelingen op het gebied van kunstmatige
intelligentie (AI) is een disruptieve vorm van innovatie voor organisaties
binnen handbereik gekomen. Voor organisaties is het daarom belangrijk
dat er verantwoord met AI wordt omgegaan, ook wel ‘Responsible AI’
genoemd.
PwC’s RAISE helpt organisaties om veilig te innoveren
Artificial intelligence zorgt voor nieuwe vraagstukken
Daarom organiseerden PwC’ers Mona de Boer (expert
AI) en Joram Knigge van innovatieplatform Morgen 2.0
een innovatiesprint van twee weken, waarin PwC’ers
vanuit verschillende expertises met organisaties spraken
over hun AI-uitdagingen. Uiteindelijk werd de
‘Responsible AI Innovation Simulation Experience’
(RAISE) bedacht. RAISE helpt organisaties op weg om te
leren veilig te innoveren.
Share


PwC NL
Actueel en publicaties
Thema's
Digitalisering
Artificial intelligence zorgt voor nieuwe vra
10/29/25, 8:34 PM
Artificial intelligence zorgt voor nieuwe vraagstukken - PwC
https://www.pwc.nl/nl/actueel-en-publicaties/themas/digitalisering/artificial-intelligence-zorgt-voor-nieuwe-vraagstukken.html
1/9

‘Iedereen nodig om RAISE te bedenken’
Voordat RAISE werd bedacht, spraken de deelnemende
PwC'ers in de eerste week met klanten over hun
uitdagingen met betrekking tot het innoveren met AI. De
Boer stelde de teams voor dit traject samen. De Boer:
‘Tijdens het project focuste ik me op de inhoudelijke kant
en stimuleerde ik kennisdeling met en tussen  de
deelnemers. Uiteindelijk hadden we iedereen even hard
nodig om RAISE te bedenken’.
‘Als deelnemer had je soms je blokkades of blinde
vlekken. Dan was het heel prettig dat het project werd
afgewisseld door interventies van Joram. Hij kon ons
triggeren door een prikkelende vraag in de groep te
gooien, waardoor we uiteindelijk een stap dichter bij de
oplossing kwamen.’
Thermometer van de groep
Joram Knigge werkt voor Morgen 2.0 binnen PwC. Deze
afdeling houdt zich bezig met innovaties en probeert een
grote diversiteit aan mensen samen te brengen in
onverwachte combinaties, om zo tot vindingrijke
oplossingen te komen.
Knigge: ‘Waar Mona meer kijkt naar de inhoud, focus ik
me op de vorm. Ik ben er elk moment van het project bij
en zie mezelf als de thermometer van de groep. Ik vraag
regelmatig hoe het gaat, waar collega’s tegenaan lopen
en welke volgende stappen we kunnen nemen zodat we
10/29/25, 8:34 PM
Artificial intelligence zorgt voor nieuwe vraagstukken - PwC
https://www.pwc.nl/nl/actueel-en-publicaties/themas/digitalisering/artificial-intelligence-zorgt-voor-nieuwe-vraagstukken.html
2/9

richting een idee werken. Responsible AI is een nieuw
onderwerp voor klanten. Het is als het ware een andere
taal die je onder de knie moet krijgen’.
‘Responsible AI is een omvangrijk thema’
Organisaties uit verschillende sectoren waren bij dit
project betrokken. Zo waren bedrijven uit de bancaire-
en energiesector vertegenwoordigd, maar ook
gemeenten en uitzendorganisaties. Knigge: ‘Responsible
AI is een omvangrijk thema. We werken binnen PwC met
veel mensen die specifieke kennis hebben over
verschillende onderdelen van AI’.
‘Binnen dit project hebben onder meer collega’s met een
achtergrond in data science, ethiek, privacy, cyber en
risicomanagement met elkaar samengewerkt. Soms
hebben we ook om advies gevraagd buiten Nederland
en gekregen van collega’s uit de Verenigde Staten,
Verenigd Koninkrijk, Duitsland en Luxemburg’.
Wat is RAISE?
In de tweede week was het tijd om aan een oplossing te
werken. Uiteindelijk kwamen de deelnemers vanuit hun
gedeelde expertise tot een gezamenlijke oplossing,
genaamd RAISE. Knigge: ‘De bedoeling van RAISE is dat
een bedrijf verschillende disciplines vanuit de organisatie
uitnodigt. Vervolgens gaan deze deelnemers gezamenlijk
een halve dag door een reeks scenario's die betrekking
hebben op het verantwoordelijk ontwikkelen en
gebruiken van AI-toepassingen.’
10/29/25, 8:34 PM
Artificial intelligence zorgt voor nieuwe vraagstukken - PwC
https://www.pwc.nl/nl/actueel-en-publicaties/themas/digitalisering/artificial-intelligence-zorgt-voor-nieuwe-vraagstukken.html
3/9

‘De scenario’s gaan over alles wat hierbij komt kijken, en
hebben betrekking op onder andere datakwaliteit,
cybersecurity, privacy en ethiek. Verder kijken we welke
eisen je moet stellen aan mensen die met AI-systemen
gaan werken, want die systemen zullen nog niet
autonoom gaan opereren.’
Succesvolle pilot met RAISE
Inmiddels is de eerste pilot met RAISE gedraaid. Knigge:
‘We zijn bij een gemeente langs geweest voor een pilot.
Samen met medewerkers van de gemeente hebben we
gekeken naar een casus die gaat over het inzetten van
crowdmanagementsystemen bij het organiseren van een
groot sportevenement. De basis van de casus is hoe een
gemeente omgaat met een grote hoeveelheid mensen
die op een staf afkomt. We kijken naar hoe de
verschillende RAISE-deelnemers samenwerken en welke
bronnen van informatie ze inzetten.’
De Boer: ‘Bij het veilig organiseren van een groot
evenement in een stad komt veel kijken. Je kijkt naar
veiligheid en hoe je een grote groep in de gaten kunt
houden. We maken scenario’s vanuit de afwegingen die
relevant zijn bij het ontwikkelen van innovatieve en
verantwoorde AI-toepassingen, in dit geval dus
crowdmanagementsystemen’.
‘Echt een community of solvers’
Knigge: ‘Als je door de RAISE-methode heen loopt, kun
je elke beslissing op een bepaalde schaal nemen. In
onze scenario’s werken we niet met opties die strafbaar
10/29/25, 8:34 PM
Artificial intelligence zorgt voor nieuwe vraagstukken - PwC
https://www.pwc.nl/nl/actueel-en-publicaties/themas/digitalisering/artificial-intelligence-zorgt-voor-nieuwe-vraagstukken.html
4/9

of slecht zijn, maar de keuzes die je maakt, hebben wel
allemaal andere gevolgen. De bedoeling is dat je een
juiste balans creëert in je keuzes en dat Responsible AI
daardoor vorm krijgt.’ 
‘Aan het eind van de sessie krijgen de deelnemers een
score en kunnen ze kijken waar ze eventueel nog aan
moeten sleutelen. Een aantal medewerkers die met
elkaar samenwerkten, hadden elkaar nog nooit ontmoet.
Ze werken allemaal op verschillende afdelingen, maar we
hadden ze allemaal nodig vanwege hun specifieke
expertise in bepaalde disciplines.
Nieuwsbrief
Meld je aan voor de PwC Update
Aanmelden
Gerelateerde content
Belangrijke stap in richting verantwoord gebruik AI
10/29/25, 8:34 PM
Artificial intelligence zorgt voor nieuwe vraagstukken - PwC
https://www.pwc.nl/nl/actueel-en-publicaties/themas/digitalisering/artificial-intelligence-zorgt-voor-nieuwe-vraagstukken.html
5/9

De komende AI Act moet zorgen voor een verantwoord gebruik van AI. Maar kijk uit voor de valkuilen,
waarschuwt PwC-expert Mona de Boer.
Responsible AI
AI-systemen opereren steeds autonomer en slimmer. Via ‘Responsible AI’ kunt u AI op een zorgvuldige,
verantwoorde en veilige manier gebruiken. Lees hier hoe.
Artificial intelligence
De koplopers van straks zijn de AI-adopters van nu. Wilt u meer weten over AI? Neem contact met ons op.
Transformatie
10/29/25, 8:34 PM
Artificial intelligence zorgt voor nieuwe vraagstukken - PwC
https://www.pwc.nl/nl/actueel-en-publicaties/themas/digitalisering/artificial-intelligence-zorgt-voor-nieuwe-vraagstukken.html
6/9

Vernieuwen zonder technologie is ondenkbaar. Wilt u meer weten over digitale transformatie? Neem contact
met ons op.
Contact us
Email
Mona de Boer
Partner, Data & Artificial Intelligence, PwC Netherlands
Tel: +31 (0)61 088 18 59
We unite expertise and tech
so you can
outthink, outpace and outperform
See how 
10/29/25, 8:34 PM
Artificial intelligence zorgt voor nieuwe vraagstukken - PwC
https://www.pwc.nl/nl/actueel-en-publicaties/themas/digitalisering/artificial-intelligence-zorgt-voor-nieuwe-vraagstukken.html
7/9

Onze
diensten
Audit &
Assurance
Consulting
Corporate
Governance
Deals
Duurzaamheid
Forensic
Services
Landendesks
Legal
Business
Solutions
PwC's
Academy
Tax
Workforce
Thema's
Cybersecurity
Data analytics
De toekomst
van werk
Transformatie
Economic
Office
Economische
veerkracht
Future of
Finance
Risk &
regulation
Sustainability
Waardecreatie
Actueel
en
publicaties
Blogs
Inzake
Belastingnieuws
Aanmelden
voor PwC
nieuwsbrieven
Marktsectoren
AgriFood
Asset &
Wealth
Management
Automotive
Banken
Bouw
Chemie
Energie en
utilities
Entertainment
en media
Familiebedrijven
Financiële
sector
Investment
management
Maakindustrie
Pensioenen
Pharma & Life
Sciences
Private Equity
Publieke
Sector
Retail &
consumer
Technologie
Telecom
Transport en
logistiek
Vastgoed
Verzekeraars
Zakelijke
dienstverlening
Onze
organisatie
Raad van
Bestuur
Raad van
Commissarissen
Jaarbericht en
transparantieverslag
Line of
Service
boards
Governance
Fiscale
strategie PwC
Nederland
PwC Europe
Ons
internationale
netwerk
Purpose en
waarden
Diversiteit
Corporate
Sustainability
Public &
Regulatory
Affairs
Sponsoring
Werken
bij PwC
Perscentrum
Kantoren
Evenemente
Contact
10/29/25, 8:34 PM
Artificial intelligence zorgt voor nieuwe vraagstukken - PwC
https://www.pwc.nl/nl/actueel-en-publicaties/themas/digitalisering/artificial-intelligence-zorgt-voor-nieuwe-vraagstukken.html
8/9

Update uw
nieuwsbrief
voorkeuren
Alumni
© 2015 - 2025 PwC. Alle rechten voorbehouden. 'PwC' verwijst naar de juridische entiteiten zoals
omschreven in de legal disclaimer. Zie daarvoor onderstaande link.
Privacybeleid
 Legal disclaimer
 Algemene voorwaarden
 Over site provider
E-mail webmaster
 Sitemap
 Cookies
 Gedragscode en Meldings- & Klokkenluidersregeling
10/29/25, 8:34 PM
Artificial intelligence zorgt voor nieuwe vraagstukken - PwC
https://www.pwc.nl/nl/actueel-en-publicaties/themas/digitalisering/artificial-intelligence-zorgt-voor-nieuwe-vraagstukken.html
9/9
",yes,['artificial intelligence'],"['ai', 'artificial intelligence']","['artificial intelligence', 'ai']",1,36,[],"Casestudie
07 aug 2023
Met de recente ontwikkelingen op het gebied van kunstmatige
intelligentie (AI) is een disruptieve vorm van innovatie voor organisaties
binnen handbereik gekomen. Voor organisaties is het daarom belangrijk
dat er verantwoord met AI wordt omgegaan, ook wel ‘Responsible AI’
genoemd.
PwC’s RAISE helpt organisaties om veilig te innoveren
Artificial intelligence zorgt voor nieuwe vraagstukken
Daarom organiseerden PwC’ers Mona de Boer (expert
AI) en Joram Knigge van innovatieplatform Morgen 2.0
een innovatiesprint van twee weken, waarin PwC’ers
vanuit verschillende expertises met organisaties spraken
over hun AI-uitdagingen. Uiteindelijk werd de
‘Responsible AI Innovation Simulation Experience’
(RAISE) bedacht. RAISE helpt organisaties op weg om te
leren veilig te innoveren.
Share


PwC NL
Actueel en publicaties
Thema's
Digitalisering
Artificial intelligence zorgt voor nieuwe vra
10/29/25, 8:34 PM
Artificial intelligence zorgt voor nieuwe vraagstukken - PwC
https://www.pwc.nl/nl/actueel-en-publicaties/themas/digitalisering/artificial-intelligence-zorgt-voor-nieuwe-vraagstukken.html
1/9

‘Iedereen nodig om RAISE te bedenken’
Voordat RAISE werd bedacht, spraken de deelnemende
PwC'ers in de eerste week met klanten over hun
uitdagingen met betrekking tot het innoveren met AI. De
Boer stelde de teams voor dit traject samen. De Boer:
‘Tijdens het project focuste ik me op de inhoudelijke kant
en stimuleerde ik kennisdeling met en tussen  de
deelnemers. zie mezelf als de thermometer van de groep. Ik vraag
regelmatig hoe het gaat, waar collega’s tegenaan lopen
en welke volgende stappen we kunnen nemen zodat we
10/29/25, 8:34 PM
Artificial intelligence zorgt voor nieuwe vraagstukken - PwC
https://www.pwc.nl/nl/actueel-en-publicaties/themas/digitalisering/artificial-intelligence-zorgt-voor-nieuwe-vraagstukken.html
2/9

richting een idee werken. Responsible AI is een nieuw
onderwerp voor klanten. Het is als het ware een andere
taal die je onder de knie moet krijgen’.
‘Responsible AI is een omvangrijk thema’
Organisaties uit verschillende sectoren waren bij dit
project betrokken. Zo waren bedrijven uit de bancaire-
en energiesector vertegenwoordigd, maar ook
gemeenten en uitzendorganisaties. Knigge: ‘Responsible
AI is een omvangrijk thema. We werken binnen PwC met
veel mensen die specifieke kennis hebben over
verschillende onderdelen van AI’.
‘Binnen dit project hebben onder meer collega’s met een
achtergrond in data science, ethiek, privacy, cyber en
risicomanagement met elkaar samengewerkt. Soms
hebben we ook om advies gevraagd buiten Nederland een bedrijf verschillende disciplines vanuit de organisatie
uitnodigt. Vervolgens gaan deze deelnemers gezamenlijk
een halve dag door een reeks scenario's die betrekking
hebben op het verantwoordelijk ontwikkelen en
gebruiken van AI-toepassingen.’
10/29/25, 8:34 PM
Artificial intelligence zorgt voor nieuwe vraagstukken - PwC
https://www.pwc.nl/nl/actueel-en-publicaties/themas/digitalisering/artificial-intelligence-zorgt-voor-nieuwe-vraagstukken.html
3/9

‘De scenario’s gaan over alles wat hierbij komt kijken, en
hebben betrekking op onder andere datakwaliteit,
cybersecurity, privacy en ethiek. Verder kijken we welke
eisen je moet stellen aan mensen die met AI-systemen
gaan werken, want die systemen zullen nog niet
autonoom gaan opereren.’
Succesvolle pilot met RAISE
Inmiddels is de eerste pilot met RAISE gedraaid. Knigge:
‘We zijn bij een gemeente langs kijkt naar
veiligheid en hoe je een grote groep in de gaten kunt
houden. We maken scenario’s vanuit de afwegingen die
relevant zijn bij het ontwikkelen van innovatieve en
verantwoorde AI-toepassingen, in dit geval dus
crowdmanagementsystemen’.
‘Echt een community of solvers’
Knigge: ‘Als je door de RAISE-methode heen loopt, kun
je elke beslissing op een bepaalde schaal nemen. In
onze scenario’s werken we niet met opties die strafbaar
10/29/25, 8:34 PM
Artificial intelligence zorgt voor nieuwe vraagstukken - PwC
https://www.pwc.nl/nl/actueel-en-publicaties/themas/digitalisering/artificial-intelligence-zorgt-voor-nieuwe-vraagstukken.html
4/9

of slecht zijn, maar de keuzes die je maakt, hebben wel
allemaal andere gevolgen. De bedoeling is dat je een
juiste balans creëert in je keuzes en dat Responsible AI
daardoor vorm krijgt.’ 
‘Aan het eind van de sessie krijgen de deelnemers een
score en kunnen ze kijken waar ze eventueel nog aan
moeten sleutelen. Een aantal medewerkers die met maar we
hadden ze allemaal nodig vanwege hun specifieke
expertise in bepaalde disciplines.
Nieuwsbrief
Meld je aan voor de PwC Update
Aanmelden
Gerelateerde content
Belangrijke stap in richting verantwoord gebruik AI
10/29/25, 8:34 PM
Artificial intelligence zorgt voor nieuwe vraagstukken - PwC
https://www.pwc.nl/nl/actueel-en-publicaties/themas/digitalisering/artificial-intelligence-zorgt-voor-nieuwe-vraagstukken.html
5/9

De komende AI Act moet zorgen voor een verantwoord gebruik van AI. Maar kijk uit voor de valkuilen,
waarschuwt PwC-expert Mona de Boer.
Responsible AI
AI-systemen opereren steeds autonomer en slimmer. Via ‘Responsible AI’ kunt u AI op een zorgvuldige,
verantwoorde en veilige manier gebruiken. Lees hier hoe.
Artificial intelligence
De koplopers van straks zijn de AI-adopters van nu. Wilt u meer weten over AI? Neem contact met ons op.
Transformatie
10/29/25, 8:34 PM
Artificial intelligence zorgt voor nieuwe vraagstukken - PwC
https://www.pwc.nl/nl/actueel-en-publicaties/themas/digitalisering/artificial-intelligence-zorgt-voor-nieuwe-vraagstukken.html
6/9

Vernieuwen zonder technologie is ondenkbaar. Wilt u meer weten over digitale transformatie? Neem contact
met ons op.
Contact us
Email
Mona de Boer
Partner, Data & Artificial Intelligence, PwC Netherlands
Tel: +31 (0)61 088 18 59
We unite expertise and tech
so you can
outthink, outpace and outperform
See how 
10/29/25, 8:34 PM
Artificial intelligence zorgt voor nieuwe vraagstukken - PwC
https://www.pwc.nl/nl/actueel-en-publicaties/themas/digitalisering/artificial-intelligence-zorgt-voor-nieuwe-vraagstukken.html
7/9

Onze
diensten
Audit &
Assurance
Consulting
Corporate
Governance
Deals
Duurzaamheid
Forensic
Services
Landendesks
Legal
Business
Solutions
PwC's
Academy
Tax
Workforce
Thema's...","[(0, 1487), (2212, 3321), (3646, 4511), (5023, 6016), (6119, 7903)]",37,6245,960,1448
54,pwc nl,"CEO’s zien grote kansen, maar ook risico’s in GenAI - 27e CEO Survey - PwC.pdf","Rapport
januari 2024
Het afgelopen jaar heeft slechts een minderheid van de CEO’s
generatieve AI (zoals ChatGPT) in de eigen organisatie doorgevoerd. Een
grote meerderheid verwacht echter dat deze vorm van kunstmatige
intelligentie grote invloed zal hebben op de manier waarop het bedrijf
opereert en geld verdient. Die verwachte impact van AI heeft zowel
betrekking op de kansen als de risico’s, zo blijkt uit PwC's 27e CEO
Survey.
PwC’s 27e CEO Survey
CEO’s zien grote kansen, maar ook risico’s in GenAI
Wereldwijd verwacht een groot aantal CEO’s al binnen een jaar te profiteren van
voordelen van GenAI zoals een verhoging van de efficiëntie en de winstgevendheid.
De andere kant van de medaille is de zorg van CEO’s over mogelijke schade die
GenAI kan aanrichten. Vooral op het gebied van cybersecurity zien CEO’s de risico’s
stijgen: wereldwijd is dat 67 procent van de respondenten van de CEO Survey, in
Nederland is dat maar liefst 86 procent. 
Share
PwC’s 27e CEO Survey


PwC NL
Actueel en publicaties
Thema's
Economie
27e CEO Survey
CEO’s zien grote kansen, 
10/29/25, 8:36 PM
CEO’s zien grote kansen, maar ook risico’s in GenAI - 27e CEO Survey - PwC
https://www.pwc.nl/nl/actueel-en-publicaties/themas/economie/27e-ceo-survey/ceo-s-zien-grote-kansen-maar-ook-risicos-in-gen-ai.html
1/6

Opvallend is het hoge percentage van de CEO’s dat denkt dat de verspreiding van
desinformatie toeneemt door de komst van GenAI. Een derde van de CEO's verwacht
dat GenAI in de komende twaalf maanden vooroordelen zal vergroten ten opzichte
van specifieke groepen werknemers of klanten. Deze bevindingen onderstrepen de
noodzaak van een verantwoordelijke invoering van het gebruik van GenAI.
In welke mate zal generatieve AI in de komende twaalf maanden het volgende in
uw bedrijf vergroten?
CEO survey 2024 Mona
PwC’s 27e CEO Survey
10/29/25, 8:36 PM
CEO’s zien grote kansen, maar ook risico’s in GenAI - 27e CEO Survey - PwC
https://www.pwc.nl/nl/actueel-en-publicaties/themas/economie/27e-ceo-survey/ceo-s-zien-grote-kansen-maar-ook-risicos-in-gen-ai.html
2/6

In welke mate zal generatieve AI de komende twaalf
maanden de volgende risico's in uw bedrijf
vergroten?
13%
13%
13%
Personeelsbestand
Vooroordeel ('bias') tegen specifieke
​groepen klanten of medewerkers
Juridische aansprakelijkheid en
​reputatierisico's
Verspreiding van misinformatie
Cybersecurity-risico
0
10
20
PwC's 27e CEO Survey
Lees het volledige rapport met de wereldwijde resultaten
(PDF of 9.68MB)
Download
PwC’s 27e CEO Survey
10/29/25, 8:36 PM
CEO’s zien grote kansen, maar ook risico’s in GenAI - 27e CEO Survey - PwC
https://www.pwc.nl/nl/actueel-en-publicaties/themas/economie/27e-ceo-survey/ceo-s-zien-grote-kansen-maar-ook-risicos-in-gen-ai.html
3/6

Neem contact met ons op
Neem contact op
Gerelateerde content
Transformatie
Vernieuwen zonder technologie is
ondenkbaar. Wilt u meer weten over digitale
transformatie? Neem contact met ons op.
Contact us
Email
Mona de Boer
Partner, Data & Artificial Intelligence, PwC Netherlands
Tel: +31 (0)61 088 18 59
We unite expertise and tech
so you can
PwC’s 27e CEO Survey
10/29/25, 8:36 PM
CEO’s zien grote kansen, maar ook risico’s in GenAI - 27e CEO Survey - PwC
https://www.pwc.nl/nl/actueel-en-publicaties/themas/economie/27e-ceo-survey/ceo-s-zien-grote-kansen-maar-ook-risicos-in-gen-ai.html
4/6

outthink, outpace and outperform
See how 
Onze
diensten
Audit &
Assurance
Consulting
Corporate
Governance
Deals
Duurzaamheid
Forensic
Services
Thema's
Cybersecurity
Data analytics
De toekomst
van werk
Transformatie
Economic
Office
Economische
veerkracht
Marktsectoren
AgriFood
Asset &
Wealth
Management
Automotive
Banken
Bouw
Chemie
Energie en
utilities
Pensioenen
Pharma & Life
Sciences
Private Equity
Publieke
Sector
Retail &
consumer
Technologie
Telecom
Onze
organisatie
Raad van
Bestuur
Raad van
Commissarissen
Jaarbericht en
transparantieverslag
Line of
Service
boards
Governance
Werken
bij PwC
Perscentrum
Kantoren
Evenemente
PwC’s 27e CEO Survey
10/29/25, 8:36 PM
CEO’s zien grote kansen, maar ook risico’s in GenAI - 27e CEO Survey - PwC
https://www.pwc.nl/nl/actueel-en-publicaties/themas/economie/27e-ceo-survey/ceo-s-zien-grote-kansen-maar-ook-risicos-in-gen-ai.html
5/6

Landendesks
Legal
Business
Solutions
PwC's
Academy
Tax
Workforce
Future of
Finance
Risk &
regulation
Sustainability
Waardecreatie
Actueel
en
publicaties
Blogs
Inzake
Belastingnieuws
Aanmelden
voor PwC
nieuwsbrieven
Update uw
nieuwsbrief
voorkeuren
Entertainment
en media
Familiebedrijven
Financiële
sector
Investment
management
Maakindustrie
Transport en
logistiek
Vastgoed
Verzekeraars
Zakelijke
dienstverlening
Fiscale
strategie PwC
Nederland
PwC Europe
Ons
internationale
netwerk
Purpose en
waarden
Diversiteit
Corporate
Sustainability
Public &
Regulatory
Affairs
Sponsoring
Alumni
Contact
© 2015 - 2025 PwC. Alle rechten voorbehouden. 'PwC' verwijst naar de juridische entiteiten zoals
omschreven in de legal disclaimer. Zie daarvoor onderstaande link.
Privacybeleid
 Legal disclaimer
 Algemene voorwaarden
 Over site provider
E-mail webmaster
 Sitemap
 Cookies
 Gedragscode en Meldings- & Klokkenluidersregeling
PwC’s 27e CEO Survey
10/29/25, 8:36 PM
CEO’s zien grote kansen, maar ook risico’s in GenAI - 27e CEO Survey - PwC
https://www.pwc.nl/nl/actueel-en-publicaties/themas/economie/27e-ceo-survey/ceo-s-zien-grote-kansen-maar-ook-risicos-in-gen-ai.html
6/6
",yes,[],"['ai', 'artificial intelligence', 'chatgpt', 'generatieve ai']","['chatgpt', 'generatieve ai', 'artificial intelligence', 'ai']",0,12,[],"Rapport
januari 2024
Het afgelopen jaar heeft slechts een minderheid van de CEO’s
generatieve AI (zoals ChatGPT) in de eigen organisatie doorgevoerd. Een
grote meerderheid verwacht echter dat deze vorm van kunstmatige
intelligentie grote invloed zal hebben op de manier waarop het bedrijf
opereert en geld verdient. Die verwachte impact van AI heeft zowel
betrekking op de kansen als de risico’s, zo blijkt uit PwC's 27e CEO
Survey.
PwC’s 27e CEO Survey
CEO’s zien grote kansen, maar ook risico’s in GenAI
Wereldwijd Actueel en publicaties
Thema's
Economie
27e CEO Survey
CEO’s zien grote kansen, 
10/29/25, 8:36 PM
CEO’s zien grote kansen, maar ook risico’s in GenAI - 27e CEO Survey - PwC
https://www.pwc.nl/nl/actueel-en-publicaties/themas/economie/27e-ceo-survey/ceo-s-zien-grote-kansen-maar-ook-risicos-in-gen-ai.html
1/6

Opvallend is het hoge percentage van de CEO’s dat denkt dat de verspreiding van
desinformatie toeneemt door de komst van GenAI. Een derde van de CEO's verwacht
dat GenAI maanden vooroordelen zal vergroten ten opzichte
van specifieke groepen werknemers of klanten. Deze bevindingen onderstrepen de
noodzaak van een verantwoordelijke invoering van het gebruik van GenAI.
In welke mate zal generatieve AI in de komende twaalf maanden het volgende in
uw bedrijf vergroten?
CEO survey 2024 Mona
PwC’s 27e CEO Survey
10/29/25, 8:36 PM
CEO’s zien grote kansen, maar ook risico’s in GenAI - 27e CEO Survey - PwC
https://www.pwc.nl/nl/actueel-en-publicaties/themas/economie/27e-ceo-survey/ceo-s-zien-grote-kansen-maar-ook-risicos-in-gen-ai.html
2/6

In welke mate zal generatieve AI de komende twaalf
maanden de volgende risico's in uw bedrijf
vergroten?
13%
13%
13%
Personeelsbestand
Vooroordeel ('bias') tegen specifieke
​groepen klanten of medewerkers
Juridische aansprakelijkheid en
​reputatierisico's
Verspreiding van met de wereldwijde resultaten
(PDF of 9.68MB)
Download
PwC’s 27e CEO Survey
10/29/25, 8:36 PM
CEO’s zien grote kansen, maar ook risico’s in GenAI - 27e CEO Survey - PwC
https://www.pwc.nl/nl/actueel-en-publicaties/themas/economie/27e-ceo-survey/ceo-s-zien-grote-kansen-maar-ook-risicos-in-gen-ai.html
3/6

Neem contact met ons op
Neem contact op
Gerelateerde content
Transformatie
Vernieuwen zonder technologie is
ondenkbaar. Wilt u meer weten over digitale
transformatie? Neem contact met ons op.
Contact us
Email
Mona de Boer
Partner, Data & Artificial Intelligence, PwC Netherlands
Tel: +31 (0)61 088 18 59
We unite expertise and tech
so you can
PwC’s 27e CEO Survey
10/29/25, 8:36 PM
CEO’s zien grote kansen, maar ook risico’s in GenAI - 27e CEO Survey - PwC
https://www.pwc.nl/nl/actueel-en-publicaties/themas/economie/27e-ceo-survey/ceo-s-zien-grote-kansen-maar-ook-risicos-in-gen-ai.html
4/6

outthink, outpace and outperform
See how 
Onze
diensten
Audit &
Assurance
Consulting
Corporate
Governance
Deals
Duurzaamheid
Forensic
Services
Thema's
Cybersecurity
Data analytics
De toekomst
van werk
Transformatie
Economic
Office boards
Governance
Werken
bij PwC
Perscentrum
Kantoren
Evenemente
PwC’s 27e CEO Survey
10/29/25, 8:36 PM
CEO’s zien grote kansen, maar ook risico’s in GenAI - 27e CEO Survey - PwC
https://www.pwc.nl/nl/actueel-en-publicaties/themas/economie/27e-ceo-survey/ceo-s-zien-grote-kansen-maar-ook-risicos-in-gen-ai.html
5/6

Landendesks
Legal
Business
Solutions
PwC's
Academy
Tax
Workforce
Future of
Finance
Risk &
regulation
Sustainability
Waardecreatie
Actueel
en
publicaties
Blogs
Inzake
Belastingnieuws
Aanmelden
voor PwC
nieuwsbrieven
Update uw
nieuwsbrief...","[(0, 516), (990, 1470), (1492, 2335), (2427, 3557), (3894, 4446)]",12,3528,607,881
55,pwc nl,Hoe ziet artificial intelligence eruit in de Europese Unie in 2025 - Digitalisering - Actueel en publicaties - PwC.pdf,"De vele toekomsten van artificial
intelligence
Hoe ziet AI eruit in de EU in 2025?
Artificial intelligence (AI) is als de komst van
elektriciteit of het internet. Er zijn zoveel
toepassingen dat het moeilijk te voorspellen is
welke invloed deze technologie op ons leven
gaat krijgen. Deze toekomst hangt bovendien
niet alleen af van verdere technologische, maar
ook van politieke en maatschappelijke
ontwikkelingen.
Terwijl de Europese Unie en afzonderlijke
lidstaten bezig zijn met de gewenste
vormgeving van die toekomst, werken wij in
ons rapport ‘The many futures of AI’ vier
scenario’s uit van hoe AI in 2025 in de EU eruit
zou kunnen zien.
Download het rapport
Deze ‘extreme’ scenario’s zijn gebaseerd op
twee vragen of onzekerheden: zullen de
overheden de ontwikkeling van AI actief
stimuleren en sturen of zullen ze dat aan de
vrije markt overlaten? De tweede vraag heeft
betrekking op regelgeving: passen de


PwC NL
Actueel en publicaties
Thema's
Digitalisering
De vele toekomsten van artificial intelligenc
10/29/25, 8:33 PM
Hoe ziet artificial intelligence eruit in de Europese Unie in 2025 - Digitalisering - Actueel en publicaties - PwC
https://www.pwc.nl/nl/actueel-en-publicaties/themas/digitalisering/hoe-ziet-artificial-intelligence-eruit-in-de-eu-in-2025.html
1/10

overheden strikte regelgeving toe rond het
verzamelen van data, de ontwikkeling van
algoritmes en de marktmacht van grote
techbedrijven of geven ze de voorkeur aan
liberalere regelving die (mogelijk) leidt tot een
innovatief klimaat?
Het rapport laat zien dat de perfecte toekomst
voor AI niet bestaat. Het laat wel zien wat de
gevolgen zijn van keuzes die overheden make
en waarop bedrijven zich kunnen voorbereiden
Wie deze scenario's bekijkt, zal zien dat er
trade-offs gemaakt zullen worden en dat
verschillende niveaus van wetgeving
verschillende uitkomsten hebben op de
toekomst van AI. We komen niet met
antwoorden, maar we stellen de vraag: wat is
de gewenste uitkomst voor Europa?
Wat zijn de onzekerheden in de AI-toekomstscenario’s?
Strikte regelgeving of
focus op innovatie?
Actieve overheidspush of
marktgedreven AI?
Strikte regelgeving of focus op innovatie?
Download
‘The many futures of Artificial Intelligence’ 
Scenarios of what AI could look like in the EU by 2025.
10/29/25, 8:33 PM
Hoe ziet artificial intelligence eruit in de Europese Unie in 2025 - Digitalisering - Actueel en publicaties - PwC
https://www.pwc.nl/nl/actueel-en-publicaties/themas/digitalisering/hoe-ziet-artificial-intelligence-eruit-in-de-eu-in-2025.html
2/10

Hoe ontwikkelt de AVG (of GDPR) zich? Zullen regelgevers uitzonderingen
toestaan op de wet- en regelgeving om innovatie te stimuleren of leggen ze boetes
op? Ook als dat de mogelijkheden voor organisaties om te innoveren inperkt? 
Strikte of liberale regelgeving heeft onder andere betrekking op de regelgeving
rond het verzamelen van persoonsgegevens. De EU heeft met de invoering van de
Algemene verordening gegevensbescherming (AVG of GDPR) een ‘gouden
standaard’ gezet rondom de bescherming van privacy. Deze relatief jonge
wetgeving is echter nog niet uitgekristalliseerd. De AVG verplicht organisaties
bijvoorbeeld om een minimale hoeveelheid data te verzamelen en deze alleen te
gebruiken voor doelen die vooraf zijn gedefinieerd. Het is nu nog onduidelijk of er
in de toekomst uitzonderingen worden toegestaan op deze bepaling, bijvoorbeeld
voor specifieke innovaties die bijdragen aan het collectieve belang. Als de EU
vasthoudt aan een strikte interpretatie, begrenst dat de mogelijkheden van
organisaties om te innoveren met data. 
Zullen regelgevers meer toezicht gaan houden op het verzamelen en gebruiken
van data door grote technologiebedrijven? Zullen regelgevers als alternatief de
innovaties van start-ups stimuleren?
Publiek en politiek bekijken in toenemende mate de marktmacht van grote
Amerikaanse (en ook steeds meer Chinese) techbedrijven met een kritische blik. Of
het nu gaat om hun manier van marketing, dataverzameling of hun (vermeende)
negatieve invloed op de nationale veiligheid. Deze zogenoemde BigTechs zijn nu
nog de grote ‘drivers’ achter de ontwikkeling van AI. Wetgeving die de marktmacht
van BigTechs raakt, kan de ontwikkeling van artificial intelligence vertragen, vooral
als innovaties veel financieel en menselijk kapitaal vergen. Het kan er ook toe
leiden dat de markt afhankelijker wordt van start-ups.
10/29/25, 8:33 PM
Hoe ziet artificial intelligence eruit in de Europese Unie in 2025 - Digitalisering - Actueel en publicaties - PwC
https://www.pwc.nl/nl/actueel-en-publicaties/themas/digitalisering/hoe-ziet-artificial-intelligence-eruit-in-de-eu-in-2025.html
3/10

Scenario 1: voorbereiding ontmoet
kans (duurzame AI)
Langzamere ontwikkeling van AI als gevolg
van strengere regelgeving. Ontwikkeling
van AI-toepassingen gaat langzamer, maar
degene die uiteindelijk op de markt komen
zijn kansrijk.
De focus van de overheid bepaalt welke
toepassingen prioriteit krijgen en
gestimuleerd worden.
Omdat consumenten vertrouwen hebben in
applicaties, adopteren zij deze relatief
gemakkelijk.
Techbedrijven, inclusief start-ups,
concurreren met elkaar op basis van
dataveiligheid en dataprivacy.
Vergelijk met: Groot-Brittannië
Scenario 2: met het oog op de
beloning (groeigerichte AI)
Snelle groei van AI-toepassingen door een
overheid die innovatie en investeringen
pusht.
Overheidsbeleid bepaalt welke AI-
toepassingen prioriteit krijgen en soms zelf
welke beperkt of verboden worden.
10/29/25, 8:33 PM
Hoe ziet artificial intelligence eruit in de Europese Unie in 2025 - Digitalisering - Actueel en publicaties - PwC
https://www.pwc.nl/nl/actueel-en-publicaties/themas/digitalisering/hoe-ziet-artificial-intelligence-eruit-in-de-eu-in-2025.html
4/10

Tegelijkertijd ontwikkelen grote
techbedrijven en kleinere start-ups op grot
schaal commerciële applicaties.
Het vertrouwen van consumenten is
wankel, maar zowel overheid als
bedrijfsleven spannen zich in om dit
vertrouwen te behouden.
Vergelijk met: China
Scenario 3: snelle mislukking, snel
succes (experimentele AI)
Ontwikkeling AI versnelt door de grote
investeringen in veel AI-toepassingen door
grote techbedrijven, die kleinere start-ups
blijven overnemen.
Investeringen gaan in alle richtingen,
waarbij geldt dat vele applicaties
commercieel niet haalbaar zijn.
Grote bedrijven lobbyen zelf voor
regelgeving of doen aan zelfregulering om
het vertrouwen van de consumenten te
behouden.
Langzamere adoptie van AI-toepassingen
omdat consumenten in de EU gevoelig zijn
voor privacy-issues.
Vergelijk met: Verenigde Staten
10/29/25, 8:33 PM
Hoe ziet artificial intelligence eruit in de Europese Unie in 2025 - Digitalisering - Actueel en publicaties - PwC
https://www.pwc.nl/nl/actueel-en-publicaties/themas/digitalisering/hoe-ziet-artificial-intelligence-eruit-in-de-eu-in-2025.html
5/10

Scenario 4:
balanceeract (voorzichtige AI)
 
Langzamere ontwikkeling van AI vanwege
wettelijke beperkingen voor datagebruik en
controle op algoritmes.
Grote techbedrijven staan onder druk
omdat zij moeten voldoen aan richtlijnen
rond privacy en algoritmes en daardoor
moeite hebben met het terugverdienen van
hun investeringen.
Groeiende zorgen over de marktmacht van
de grote techbedrijven en druk op
overheden om grenzen te stellen aan de
manier waarop zij data verzamelen en
toepassen.
Adoptie van AI-toepassingen komt later da
verwacht op gang omdat het vertrouwen
van consumenten niet gemakkelijk te
winnen is. 
Vergelijk met: Nederland
Nieuwsbrief
Meld je aan voor de PwC Update
10/29/25, 8:33 PM
Hoe ziet artificial intelligence eruit in de Europese Unie in 2025 - Digitalisering - Actueel en publicaties - PwC
https://www.pwc.nl/nl/actueel-en-publicaties/themas/digitalisering/hoe-ziet-artificial-intelligence-eruit-in-de-eu-in-2025.html
6/10

Aanmelden
Gerelateerde content
Artificial intelligence
De koplopers van straks zijn de AI-adopters van nu. Wilt u meer weten over AI? Neem contact met ons op.
Adoptie van artificial intelligence in de gezondheidszorg
Investeringen in artificial intelligence (AI) groeien in elke sector, maar vooral in de gezondheidszorg. Lees over
de mogelijkheden.
10/29/25, 8:33 PM
Hoe ziet artificial intelligence eruit in de Europese Unie in 2025 - Digitalisering - Actueel en publicaties - PwC
https://www.pwc.nl/nl/actueel-en-publicaties/themas/digitalisering/hoe-ziet-artificial-intelligence-eruit-in-de-eu-in-2025.html
7/10

Zet gebruiker centraal bij het toepassen van artificial intelligence
PwC'er Mona de Boer raadt bestuurders aan AI-innovatie iteratief aan te pakken in multidisciplinaire teams,
en daarbij de eindgebruiker centraal te stellen.
Contact
E-mailadres
Jan Willem Velthuijsen
Chief economist PwC, PwC Netherlands
Tel: +31 (0)62 248 32 93
E-mailadres
Mona de Boer
Partner, Data & Artificial Intelligence, PwC Netherlands
Tel: +31 (0)61 088 18 59
We unite expertise and tech
so you can
outthink, outpace and outperform
10/29/25, 8:33 PM
Hoe ziet artificial intelligence eruit in de Europese Unie in 2025 - Digitalisering - Actueel en publicaties - PwC
https://www.pwc.nl/nl/actueel-en-publicaties/themas/digitalisering/hoe-ziet-artificial-intelligence-eruit-in-de-eu-in-2025.html
8/10

See how 
Onze
diensten
Audit &
Assurance
Consulting
Corporate
Governance
Deals
Duurzaamheid
Forensic
Services
Landendesks
Legal
Business
Thema's
Cybersecurity
Data analytics
De toekomst
van werk
Transformatie
Economic
Office
Economische
veerkracht
Future of
Finance
Risk &
regulation
Marktsectoren
AgriFood
Asset &
Wealth
Management
Automotive
Banken
Bouw
Chemie
Energie en
utilities
Entertainment
en media
Familiebedrijven
Pensioenen
Pharma & Life
Sciences
Private Equity
Publieke
Sector
Retail &
consumer
Technologie
Telecom
Transport en
logistiek
Vastgoed
Onze
organisatie
Raad van
Bestuur
Raad van
Commissarissen
Jaarbericht en
transparantieverslag
Line of
Service
boards
Governance
Fiscale
strategie PwC
Nederland
Werken
bij PwC
Perscentrum
Kantoren
Evenemente
Contact
10/29/25, 8:33 PM
Hoe ziet artificial intelligence eruit in de Europese Unie in 2025 - Digitalisering - Actueel en publicaties - PwC
https://www.pwc.nl/nl/actueel-en-publicaties/themas/digitalisering/hoe-ziet-artificial-intelligence-eruit-in-de-eu-in-2025.html
9/10

Solutions
PwC's
Academy
Tax
Workforce
Sustainability
Waardecreatie
Actueel
en
publicaties
Blogs
Inzake
Belastingnieuws
Aanmelden
voor PwC
nieuwsbrieven
Update uw
nieuwsbrief
voorkeuren
Financiële
sector
Investment
management
Maakindustrie
Verzekeraars
Zakelijke
dienstverlening
PwC Europe
Ons
internationale
netwerk
Purpose en
waarden
Diversiteit
Corporate
Sustainability
Public &
Regulatory
Affairs
Sponsoring
Alumni
© 2015 - 2025 PwC. Alle rechten voorbehouden. 'PwC' verwijst naar de juridische entiteiten zoals
omschreven in de legal disclaimer. Zie daarvoor onderstaande link.
Privacybeleid
 Legal disclaimer
 Algemene voorwaarden
 Over site provider
E-mail webmaster
 Sitemap
 Cookies
 Gedragscode en Meldings- & Klokkenluidersregeling
10/29/25, 8:33 PM
Hoe ziet artificial intelligence eruit in de Europese Unie in 2025 - Digitalisering - Actueel en publicaties - PwC
https://www.pwc.nl/nl/actueel-en-publicaties/themas/digitalisering/hoe-ziet-artificial-intelligence-eruit-in-de-eu-in-2025.html
10/10
",yes,['artificial intelligence'],"['ai', 'algoritmes', 'artificial intelligence']","['artificial intelligence', 'ai', 'algoritmes']",1,49,[],"De vele toekomsten van artificial
intelligence
Hoe ziet AI eruit in de EU in 2025?
Artificial intelligence (AI) is als de komst van
elektriciteit of het internet. Er zijn zoveel
toepassingen dat het moeilijk te voorspellen is
welke invloed deze technologie op ons leven
gaat krijgen. Deze toekomst van politieke en maatschappelijke
ontwikkelingen.
Terwijl de Europese Unie en afzonderlijke
lidstaten bezig zijn met de gewenste
vormgeving van die toekomst, werken wij in
ons rapport ‘The many futures of AI’ vier
scenario’s uit van hoe AI in 2025 in de EU eruit
zou kunnen zien.
Download het rapport
Deze ‘extreme’ scenario’s zijn gebaseerd op
twee vragen of onzekerheden: zullen de
overheden de ontwikkeling van AI actief
stimuleren en sturen of zullen ze dat aan de
vrije markt overlaten? De tweede vraag heeft
betrekking op regelgeving: passen de


PwC NL
Actueel en publicaties
Thema's
Digitalisering
De vele toekomsten van artificial intelligenc
10/29/25, 8:33 PM
Hoe ziet artificial intelligence eruit in de Europese Unie in 2025 - Digitalisering - Actueel en publicaties - PwC
https://www.pwc.nl/nl/actueel-en-publicaties/themas/digitalisering/hoe-ziet-artificial-intelligence-eruit-in-de-eu-in-2025.html
1/10

overheden strikte regelgeving toe rond het
verzamelen van data, de ontwikkeling van
algoritmes en de marktmacht van grote
techbedrijven of geven ze de voorkeur aan
liberalere regelving die (mogelijk) leidt tot een
innovatief klimaat?
Het rapport laat zien dat de perfecte toekomst
voor AI niet bestaat. Het laat wel zien wat de
gevolgen zijn van keuzes die overheden make
en waarop bedrijven zich kunnen voorbereiden
Wie deze scenario's bekijkt, zal zien dat er
trade-offs gemaakt zullen worden en dat
verschillende niveaus van wetgeving
verschillende uitkomsten hebben op de
toekomst van AI. We komen niet met
antwoorden, maar we stellen de vraag: wat is
de gewenste uitkomst voor Europa?
Wat zijn de onzekerheden in de AI-toekomstscenario’s?
Strikte regelgeving of
focus op innovatie?
Actieve overheidspush of
marktgedreven AI?
Strikte regelgeving of focus op innovatie?
Download
‘The many futures of Artificial Intelligence’ 
Scenarios of what AI could look like in the EU by 2025.
10/29/25, 8:33 PM
Hoe ziet artificial intelligence eruit in de Europese Unie in 2025 - Digitalisering - Actueel en publicaties - PwC
https://www.pwc.nl/nl/actueel-en-publicaties/themas/digitalisering/hoe-ziet-artificial-intelligence-eruit-in-de-eu-in-2025.html
2/10

Hoe ontwikkelt de AVG (of GDPR) zich? Zullen regelgevers uitzonderingen
toestaan op nu gaat om hun manier van marketing, dataverzameling of hun (vermeende)
negatieve invloed op de nationale veiligheid. Deze zogenoemde BigTechs zijn nu
nog de grote ‘drivers’ achter de ontwikkeling van AI. Wetgeving die de marktmacht
van BigTechs raakt, kan de ontwikkeling van artificial intelligence vertragen, vooral
als innovaties veel financieel en menselijk kapitaal vergen. Het kan er ook toe
leiden dat de markt afhankelijker wordt van start-ups.
10/29/25, 8:33 PM
Hoe ziet artificial intelligence eruit in de Europese Unie in 2025 - Digitalisering - Actueel en publicaties - PwC
https://www.pwc.nl/nl/actueel-en-publicaties/themas/digitalisering/hoe-ziet-artificial-intelligence-eruit-in-de-eu-in-2025.html
3/10

Scenario 1: voorbereiding ontmoet
kans (duurzame AI)
Langzamere ontwikkeling van AI als gevolg
van strengere regelgeving. Ontwikkeling
van AI-toepassingen gaat langzamer, maar
degene die uiteindelijk op de markt komen
zijn kansrijk.
De focus van de overheid bepaalt welke
toepassingen prioriteit krijgen en
gestimuleerd worden.
Omdat consumenten vertrouwen hebben in applicaties, adopteren zij deze relatief
gemakkelijk.
Techbedrijven, inclusief start-ups,
concurreren met elkaar op basis van
dataveiligheid en dataprivacy.
Vergelijk met: Groot-Brittannië
Scenario 2: met het oog op de
beloning (groeigerichte AI)
Snelle groei van AI-toepassingen door een
overheid die innovatie en investeringen
pusht.
Overheidsbeleid bepaalt welke AI-
toepassingen prioriteit krijgen en soms zelf
welke beperkt of verboden worden.
10/29/25, 8:33 PM
Hoe ziet artificial intelligence eruit in de Europese Unie in 2025 - Digitalisering - Actueel en publicaties - PwC
https://www.pwc.nl/nl/actueel-en-publicaties/themas/digitalisering/hoe-ziet-artificial-intelligence-eruit-in-de-eu-in-2025.html
4/10

Tegelijkertijd ontwikkelen grote
techbedrijven en kleinere start-ups op grot
schaal commerciële applicaties.
Het vertrouwen van consumenten is
wankel, maar zowel overheid als
bedrijfsleven spannen zich in om dit
vertrouwen te behouden.
Vergelijk met: China
Scenario 3: snelle mislukking, snel
succes (experimentele AI)
Ontwikkeling AI versnelt door de grote
investeringen in veel AI-toepassingen door
grote techbedrijven, die kleinere start-ups
blijven overnemen.
Investeringen gaan in alle richtingen,
waarbij geldt dat vele applicaties
commercieel niet haalbaar zijn.
Grote bedrijven lobbyen zelf voor
regelgeving of doen aan zelfregulering om
het vertrouwen van de consumenten te
behouden.
Langzamere adoptie van AI-toepassingen
omdat consumenten in de EU gevoelig zijn
voor privacy-issues.
Vergelijk met: Verenigde Staten
10/29/25, 8:33 PM
Hoe ziet artificial intelligence eruit in de Europese Unie in 2025 - Digitalisering - Actueel en publicaties - PwC
https://www.pwc.nl/nl/actueel-en-publicaties/themas/digitalisering/hoe-ziet-artificial-intelligence-eruit-in-de-eu-in-2025.html
5/10

Scenario 4:
balanceeract (voorzichtige AI)
 
Langzamere ontwikkeling van AI vanwege
wettelijke beperkingen voor datagebruik en
controle op algoritmes.
Grote techbedrijven staan onder druk
omdat zij moeten voldoen aan richtlijnen
rond privacy en algoritmes en daardoor
moeite hebben met het terugverdienen van
hun investeringen.
Groeiende zorgen over de marktmacht van
de grote techbedrijven en druk op
overheden om grenzen te stellen aan de
manier waarop zij data verzamelen en
toepassen.
Adoptie van AI-toepassingen komt later da
verwacht op gang omdat het vertrouwen
van consumenten niet gemakkelijk te
winnen is. 
Vergelijk met: Nederland
Nieuwsbrief
Meld je aan voor de PwC Update
10/29/25, 8:33 PM
Hoe ziet artificial intelligence eruit in de Europese Unie in 2025 - Digitalisering - Actueel en publicaties - PwC
https://www.pwc.nl/nl/actueel-en-publicaties/themas/digitalisering/hoe-ziet-artificial-intelligence-eruit-in-de-eu-in-2025.html
6/10

Aanmelden
Gerelateerde content
Artificial intelligence
De koplopers van straks zijn de AI-adopters van nu. Wilt u meer weten over AI? Neem contact met ons op.
Adoptie van artificial intelligence in de gezondheidszorg
Investeringen in artificial intelligence (AI) groeien in elke sector, maar vooral in de gezondheidszorg. Lees over
de mogelijkheden.
10/29/25, 8:33 PM
Hoe ziet artificial intelligence eruit in de Europese Unie in 2025 - Digitalisering - Actueel en publicaties - PwC
https://www.pwc.nl/nl/actueel-en-publicaties/themas/digitalisering/hoe-ziet-artificial-intelligence-eruit-in-de-eu-in-2025.html
7/10

Zet gebruiker centraal bij het toepassen van artificial intelligence
PwC'er Mona de Boer raadt bestuurders aan AI-innovatie iteratief aan te pakken in multidisciplinaire teams,
en daarbij de eindgebruiker centraal te stellen.
Contact
E-mailadres
Jan Willem Velthuijsen
Chief economist PwC, PwC Netherlands
Tel: +31 (0)62 248 32 93
E-mailadres
Mona de Boer
Partner, Data & Artificial Intelligence, PwC Netherlands
Tel: +31 (0)61 088 18 59
We unite expertise and tech
so you can
outthink, outpace and outperform
10/29/25, 8:33 PM
Hoe ziet artificial intelligence eruit in de Europese Unie in 2025 - Digitalisering - Actueel en publicaties - PwC
https://www.pwc.nl/nl/actueel-en-publicaties/themas/digitalisering/hoe-ziet-artificial-intelligence-eruit-in-de-eu-in-2025.html
8/10

See how 
Onze
diensten
Audit &
Assurance
Consulting
Corporate
Governance
Deals
Duurzaamheid Raad van
Bestuur
Raad van
Commissarissen
Jaarbericht en
transparantieverslag
Line of
Service
boards
Governance
Fiscale
strategie PwC
Nederland
Werken
bij PwC
Perscentrum
Kantoren
Evenemente
Contact
10/29/25, 8:33 PM
Hoe ziet artificial intelligence eruit in de Europese Unie in 2025 - Digitalisering - Actueel en publicaties - PwC
https://www.pwc.nl/nl/actueel-en-publicaties/themas/digitalisering/hoe-ziet-artificial-intelligence-eruit-in-de-eu-in-2025.html
9/10

Solutions
PwC's
Academy
Tax
Workforce
Sustainability
Waardecreatie
Actueel
en
publicaties
Blogs
Inzake...","[(0, 297), (366, 2622), (3933, 5020), (5021, 9267), (9752, 10319)]",49,8460,1298,1673
56,rabobank,"AI, gaat het wel goed_ - Rabobank.pdf","Opinie
AI, gaat het wel goed?
11 september 2019 14:05 RaboResearch
Otto Raspe
Hoofdeconoom en hoofd RaboResearch
Nederland, Economie en Duurzaamheid
Grote bedrijven willen dat het kabinet een 'nationaal actieplan' opstelt rond Artificial Intelligence.
Helaas zijn er veel andere bedrijven helemaal niet bezig met 'big data', laat staan met AI, schrijft
Rabo-econoom Otto Raspe.
10/29/25, 8:56 PM
AI, gaat het wel goed? - Rabobank
https://www.rabobank.nl/kennis/d011309860-ai-gaat-het-wel-goed
1/5

Grote bedrijven zoals Philips, IBM en Ahold luiden de noodklok. Nederland dreigt de boot te missen als
het gaat om de toepassing en ontwikkeling van kunstmatige intelligentie; beter bekend onder de
Engelse term: Artificial Intelligence (AI). In een 
 roepen ze de regering op om met een
nationaal actieplan te komen. “Het is de hoogste tijd dat de Haagse politiek zich gaat mengen in de
wereldwijde wedloop rond kunstmatige intelligentie.”
Kort gezegd gaat AI over de technologie rond voorspelmachines, machines die ook leren van situaties
die zich nog gaan voordoen. Zelfrijdende voertuigen, betere diagnoses in de gezondheidszorg en
zelforganiserende productielijnen in industrie, het zijn maar een paar voorbeelden van AI. Het is dus
niet verwonderlijk dat AI van groot belang is voor onze toekomstige welvaart en welzijn. Niet iets waar
je als land op achterop wil raken.
Pakken bedrijven deze enorme potentie dan niet op? Om daar enigszins inzicht in te krijgen is het goed
om te kijken hoeveel bedrijven bezig zijn met de toepassing en ontwikkeling van big-data. Data en
informatie zijn immers de dingen waarmee de voorspelmachines worden gevoed. Als een bedrijf zijn
data niet op orde heeft, heeft het vaak weinig zin om met AI te beginnen. Big data is dus vaak een
voorwaarde voor AI. Wat blijkt? Ongeveer een vijfde van de bedrijven past big-data-analyses toe (figuur
1). En hoewel AI vaak als explosief groeiende doorbraaktechnologie wordt beschreven, de trend in big
data geeft geen groei weer. Eerder een lichte afname.
Bovendien zijn er tussen sectoren verschillen: de industrie, zelfs de kennisintensieve industrie, doet veel
minder aan data-science dan bijvoorbeeld de dienstensector. In de telecom en IT is het aandeel
bedrijven dat big-data-analyses uitvoert ongeveer 40 procent. Zij voeren samen met het
verzekeringswezen de lijstjes aan. De transportmiddelenindustrie (19 procent) en elektrische industrie
(22 procent) blijven daarbij achter. De gezondheidszorg is met 12 procent hekkensluiter. Hoewel de
voorbeelden die ik hierboven noemde juist over deze sectoren gaan, maken deze sectoren het tot op
heden dus nog niet waar.
De adoptie van big data lijkt te stagneren, wat een stormachtige groei van AI dus in de weg zit. Het gaat
niet vanzelf. En waarschijnlijk spelen hier 
. Bijvoorbeeld over het inschatten van de
kosten en baten van deze nieuwe technologie en de moeite die ze hebben om 
.
Wegen die hoge kosten op de korte termijn wel op tegen onzekere winsten op de lange termijn? En
komen deze winsten wel bij het ons, het bedrijf, terecht?
position paper
plausibele redenen
ICT-vacatures te vullen
10/29/25, 8:56 PM
AI, gaat het wel goed? - Rabobank
https://www.rabobank.nl/kennis/d011309860-ai-gaat-het-wel-goed
2/5

Bron: CBS, bewerking RaboResearch
Figuur 1: % bedrijven dat big-data-analyses heeft uitgevoerd, per hoofdsector
Het is mooi dat het kabinet wil investeren in AI in Nederland. Maar dat zal weinig zin hebben als het
bedrijfsleven geen prikkel heeft om deze technologie te adopteren en er mee te experimenteren. Hier
spelen dus niet alleen technische belemmeringen, maar ook bedrijfseconomische. Uiteindelijk is het
adopteren van AI dus ook maar een menselijke afweging.
Deze column is eerder verschenen op 
, 11 september 2019
RTL Z/Opinie
Disclaimer
De informatie en meningen in dit document zijn indicatief en alleen bedoeld voor discussiedoeleinden. Er kunnen
geen rechten worden ontleend aan de in dit document beschreven transacties en/of commerciële ideeën. Dit
document is uitsluitend bedoeld voor informatieve doeleinden en mag niet worden opgevat als aanbod,
uitnodiging of aanbeveling. Lees verder
10/29/25, 8:56 PM
AI, gaat het wel goed? - Rabobank
https://www.rabobank.nl/kennis/d011309860-ai-gaat-het-wel-goed
3/5

Zakelijke dienstverlening: van
urenfabriek naar outcome pricing
Zonder AI en digitalisering stagneert de
groei in de zakelijke dienstverlening. Wel is
een ander verdienmodel nodig: outcome
pricing. Lees hier meer.
28 oktober 2025
Productiviteitsverbetering bepaalt de
toekomst van de maakindustrie
Om te groeien en internationaal
concurrerend te blijven, zal de
arbeidsproductiviteit met wel 50% moeten
stijgen in 10 jaar tijd. In deze update
vertellen we hoe.
30 september 2025
Prinsjesdag 2025: stilte voor de
verkiezingsstorm
De Miljoenennota bevat dit jaar weinig
nieuw beleid. In deze editie ligt de nadruk
op koopkrachtverbetering en
begrotingsbeheersing en veel keuzes
worden doorgeschoven.
16 september 2025
RaboResearch
Lees ook
Laad meer
10/29/25, 8:56 PM
AI, gaat het wel goed? - Rabobank
https://www.rabobank.nl/kennis/d011309860-ai-gaat-het-wel-goed
4/5

10/29/25, 8:56 PM
AI, gaat het wel goed? - Rabobank
https://www.rabobank.nl/kennis/d011309860-ai-gaat-het-wel-goed
5/5
",yes,['ai'],"['ai', 'artificial intelligence', 'kunstmatige intelligentie']","['kunstmatige intelligentie', 'ibm', 'artificial intelligence', 'ai']",1,27,['ibm'],"Opinie
AI, gaat het wel goed?
11 september 2019 14:05 RaboResearch
Otto Raspe
Hoofdeconoom en hoofd RaboResearch
Nederland, Economie en Duurzaamheid
Grote bedrijven willen dat het kabinet een 'nationaal actieplan' opstelt rond Artificial Intelligence.
Helaas zijn er veel andere bedrijven helemaal niet bezig met 'big data', laat staan met AI, schrijft
Rabo-econoom Otto Raspe.
10/29/25, 8:56 PM
AI, gaat het wel goed? - Rabobank
https://www.rabobank.nl/kennis/d011309860-ai-gaat-het-wel-goed
1/5

Grote bedrijven zoals Philips, IBM en Ahold luiden de noodklok. Nederland dreigt de boot te missen als
het gaat om de toepassing en ontwikkeling van kunstmatige intelligentie; beter bekend onder de
Engelse term: Artificial Intelligence (AI). In een 
 roepen ze de regering op om met een
nationaal actieplan te komen. “Het is de hoogste tijd dat de Haagse politiek zich gaat mengen in de
wereldwijde wedloop rond kunstmatige intelligentie.”
Kort gezegd gaat AI over de technologie rond voorspelmachines, machines die ook leren van situaties
die zich nog gaan voordoen. Zelfrijdende voertuigen, betere diagnoses in de gezondheidszorg en
zelforganiserende productielijnen in industrie, het zijn maar een paar voorbeelden van AI. Het is dus
niet verwonderlijk dat AI van groot belang is voor onze toekomstige welvaart en welzijn. Niet iets waar
je als land op achterop wil raken.
Pakken bedrijven deze enorme potentie dan niet op? Om daar van big-data. Data en
informatie zijn immers de dingen waarmee de voorspelmachines worden gevoed. Als een bedrijf zijn
data niet op orde heeft, heeft het vaak weinig zin om met AI te beginnen. Big data is dus vaak een
voorwaarde voor AI. Wat blijkt? Ongeveer een vijfde van de bedrijven past big-data-analyses toe (figuur
1). En hoewel AI vaak als explosief groeiende doorbraaktechnologie wordt beschreven, de trend in big
data geeft geen groei weer. Eerder een lichte afname.
Bovendien zijn er tussen sectoren verschillen: de industrie, zelfs de noemde juist over deze sectoren gaan, maken deze sectoren het tot op
heden dus nog niet waar.
De adoptie van big data lijkt te stagneren, wat een stormachtige groei van AI dus in de weg zit. Het gaat
niet vanzelf. En waarschijnlijk spelen hier 
. Bijvoorbeeld over het inschatten van de
kosten en baten van deze nieuwe technologie en de moeite wel op tegen onzekere winsten op de lange termijn? En
komen deze winsten wel bij het ons, het bedrijf, terecht?
position paper
plausibele redenen
ICT-vacatures te vullen
10/29/25, 8:56 PM
AI, gaat het wel goed? - Rabobank
https://www.rabobank.nl/kennis/d011309860-ai-gaat-het-wel-goed
2/5

Bron: CBS, bewerking RaboResearch
Figuur 1: % bedrijven dat big-data-analyses heeft uitgevoerd, per hoofdsector
Het is mooi dat het kabinet wil investeren in AI in Nederland. Maar dat zal weinig zin hebben als het
bedrijfsleven geen prikkel heeft om deze technologie te adopteren en er mee te experimenteren. Hier
spelen dus niet alleen technische belemmeringen, maar ook bedrijfseconomische. Uiteindelijk is het
adopteren van AI dus ook maar een menselijke afweging.
Deze column is eerder verschenen op 
, 11 september 2019
RTL Z/Opinie
Disclaimer
De informatie en meningen in dit document zijn indicatief en alleen dit document beschreven transacties en/of commerciële ideeën. Dit
document is uitsluitend bedoeld voor informatieve doeleinden en mag niet worden opgevat als aanbod,
uitnodiging of aanbeveling. Lees verder
10/29/25, 8:56 PM
AI, gaat het wel goed? - Rabobank
https://www.rabobank.nl/kennis/d011309860-ai-gaat-het-wel-goed
3/5

Zakelijke dienstverlening: van
urenfabriek naar outcome pricing
Zonder AI en digitalisering stagneert de
groei in de zakelijke dienstverlening. Wel is
een ander verdienmodel nodig: outcome
pricing. Lees hier meer.
28 oktober 2025
Productiviteitsverbetering bepaalt de
toekomst van de maakindustrie...","[(0, 1432), (1553, 2099), (2551, 2894), (2957, 3863), (3947, 4570)]",28,3857,618,841
57,rabobank,Bedrijven die artificial intelligence niet omarmen zijn niet dom - Rabobank.pdf,"Onderzoek
Bedrijven die artificial intelligence niet
omarmen zijn niet dom
11 september 2019 17:09 RaboResearch
Jadé Dieteren
Econometrist
Sjoerd Hardeman
Senior-econoom
De potentie van Artificial Intelligence voor productiviteitsgroei is groot. Toch zien we dat de adoptie
van AI eerder af- dan toeneemt. Dit komt waarschijnlijk doordat de prijs van producten en
activiteiten die met AI samengaan ook stijgt.
10/29/25, 8:56 PM
Bedrijven die artificial intelligence niet omarmen zijn niet dom - Rabobank
https://www.rabobank.nl/kennis/d011310814-bedrijven-die-artificial-intelligence-niet-omarmen-zijn-niet-dom
1/7

In het kort
De potentie van Artificial Intelligence (AI) voor productiviteitsgroei is groot
Toch gaat de adoptie van AI niet vanzelf: zo is het gebruik van Big Data onder bedrijven, een
voorwaarde voor de adoptie van AI, het afgelopen jaar eerder af- dan toegenomen
Dat de adoptie van AI niet vanzelfsprekend is kan te maken hebben met het effect van een
toenemende AI-vraag op de prijs van data, vaardigheden en besluitvormingspraktijken die
noodzakelijk zijn voor AI
Net zoals de prijs van koffiemelk stijgt wanneer de vraag naar koffie toeneemt, zal bij een
toenemende vraag naar AI de prijs van noodzakelijke data, vaardigheden en
besluitvormingspraktijken ook stijgen
En terwijl de prijs van producten die met AI samengaan direct moeten worden opgehoest
door bedrijven die AI omarmen, zijn de winsten van AI onzeker en worden deze bovendien
vaak pas veel later gerealiseerd
Voor bedrijven die de onzekere toekomstige winsten afzetten tegen de zekere kosten van
adoptie nu, lijkt de afweging voor AI-adoptie op dit moment veelal negatief uit te pakken
Bedrijven die AI (vooralsnog) niet omarmen zijn daarom niet per se dom, maar maken
waarschijnlijk een simpele kosten/baten-afweging
De potentie van Artificial Intelligence (AI) voor productiviteitsgroei is groot (Brynjolfson et al., 2018).
Denk aan de productiviteitswinsten door tijdige signalering van noodzakelijk machine-onderhoud bij
industriebedrijven of het nauwkeurig voorspellen van de vraag naar producten zodat voorraden bij
supermarkten optimaal worden beheerd.
Toch is de adoptie van AI door bedrijven niet vanzelfsprekend. Robotisering, een technologie waar vaak
AI bij komt kijken, wordt door slechts 7 procent van de bedrijven in Nederland omarmd (CBS, 2019). En
het aandeel bedrijven dat gebruik maakt van Big Data, een belangrijke grondstof voor AI, is het
afgelopen jaar afgevlakt: van 23 procent in 2017 naar 22 procent in 2018 (CBS, 2019).
Dat de adoptie van AI niet vanzelfsprekend is, kan te maken hebben met een effect van een
toenemende AI-vraag op de prijs van producten en activiteiten die met AI samengaan. Net zoals de prijs
van koffiemelk stijgt wanneer de vraag naar koffie stijgt, zal de prijs van data, vaardigheden en
besluitvormingspraktijken die met AI gepaard gaan, stijgen wanneer de vraag naar AI stijgt. Omdat
genoemde producten en activiteiten noodzakelijk zijn voor het succes van AI, zorgt deze prijsstijging
ervoor dat de kosten/baten-afweging voor AI-adoptie bij bedrijven niet zomaar positief uitpakt.
10/29/25, 8:56 PM
Bedrijven die artificial intelligence niet omarmen zijn niet dom - Rabobank
https://www.rabobank.nl/kennis/d011310814-bedrijven-die-artificial-intelligence-niet-omarmen-zijn-niet-dom
2/7

AI als een verzameling voorspelmachines
Artificial intelligence: velen hebben het er over, maar wat het precies is en doet wordt vaker niet dan wél
gedefinieerd. Eén manier om tegen artificial intelligence (AI) aan te kijken is door het simpelweg als
voorspelmachines te zien (Agrawal et al., 2018). Vanuit dit perspectief doet AI in essentie niets anders
dan informatie te gebruiken die je al wel hebt om een voorspelling te maken van informatie die je nog
niet hebt. Voorspellingen kunnen hierbij betrekking hebben op informatie over de toekomst
(bijvoorbeeld weersverwachtingen), het heden (bijvoorbeeld fraudedetectie bij creditcard-transacties)
óf het verleden (bijvoorbeeld de gedaanteverschijning van dinosaurussen op basis van fossiele resten).
Voorspellingen zijn niet nieuw, mensen doen dat sinds jaar en dag. Denk hierbij aan de afweging of je
een paraplu meeneemt als je van huis weggaat of aan hoeveel tijd je nodig hebt om op tijd bij je
afspraak aan te komen. Ook voor bedrijven zijn voorspellingen niet nieuw. Al decennialang voorspellen
organisaties aan de hand van modellen de hoeveelheid voorraden die ze moeten aanhouden en de
risico’s die ze lopen.
Wel bestaat er een groot verschil tussen voorspellingen op basis van traditionele modellen en
voorspellingen op basis van AI. Denk daarbij bijvoorbeeld aan de software achter zelfrijdende auto’s.
Die zou volgens traditionele voorspelmethodes op voorhand moeten worden volgestopt met alle
denkbare scenario’s die zich kunnen voordoen: als je een muur tegenkomt, trap dan op de rem, als er
een auto van rechts komt, geef deze dan voorrang, als het verkeerslicht op groen staat, rij dan door.
Gegeven het feit dat er oneindig veel als/dan-combinaties mogelijk zijn, is het vrijwel onmogelijk om
zelfrijdende auto’s volgens traditionele voorspelmethodes te ontwikkelen: het vraagt simpelweg te veel
van de programmeur om alle mogelijke verkeerssituaties op voorhand in kaart te brengen en te
implementeren in één formule.
De oplossing die AI biedt, is dat het niet op voorhand alle denkbare situaties modelleert, maar dat het
leert van de situaties die zich onderweg voordoen. Voor auto’s betekent dit dat AI ze in staat stelt om te
leren van de verbinding tussen de data die sensoren ophalen enerzijds en de reactie van menselijke
chauffeurs anderzijds. In plaats van te wachten op het moment waarop alle mogelijke situaties
inzichtelijk zijn gemaakt en voorgeprogrammeerd worden, zorgt AI er dus voor dat voorspellingen al
doende worden verbeterd.
10/29/25, 8:56 PM
Bedrijven die artificial intelligence niet omarmen zijn niet dom - Rabobank
https://www.rabobank.nl/kennis/d011310814-bedrijven-die-artificial-intelligence-niet-omarmen-zijn-niet-dom
3/7

Het effect van AI op complementaire producten en activiteiten
Het aanbod van AI-toepassingen is de afgelopen jaren enorm toegenomen (Furman & Seamans, 2019).
Dit komt onder andere door de immense toename van data en computercapaciteit (Brynjolfsson et al.,
2018): twee essentiële voorwaarden voor het verrichten van voorspellingen op basis van AI. Dit zorgt er
ook voor dat problemen die we voorheen niet als voorspelproblemen zagen, zoals autorijden, nu wel zo
kunnen worden benaderd. Niet alleen de kwantiteit van AI-toepassingen is toegenomen, ook de
kwaliteit. Sinds kort zijn AI-machines bijvoorbeeld beter dan mensen in staat om objecten op foto’s te
identificeren: terwijl mensen nog steeds zo ongeveer in 5 procent van de gevallen objecten in foto’s niet
goed weten vast te stellen, is het foutenpercentage van AI-gedreven voorspelmachines teruggelopen
van ca. 10 procent in 2010 naar slechts 2 á 3 procent in 2016 (Agarwal et al., 2018; Brynjolfson et al.,
2018). Al met al heeft AI er dus voor gezorgd dat het aanbod van kwalitatief hoogwaardige
voorspellingen de afgelopen jaren is toegenomen.
Een belangrijk te verwachten effect van de opkomst van AI is dat de prijs van producten en activiteiten
die met AI samengaan, stijgt. Dit noemen economen complementaire producten en activiteiten. Net
zoals de prijs van koffiemelk stijgt wanneer de vraag naar koffie stijgt, zal de prijs van producten en
activiteiten die met AI samengaan, stijgen wanneer de vraag naar AI stijgt. Een eerste product dat
complementair is aan AI is natuurlijk data. Om goed te kunnen voorspellen, is vaak veel data nodig. Om
bij het voorbeeld van zelfrijdende auto’s te blijven: om de AI-machine te bouwen is data nodig over alle
mogelijke verkeerssituaties (rood verkeerslicht, groen verkeerslicht, bocht) en acties die uit deze
situaties moeten volgen (remmen, doorrijden, sturen). Zonder voldoende data bestaat het risico dat de
zelfrijdende auto desastreuze beslissingen neemt.
Een tweede product dat complementair is aan AI, wordt gevormd door de kennis en vaardigheden die
nodig zijn om AI-gedreven voorspelmachines te ontwikkelen. Uiteraard gaat het hierbij om de
technische vaardigheden om AI-gedreven voorspelmachines te programmeren. Voor zelfrijdende auto’s
moeten sensoren worden ontwikkeld die in staat zijn om relevante informatie uit verkeerssituaties waar
te nemen. Deze data moeten vervolgens binnen een model in overeenstemming met elkaar worden
gebracht waardoor trainingsdata, inputdata en verbeterdata op elkaar kunnen inwerken. Naast
technische vaardigheden gaat het echter ook om kennis en creatieve vaardigheden om problemen te
identificeren en zo te definiëren dat ze kunnen worden gemodelleerd aan de hand van AI. Als deze
technische vaardigheden, kennis en creatieve vaardigheden niet bij één persoon aanwezig zijn, moeten
verschillende personen die nodig zijn voor een AI-oplossing ook de sociale vaardigheden hebben om
die kennis en vaardigheden met elkaar te verbinden (Deming, 2017).
Tot slot vormen besluitvormingspraktijken een derde product dat complementair is aan AI. Zonder
besluitvorming en vervolgacties te verbinden aan voorspellingen leveren ze geen waarde op. De
noodzaak tot besluitvorming en vervolgacties betekent allereerst dat moet worden beoordeeld of en in
hoeverre daadwerkelijk kan worden vertrouwd op de gedane voorspelling. Aangezien data en modellen
altijd een gereduceerd beeld geven van de werkelijkheid, moet worden beoordeeld of de werkelijkheid
aanleiding geeft om voor besluitvorming af te wijken van diezelfde voorspelling. Dit vergt
beoordelingsvermogen aan de kant van de AI-gebruiker. Pas wanneer beoordeling (stilzwijgend of
10/29/25, 8:56 PM
Bedrijven die artificial intelligence niet omarmen zijn niet dom - Rabobank
https://www.rabobank.nl/kennis/d011310814-bedrijven-die-artificial-intelligence-niet-omarmen-zijn-niet-dom
4/7

expliciet) heeft plaatsgevonden, kan worden overgegaan tot daadwerkelijke actie en het is deze actie
die uiteindelijk bepaalt of de voorspelling van waarde is of niet.
Gevolgen voor de kosten-batenafweging van AI-adoptie door bedrijven
Net als bij de adoptie van eerdere technologieën (Griliches, 1957; Hall & Khan, 2003), denk bijvoorbeeld
aan de introductie van de PC, is de adoptie van AI afhankelijk van de kosten en baten die bedrijven op
zich af zien komen met deze nieuwe technologie. De baten van AI-adoptie bestaan uit het verschil in
winst dat een bedrijf kan halen uit menselijke of traditionele voorspelmethoden enerzijds en het
gebruik van AI-voorspelmachines anderzijds. Punt hierbij is alleen dat op voorhand niet geheel duidelijk
is hoe groot die winsten zullen zijn. Ja, de potentie van AI voor bedrijven is over het algemeen groot
(Brynjolfson et al., 2018) en zorgt er daarmee voor dat de prijs van voorspellingen over het algemeen
daalt (Agrawal et al., 2018). Dat betekent echter niet dat de vertaalslag naar hoe AI precies kan bijdragen
aan het bedrijfsmodel van iedere specifieke onderneming zomaar gemaakt is (Agrawal et al., 2018).
Bovendien is het zo dat de winsten vaak niet direct volledig terecht komen bij bedrijven, maar zijn
uitgesmeerd over een langere periode (Hall & Khan, 2003). Dit in tegenstelling tot veel van de kosten die
gepaard gaan met de adoptie van AI. Deze komen veelal wél direct op bedrijven af, wat betekent dat
bedrijven de afweging moeten maken of de onzekere winsten in de toekomst opwegen tegen de
zekere kosten van adoptie nu. Bij deze kosten spelen de eerder genoemde producten en activiteiten die
complementair zijn aan AI een grote rol. In tegenstelling tot koffiemelk bij koffie, geldt hier dat data,
kennis en vaardigheden, en vervolgacties noodzakelijke complementen van AI zijn: zonder deze
producten en activiteiten kán AI door bedrijven niet succesvol worden omarmd. Daar waar de kosten
substantieel zijn, zoals bijvoorbeeld bij het aantrekken van personeel met de benodigde kennis en
vaardigheden, ligt het in de rede dat de benodigde complementaire producten en activiteiten een
struikelblok vormen voor bedrijven in het omarmen van AI.
10/29/25, 8:56 PM
Bedrijven die artificial intelligence niet omarmen zijn niet dom - Rabobank
https://www.rabobank.nl/kennis/d011310814-bedrijven-die-artificial-intelligence-niet-omarmen-zijn-niet-dom
5/7

Literatuur
Agrawal, A., Gans, J., & Goldfarb, A. (2018). Prediction machines: the simple economics of artificial
intelligence. Harvard Business Press.
Brynjolfsson, E., Rock, D., & Syverson, C. (2018). Artificial intelligence and the modern productivity
paradox: A clash of expectations and statistics. In: The Economics of Artificial Intelligence: An Agenda.
University of Chicago Press.
CBS (2019). Statline: ICT en E-commerce. Den Haag/Heerlen: Centraal Bureau voor de Statistiek.
Deming, D. J. (2017). The growing importance of social skills in the labor market. The Quarterly Journal of
Economics, 132(4), 1593-1640.
Furman, J., & Seamans, R. (2019). AI and the Economy. Innovation Policy and the Economy, 19(1), 161-191.
Griliches, Z. (1957). Hybrid corn: An exploration in the economics of technological change. Econometrica,
501-522.
Hall, B. H., & Khan, B. (2003). Adoption of new technology (No. w9730). National bureau of economic
research.
Disclaimer
De informatie en meningen in dit document zijn indicatief en alleen bedoeld voor discussiedoeleinden. Er kunnen
geen rechten worden ontleend aan de in dit document beschreven transacties en/of commerciële ideeën. Dit
document is uitsluitend bedoeld voor informatieve doeleinden en mag niet worden opgevat als aanbod,
uitnodiging of aanbeveling. Lees verder
Brede welvaart en economie in
Gelderland-Zuid
Ben je als zelfstandig ondernemer beter
af dan als werknemer?
Lees ook
10/29/25, 8:56 PM
Bedrijven die artificial intelligence niet omarmen zijn niet dom - Rabobank
https://www.rabobank.nl/kennis/d011310814-bedrijven-die-artificial-intelligence-niet-omarmen-zijn-niet-dom
6/7

De opgaven die drie jaar geleden actueel
waren voor Lifeport zijn dat nog steeds,
maar het gaat de goede kan op. Zo blijkt
uit een nieuwe ronde interviews in de
regio.
30 september 2024
RaboResearch
Ben je als zzp’er welvarender dan als
werknemer? In deze aflevering bespreken
Suzanne Bijkerk en Rogier Aalders de
brede welvaart van zelfstandig
ondernemers.
27 juni 2024
RaboResearch
Exclusief  Zorgtak van gemengd bedrijf
krijgt vorm met transitiefinanciering
Voor een duurzame toekomst voegde de
familie Cleven een zorgtak toe aan hun
landbouwbedrijf. Lees hier hoe ze hun
plannen werkelijkheid maakten.
19 december 2023
Laad meer
10/29/25, 8:56 PM
Bedrijven die artificial intelligence niet omarmen zijn niet dom - Rabobank
https://www.rabobank.nl/kennis/d011310814-bedrijven-die-artificial-intelligence-niet-omarmen-zijn-niet-dom
7/7
",yes,['artificial intelligence'],"['ai', 'artificial intelligence']","['artificial intelligence', 'ai']",1,79,[],"Onderzoek
Bedrijven die artificial intelligence niet
omarmen zijn niet dom
11 september 2019 17:09 RaboResearch
Jadé Dieteren
Econometrist
Sjoerd Hardeman
Senior-econoom
De potentie van Artificial Intelligence voor productiviteitsgroei is groot. Toch zien we dat de adoptie
van AI eerder af- dan toeneemt. Dit komt waarschijnlijk doordat de prijs van producten en
activiteiten die met AI samengaan ook stijgt.
10/29/25, 8:56 PM
Bedrijven die artificial intelligence niet omarmen zijn niet dom - Rabobank
https://www.rabobank.nl/kennis/d011310814-bedrijven-die-artificial-intelligence-niet-omarmen-zijn-niet-dom
1/7

In het kort
De potentie van Artificial Intelligence (AI) voor productiviteitsgroei is groot
Toch gaat de adoptie van AI niet vanzelf: zo is het gebruik van Big Data onder bedrijven, een
voorwaarde voor de adoptie van AI, het afgelopen jaar eerder af- dan toegenomen
Dat de adoptie van AI niet vanzelfsprekend is kan te maken hebben met het effect van een
toenemende AI-vraag op de prijs van data, vaardigheden en besluitvormingspraktijken die
noodzakelijk zijn voor AI
Net zoals de prijs van koffiemelk stijgt wanneer de vraag naar koffie toeneemt, zal bij een
toenemende vraag naar AI de prijs van noodzakelijke data, vaardigheden en
besluitvormingspraktijken ook stijgen
En terwijl de prijs van producten die met AI samengaan direct moeten worden opgehoest
door bedrijven die AI omarmen, zijn de winsten van AI onzeker en worden deze bovendien
vaak pas veel later gerealiseerd
Voor bedrijven die de onzekere toekomstige winsten afzetten tegen de zekere kosten van
adoptie nu, lijkt de afweging voor AI-adoptie op dit moment veelal negatief uit te pakken
Bedrijven die AI (vooralsnog) niet omarmen zijn daarom niet per se dom, maar maken
waarschijnlijk een simpele kosten/baten-afweging
De potentie van Artificial Intelligence (AI) voor productiviteitsgroei is groot (Brynjolfson et al., 2018).
Denk aan de productiviteitswinsten door tijdige signalering van noodzakelijk machine-onderhoud bij
industriebedrijven of het nauwkeurig voorspellen van de vraag naar producten zodat voorraden bij
supermarkten optimaal worden beheerd.
Toch is de adoptie van AI door bedrijven niet vanzelfsprekend. Robotisering, een technologie waar vaak
AI bij komt kijken, wordt door slechts 7 procent van de bedrijven in Nederland omarmd (CBS, 2019). En
het aandeel bedrijven dat gebruik maakt van Big Data, een belangrijke grondstof voor AI, is het
afgelopen jaar afgevlakt: van 23 procent in 2017 naar 22 procent in 2018 (CBS, 2019).
Dat de adoptie van AI niet vanzelfsprekend is, kan te maken hebben met een effect van een
toenemende AI-vraag op de prijs van producten en activiteiten die met AI samengaan. Net zoals de prijs
van koffiemelk stijgt wanneer de vraag naar koffie stijgt, zal de prijs van data, vaardigheden en
besluitvormingspraktijken die met AI gepaard gaan, stijgen wanneer de vraag naar AI stijgt. Omdat
genoemde producten en activiteiten noodzakelijk zijn voor het succes van AI, zorgt deze prijsstijging
ervoor dat de kosten/baten-afweging voor AI-adoptie bij bedrijven niet zomaar positief uitpakt.
10/29/25, 8:56 PM
Bedrijven die artificial intelligence niet omarmen zijn niet dom - Rabobank
https://www.rabobank.nl/kennis/d011310814-bedrijven-die-artificial-intelligence-niet-omarmen-zijn-niet-dom
2/7

AI als een verzameling voorspelmachines
Artificial intelligence: velen hebben het er over, maar wat het precies is en doet wordt vaker niet dan wél
gedefinieerd. Eén manier om tegen artificial intelligence (AI) aan te kijken is door het simpelweg als
voorspelmachines te zien (Agrawal et al., 2018). Vanuit dit perspectief doet AI in essentie niets anders
dan informatie te gebruiken die je al wel hebt om een voorspelling te maken van informatie die je nog
niet hebt. Voorspellingen kunnen hierbij betrekking hebben hoeveelheid voorraden die ze moeten aanhouden en de
risico’s die ze lopen.
Wel bestaat er een groot verschil tussen voorspellingen op basis van traditionele modellen en
voorspellingen op basis van AI. Denk daarbij bijvoorbeeld aan de software achter zelfrijdende auto’s.
Die zou volgens traditionele voorspelmethodes op voorhand moeten worden volgestopt met alle
denkbare scenario’s die zich kunnen voordoen: als je een voorspelmethodes te ontwikkelen: het vraagt simpelweg te veel
van de programmeur om alle mogelijke verkeerssituaties op voorhand in kaart te brengen en te
implementeren in één formule.
De oplossing die AI biedt, is dat het niet op voorhand alle denkbare situaties modelleert, maar dat het
leert van de situaties die zich onderweg voordoen. Voor auto’s betekent dit dat AI ze in staat stelt om te
leren van de verbinding tussen de data die sensoren ophalen enerzijds en de reactie van menselijke
chauffeurs anderzijds. In plaats van te wachten op het moment waarop alle mogelijke situaties
inzichtelijk zijn gemaakt en voorgeprogrammeerd worden, zorgt AI er dus voor dat voorspellingen al
doende worden verbeterd.
10/29/25, 8:56 PM
Bedrijven die artificial intelligence niet omarmen zijn niet dom - Rabobank
https://www.rabobank.nl/kennis/d011310814-bedrijven-die-artificial-intelligence-niet-omarmen-zijn-niet-dom
3/7

Het effect van AI op complementaire producten en activiteiten
Het aanbod van AI-toepassingen is de afgelopen jaren enorm toegenomen (Furman & Seamans, 2019).
Dit komt onder andere door de immense toename van data en computercapaciteit (Brynjolfsson et al.,
2018): twee essentiële voorwaarden voor het verrichten van voorspellingen op basis van AI. Dit zorgt er
ook voor dat problemen die we voorheen niet als voorspelproblemen zagen, zoals autorijden, nu wel zo
kunnen worden benaderd. Niet alleen de kwantiteit van AI-toepassingen is toegenomen, ook de
kwaliteit. Sinds kort zijn AI-machines bijvoorbeeld beter dan mensen in staat om objecten op foto’s te
identificeren: terwijl mensen nog steeds zo ongeveer in 5 procent van de gevallen objecten in foto’s niet
goed weten vast te stellen, is het foutenpercentage van AI-gedreven voorspelmachines teruggelopen
van ca. 10 procent in 2010 naar slechts 2 á 3 procent in 2016 (Agarwal et al., 2018; Brynjolfson et al.,
2018). Al met al heeft AI er dus voor gezorgd dat het aanbod van kwalitatief hoogwaardige
voorspellingen de afgelopen jaren is toegenomen.
Een belangrijk te verwachten effect van de opkomst van AI is dat de prijs van producten en activiteiten
die met AI samengaan, stijgt. Dit noemen economen complementaire producten en activiteiten. Net
zoals de prijs van koffiemelk stijgt wanneer de vraag naar koffie stijgt, zal de prijs van producten en
activiteiten die met AI samengaan, stijgen wanneer de vraag naar AI stijgt. Een eerste product dat
complementair is aan AI is natuurlijk data. Om goed te kunnen voorspellen, is vaak veel data nodig. Om
bij het voorbeeld van zelfrijdende auto’s te blijven: om de AI-machine te bouwen is data nodig over alle
mogelijke verkeerssituaties (rood verkeerslicht, groen verkeerslicht, bocht) en acties die uit deze
situaties moeten volgen (remmen, doorrijden, sturen). Zonder voldoende data bestaat het risico dat de
zelfrijdende auto desastreuze beslissingen neemt.
Een tweede product dat complementair is aan AI, wordt gevormd door de kennis en vaardigheden die
nodig zijn om AI-gedreven voorspelmachines te ontwikkelen. Uiteraard gaat het hierbij om de
technische vaardigheden om AI-gedreven voorspelmachines te programmeren. Voor zelfrijdende auto’s
moeten sensoren worden ontwikkeld die in staat zijn om relevante informatie uit verkeerssituaties waar
te nemen. Deze data moeten vervolgens binnen een model in inwerken. Naast
technische vaardigheden gaat het echter ook om kennis en creatieve vaardigheden om problemen te
identificeren en zo te definiëren dat ze kunnen worden gemodelleerd aan de hand van AI. Als deze
technische vaardigheden, kennis en creatieve vaardigheden niet bij één persoon aanwezig zijn, moeten
verschillende personen die nodig zijn voor een AI-oplossing ook de sociale vaardigheden hebben om
die kennis en vaardigheden met elkaar te verbinden (Deming, 2017).
Tot slot vormen besluitvormingspraktijken een derde product dat complementair is aan AI. Zonder
besluitvorming en vervolgacties te verbinden aan voorspellingen leveren ze geen waarde op. De
noodzaak tot besluitvorming en vervolgacties betekent allereerst dat moet worden beoordeeld of en in
hoeverre daadwerkelijk beeld geven van de werkelijkheid, moet worden beoordeeld of de werkelijkheid
aanleiding geeft om voor besluitvorming af te wijken van diezelfde voorspelling. Dit vergt
beoordelingsvermogen aan de kant van de AI-gebruiker. Pas wanneer beoordeling (stilzwijgend of
10/29/25, 8:56 PM
Bedrijven die artificial intelligence niet omarmen zijn niet dom - Rabobank
https://www.rabobank.nl/kennis/d011310814-bedrijven-die-artificial-intelligence-niet-omarmen-zijn-niet-dom
4/7

expliciet) heeft plaatsgevonden, kan worden overgegaan tot daadwerkelijke actie en het is deze actie
die uiteindelijk bepaalt of de voorspelling van waarde is of niet.
Gevolgen voor de kosten-batenafweging van AI-adoptie door bedrijven
Net als bij de adoptie van eerdere technologieën (Griliches, 1957; Hall & Khan, 2003), denk bijvoorbeeld
aan de introductie van de PC, is de adoptie van AI afhankelijk van de kosten en baten die bedrijven op
zich af zien komen met deze nieuwe technologie. De baten van AI-adoptie bestaan uit het verschil in
winst dat een bedrijf kan halen uit menselijke of traditionele voorspelmethoden enerzijds en het
gebruik van AI-voorspelmachines anderzijds. Punt hierbij is alleen dat op voorhand niet geheel duidelijk
is hoe groot die winsten zullen zijn. Ja, de potentie van AI voor bedrijven is over het algemeen groot
(Brynjolfson et al., 2018) en zorgt er daarmee voor dat de prijs van voorspellingen over het algemeen
daalt (Agrawal et al., 2018). Dat betekent echter niet dat de vertaalslag naar hoe AI precies kan bijdragen
aan het bedrijfsmodel van iedere specifieke onderneming zomaar gemaakt is (Agrawal et al., 2018).
Bovendien is het zo dat de winsten vaak niet direct volledig terecht komen bij bedrijven, maar zijn
uitgesmeerd over een langere periode (Hall & Khan, 2003). Dit in tegenstelling tot veel van de kosten die
gepaard gaan met de adoptie van AI. Deze komen veelal wél direct op bedrijven af, wat betekent dat
bedrijven de afweging moeten maken of de onzekere winsten in de toekomst opwegen tegen de
zekere kosten van adoptie nu. Bij deze kosten spelen de eerder genoemde producten en activiteiten die
complementair zijn aan AI een grote rol. In tegenstelling tot koffiemelk bij koffie, geldt hier dat data,
kennis en vaardigheden, en vervolgacties noodzakelijke complementen van AI zijn: zonder deze
producten en activiteiten kán AI door bedrijven niet succesvol worden omarmd. Daar waar de kosten
substantieel zijn, zoals bijvoorbeeld bij het aantrekken van personeel met de benodigde kennis en
vaardigheden, ligt het in de rede dat de benodigde complementaire producten en activiteiten een
struikelblok vormen voor bedrijven in het omarmen van AI.
10/29/25, 8:56 PM
Bedrijven die artificial intelligence niet omarmen zijn niet dom - Rabobank
https://www.rabobank.nl/kennis/d011310814-bedrijven-die-artificial-intelligence-niet-omarmen-zijn-niet-dom
5/7

Literatuur
Agrawal, A., Gans, J., & Goldfarb, A. (2018). Prediction machines: the simple economics of artificial
intelligence. Harvard Business Press.
Brynjolfsson, E., Rock, D., & Syverson, C. (2018). Artificial intelligence and the modern productivity
paradox: A clash of expectations and statistics. In: The Economics of Artificial Intelligence: An Agenda.
University of Chicago Press.
CBS (2019). Statline: ICT en E-commerce. Den Haag/Heerlen: Centraal Bureau voor de Statistiek.
Deming, D. J. (2017). The growing importance of social skills in the labor market. The Quarterly Journal of
Economics, 132(4), 1593-1640.
Furman, J., & Seamans, R. (2019). AI and the Economy. Innovation Policy and the Economy, 19(1), 161-191.
Griliches, Z. (1957). Hybrid corn: An exploration in the economics of technological change. Econometrica,
501-522.
Hall, B. H., & Khan,...","[(0, 3842), (4421, 4840), (5129, 8463), (8574, 9362), (9461, 13201)]",79,12130,1877,2288
58,rabobank,Doorbraak technologie achter ChatGPT niet nieuw voor robotica - Rabobank.pdf,"Beleggingsnieuws
Doorbraak technologie achter ChatGPT niet
nieuw voor robotica
15 februari 2023 13:44
Jesse Groenewegen
Beleggingsstrateeg
De stormachtige opkomst van ChatGPT heeft de afgelopen tijd de tongen losgemaakt. Artificial
Intelligence (AI) kent veel meer toepassingen dan alleen ChatGPT. Die toepassingen worden al
langere tijd in roboticaproducten gebruikt. In onze beheerportefeuilles beleggen wij via het
themafonds gericht in roboticabedrijven.
Als je de afgelopen twee maanden niet onder een steen hebt geleefd, heb je waarschijnlijk wel iets
meegekregen over 
: het chatprogramma dat op elke vraag bijna menselijk reageert en
inmiddels al meer dan 100 miljoen gebruikers heeft. Wat betekent deze AI-doorbraak voor het
roboticathema in ons themafonds?
ChatGPT
Robotica en AI zijn niet hetzelfde
Hoewel robotica en AI vaak op een hoop worden gegooid, zijn ze niet hetzelfde. Robots zijn
programmeerbare machines die zijn ontworpen om fysieke taken uit te voeren, soms met behulp van
AI-algoritmes. AI is software die menselijke intelligentie nabootst, ongeacht of daar een fysieke robot
aan te pas komt. ChatGPT valt onder natural language processing (NLP), een tak van AI die probeert
menselijke taal te begrijpen en genereren.
Onze beleggingen in robotica
Robotica is een van de thema’s waarin we beleggen binnen ons 1895 Aandelen Thematic Opportunities
Fonds. Daar beleggen we vooral in bedrijven die robots maken, bijvoorbeeld industriële robots die
nodig zijn om fabrieken en logistieke processen te automatiseren. Ook zitten er een paar grote chip- en
computerprocessorfabrikanten bij die hardware maken waarop ook AI-toepassingen kunnen draaien.
10/29/25, 8:57 PM
Doorbraak technologie achter ChatGPT niet nieuw voor robotica - Rabobank
https://www.rabobank.nl/particulieren/beleggen/handig-voor-beleggers/beleggingsnieuws/011350772/doorbraak-technologie-achter-chatgpt-niet-nieuw-…
1/3

Hoe implementeren de bedrijven in het roboticathema AI?
Bedrijven in het roboticathema zijn vooral indirect bij AI betrokken: ze bouwen fysieke robots die soms
met slimme algoritmes wordt aangestuurd, of ze leveren krachtige chips en processoren waarop ook AI-
toepassingen kunnen draaien.
Wat betekent ChatGPT voor het roboticathema?
ChatGPT heeft het bredere publiek doen kennismaken met AI, maar het is maar een van de vele AI-
toepassingen die er zijn. De bedrijven in ons roboticathema zijn al langer bezig met verschillende
vormen van AI en de integratie met bijvoorbeeld industriële robotica. Voor hen betekent ChatGPT niet
direct wat nieuws. De chip- en processorfabrikanten in het thema kunnen wel direct profiteren van de
belangstelling voor ChatGPT. Als die technologie straks ook in bijvoorbeeld kantoorsoftware is verwerkt,
doen zij door de vraag naar extra rekenkracht goede zaken.
Goed om te weten. Aan beleggen zijn risico’s verbonden. De waarde van je belegging kan fluctueren. In het
verleden behaalde resultaten bieden geen garantie voor de toekomst. Je kunt (een deel van) je inleg verliezen.
Robotisering krijgt rugwind van AI en
arbeidskrapte
Roboticabedrijven hebben last van de
handelsonrust, maar ze kunnen profiteren
van meerdere sterke structurele trends,
betoogt beleggingsstrateeg Peter Vonk.
11 juni 2025
Magnificent 7 botsen op toenemende
scepsis bij beleggers
Koersen van de zeven grootste
Amerikaanse techaandelen samen zijn
zo’n 15% gedaald. Wat speelt er?
7 augustus 2024
Lees ook
10/29/25, 8:57 PM
Doorbraak technologie achter ChatGPT niet nieuw voor robotica - Rabobank
https://www.rabobank.nl/particulieren/beleggen/handig-voor-beleggers/beleggingsnieuws/011350772/doorbraak-technologie-achter-chatgpt-niet-nieuw-…
2/3

Wat zeggen de cijfers van TSMC over de
halfgeleiderindustrie?
Van de grootste maker van halfgeleiders
ter wereld zou je ronkende kwartaalcijfers
verwachten. Toch was dat niet zo. Hoe zit
dat, en wat zegt het?
26 juli 2023
Laad meer
10/29/25, 8:57 PM
Doorbraak technologie achter ChatGPT niet nieuw voor robotica - Rabobank
https://www.rabobank.nl/particulieren/beleggen/handig-voor-beleggers/beleggingsnieuws/011350772/doorbraak-technologie-achter-chatgpt-niet-nieuw-…
3/3
",yes,['chatgpt'],"['ai', 'algoritmes', 'chatgpt', 'natural language processing', 'nlp', 'robot', 'slimme algoritmes']","['ai', 'algoritmes', 'robot', 'slimme algoritmes', 'natural language processing', 'chatgpt', 'nlp']",1,35,[],"Beleggingsnieuws
Doorbraak technologie achter ChatGPT niet
nieuw voor robotica
15 februari 2023 13:44
Jesse Groenewegen
Beleggingsstrateeg
De stormachtige opkomst van ChatGPT heeft de afgelopen tijd de tongen losgemaakt. Artificial
Intelligence (AI) kent veel meer toepassingen dan alleen ChatGPT. Die toepassingen worden al
langere tijd in roboticaproducten gebruikt. In onze beheerportefeuilles beleggen wij via het
themafonds gericht in roboticabedrijven.
Als je de afgelopen twee maanden niet onder een steen geleefd, heb je waarschijnlijk wel iets
meegekregen over 
: het chatprogramma dat op elke vraag bijna menselijk reageert en
inmiddels al meer dan 100 miljoen gebruikers heeft. Wat betekent deze AI-doorbraak voor het
roboticathema in ons themafonds?
ChatGPT
Robotica en AI zijn niet hetzelfde
Hoewel robotica en AI vaak op een hoop worden gegooid, zijn ze niet hetzelfde. Robots zijn
programmeerbare machines die zijn ontworpen om fysieke taken uit te voeren, soms met behulp van
AI-algoritmes. AI is software die menselijke intelligentie nabootst, ongeacht of daar een fysieke robot
aan te pas komt. ChatGPT valt onder natural language processing (NLP), een tak van AI die probeert
menselijke taal te begrijpen en genereren.
Onze beleggingen in robotica
Robotica is een van de thema’s waarin we beleggen binnen ons 1895 Aandelen Thematic Opportunities
Fonds. Daar beleggen robots maken, bijvoorbeeld industriële robots die
nodig zijn om fabrieken en logistieke processen te automatiseren. Ook zitten er een paar grote chip- en
computerprocessorfabrikanten bij die hardware maken waarop ook AI-toepassingen kunnen draaien.
10/29/25, 8:57 PM
Doorbraak technologie achter ChatGPT niet nieuw voor robotica - Rabobank
https://www.rabobank.nl/particulieren/beleggen/handig-voor-beleggers/beleggingsnieuws/011350772/doorbraak-technologie-achter-chatgpt-niet-nieuw-…
1/3

Hoe implementeren de bedrijven in het roboticathema AI?
Bedrijven in het roboticathema zijn vooral indirect bij AI betrokken: ze bouwen fysieke robots die soms
met slimme algoritmes wordt aangestuurd, of ze leveren krachtige chips en processoren waarop ook AI-
toepassingen kunnen draaien.
Wat betekent ChatGPT voor het roboticathema?
ChatGPT heeft het bredere publiek doen kennismaken met AI, maar het is maar een van de vele AI-
toepassingen die er zijn. De bedrijven in ons roboticathema zijn al langer bezig met verschillende
vormen van AI en de integratie met bijvoorbeeld industriële robotica. Voor hen betekent ChatGPT niet
direct wat nieuws. De chip- en processorfabrikanten in het thema kunnen wel direct profiteren van de
belangstelling voor ChatGPT. Als die technologie straks ook in bijvoorbeeld kantoorsoftware is verwerkt,
doen zij door de vraag naar extra rekenkracht goede zaken.
Goed om te weten. Aan beleggen zijn risico’s verbonden. De waarde van je belegging kan fluctueren. In het
verleden behaalde resultaten bieden geen garantie voor de toekomst. Je kunt (een deel van) je inleg verliezen.
Robotisering krijgt rugwind van AI en
arbeidskrapte
Roboticabedrijven hebben last van de
handelsonrust, maar ze kunnen profiteren
van meerdere sterke structurele trends,
betoogt beleggingsstrateeg Peter Vonk.
11 juni 2025
Magnificent 7 botsen op toenemende
scepsis bij beleggers
Koersen van de zeven grootste
Amerikaanse techaandelen samen zijn
zo’n 15% gedaald. Wat speelt er?
7 augustus 2024
Lees ook
10/29/25, 8:57 PM
Doorbraak technologie achter ChatGPT niet nieuw voor robotica - Rabobank
https://www.rabobank.nl/particulieren/beleggen/handig-voor-beleggers/beleggingsnieuws/011350772/doorbraak-technologie-achter-chatgpt-niet-nieuw-…
2/3

Wat zeggen de cijfers van TSMC over de
halfgeleiderindustrie?
Van de grootste maker van halfgeleiders
ter wereld zou je ronkende kwartaalcijfers
verwachten. Toch was dat niet zo. Hoe zit
dat, en wat zegt het?
26 juli 2023
Laad meer
10/29/25, 8:57 PM
Doorbraak technologie achter ChatGPT niet nieuw voor robotica - Rabobank
https://www.rabobank.nl/particulieren/beleggen/handig-voor-beleggers/beleggingsnieuws/011350772/doorbraak-technologie-achter-chatgpt-niet-nieuw-…
3/3...","[(0, 512), (518, 1390), (1418, 4139)]",35,4110,609,615
59,rabobank,Meeste werkenden zien kunstmatige intelligentie niet als bedreiging voor hun baan - Rabobank.pdf,"Onderzoek
Meeste werkenden zien kunstmatige
intelligentie niet als bedreiging voor hun
baan (Quick Read)
28 september 2023 6:01 RaboResearch
Suzanne Bijkerk
Economisch onderzoeker
Sjoerd Hardeman
Senior-econoom
Nieuwe technologieën beïnvloeden de manier waarop mensen werken. Dat gold eerder bij de
introductie van stoommachines, computers en het internet. En dat geldt ook voor de komst van een
nieuwe technologie als ChatGPT. We onderzoeken welke werkenden het meest bloot staan aan
nieuwe technologie en de mate waarin werkenden zelf verwachten dat nieuwe technologie hun
werk verandert.
Meteen de diepte in?
Lees de volledige studie
Weinig zorgen
Uit onze enquête blijkt dat slechts 6 procent van de deelnemers verwacht dat nieuwe technologie hun
baan overbodig maakt. Terwijl toch zo’n 38 procent van het werk dat werkenden in Nederland doen
potentieel verandert door technologische ontwikkelingen. Het gaat dan zowel om lichamelijk werk als
om cognitief werk.
Spierkracht versus denkkracht
Nieuwe technologie heeft vooral impact op routinematige taken. Bij automatisering van lichamelijk
werk gaat het daarbij vaak om robotisering. Zo zetten robots auto’s in elkaar en vouwen machines
brieven in enveloppen. De nieuwe technologie die meest recent in de belangstelling staat, helpt vooral
bij cognitieve taken, die een beroep doen op het denkvermogen. Voorbeelden daarvan zijn het
opstellen van brieven of boekhouden.
10/29/25, 8:56 PM
Meeste werkenden zien kunstmatige intelligentie niet als bedreiging voor hun baan - Rabobank
https://www.rabobank.nl/kennis/s011385065-meeste-werkenden-zien-kunstmatige-intelligentie-niet-als-bedreiging-voor-hun-baan-quick-read
1/4

Taalmodel
Generatieve kunstmatige intelligentie (KI), ook wel bekend als generative AI, gebruikt grote
taalmodellen om allerlei cognitieve taken uit te voeren. Bekende tools zijn ChatGPT, dat teksten
genereert op basis van opdrachten (prompts), en Dall-E2, dat op basis van prompts afbeeldingen maakt.
Er zijn daarnaast nog heel veel andere tools en partijen zoals Google en Microsoft die de technologie in
hun producten integreren. Met deze tools kunnen individuen cognitieve taken (deels) automatiseren.
Ongeveer 21 procent van de taken van werkenden in Nederland zijn cognitieve routinetaken, bij 17
procent van de taken gaat het om fysieke routine. Sectoren waar fysiek routinematig werk veel
voorkomt, zijn bijvoorbeeld de horeca en transport en logistiek. Cognitief routinematig werk komt veel
voor in de financiële sector en in de ICT.
Praktisch versus theoretisch
Praktisch geschoolde werkenden doen over het algemeen meer routinematig werk dan theoretisch
geschoolden. En er is ook een verschil in het type routinewerk dat ze doen. Praktisch geschoolden doen
meer fysiek routinewerk en theoretisch geschoolden meer cognitief. Voor mensen met een lager
inkomen geldt hetzelfde: zijn doen over het algemeen meer fysiek routinematig werk dan mensen met
een hoger inkomen, die meer cognitief routinematig werk doen.
“Zo’n 10 procent van de werkenden verwacht niet veel goeds van de
ontwikkelingen op technologisch gebied, terwijl 25 procent denkt dat
hun werk er juist positief door verandert.”
Nieuwe technologie houdt mensen (nog) weinig bezig
Afgaand op het takenpakket, krijgen werkenden in bijvoorbeeld de transport en logistiek eerder te
maken met robotisering. En wie in de zakelijke en financiële dienstverlening werkt, moet rekening
houden met de ontwikkelingen op het gebied van kunstmatige intelligentie. De meeste werkenden
zeggen echter dat ze nieuwe technologieën nu nog nauwelijks gebruiken. Een kwart van de werkenden
verwacht er de komende tijd wel meer mee te maken te krijgen. Zo’n 10 procent van de werkenden
verwacht niet veel goeds van de ontwikkelingen op technologisch gebied, terwijl 25 procent denkt dat
hun werk er juist positief door verandert.
10/29/25, 8:56 PM
Meeste werkenden zien kunstmatige intelligentie niet als bedreiging voor hun baan - Rabobank
https://www.rabobank.nl/kennis/s011385065-meeste-werkenden-zien-kunstmatige-intelligentie-niet-als-bedreiging-voor-hun-baan-quick-read
2/4

Het werk verandert
Hoewel maar weinig mensen zich zorgen maken over baan- of inkomensverlies door nieuwe
technologie, verwacht ruim een derde van de werkenden wel dat ze nieuwe kennis en vaardigheden
nodig hebben. Vooral mensen die veel cognitief routinematig werk doen, verwachten dat de manier
waarop ze hun werk doen wel verandert, en dat kan zowel positief als negatief zijn. Onderwijs en
training van werkenden verdient daarom aandacht, net als het verandervermogen van de bedrijven
waar ze werken.
Disclaimer
De informatie en meningen in dit document zijn indicatief en alleen bedoeld voor discussiedoeleinden. Er kunnen
geen rechten worden ontleend aan de in dit document beschreven transacties en/of commerciële ideeën. Dit
document is uitsluitend bedoeld voor informatieve doeleinden en mag niet worden opgevat als aanbod,
uitnodiging of aanbeveling. Lees verder
Zakelijke dienstverlening: van
urenfabriek naar outcome pricing
Zonder AI en digitalisering stagneert de
groei in de zakelijke dienstverlening. Wel is
een ander verdienmodel nodig: outcome
pricing. Lees hier meer.
28 oktober 2025
Nieuwe EU importquota en -heffingen
staal: de impact op Nederlandse
sectoren
De EU verlaagt het importquotum en
verhoogt de importheffingen voor staal
van buiten de EU. RaboResearch
onderzocht de effecten daarvan.
15 oktober 2025
RaboResearch
Lees ook
10/29/25, 8:56 PM
Meeste werkenden zien kunstmatige intelligentie niet als bedreiging voor hun baan - Rabobank
https://www.rabobank.nl/kennis/s011385065-meeste-werkenden-zien-kunstmatige-intelligentie-niet-als-bedreiging-voor-hun-baan-quick-read
3/4

Conjunctuurupdate Nederland oktober
2025: iets hogere groei en beleidsarme
Prinsjesdag
Ons bbp groeide in het tweede kwartaal
van 2025 met 0,2% in plaats van de eerder
gerapporteerde 0,1%, vooral dankzij
hogere huishoudconsumptie en
investeringen.
3 oktober 2025
RaboResearch
Laad meer
10/29/25, 8:56 PM
Meeste werkenden zien kunstmatige intelligentie niet als bedreiging voor hun baan - Rabobank
https://www.rabobank.nl/kennis/s011385065-meeste-werkenden-zien-kunstmatige-intelligentie-niet-als-bedreiging-voor-hun-baan-quick-read
4/4
",yes,['kunstmatige intelligentie'],"['ai', 'chatgpt', 'generatieve kunstmatige intelligentie', 'kunstmatige intelligentie']","['kunstmatige intelligentie', 'ai', 'google', 'generatieve kunstmatige intelligentie', 'microsoft', 'chatgpt']",1,10,"['google', 'microsoft']","...beïnvloeden de manier waarop mensen werken. Dat gold eerder bij de
introductie van stoommachines, computers en het internet. En dat geldt ook voor de komst van een
nieuwe technologie als ChatGPT. We onderzoeken welke werkenden het meest bloot staan aan
nieuwe technologie en de mate waarin werkenden zelf verwachten dat nieuwe technologie hun
werk verandert.
Meteen de diepte in?
Lees de de belangstelling staat, helpt vooral
bij cognitieve taken, die een beroep doen op het denkvermogen. Voorbeelden daarvan zijn het
opstellen van brieven of boekhouden.
10/29/25, 8:56 PM
Meeste werkenden zien kunstmatige intelligentie niet als bedreiging voor hun baan - Rabobank
https://www.rabobank.nl/kennis/s011385065-meeste-werkenden-zien-kunstmatige-intelligentie-niet-als-bedreiging-voor-hun-baan-quick-read
1/4

Taalmodel
Generatieve kunstmatige intelligentie (KI), ook wel bekend als generative AI, gebruikt grote
taalmodellen om allerlei cognitieve taken uit te voeren. Bekende tools zijn ChatGPT, dat teksten
genereert op basis van opdrachten (prompts), en Dall-E2, dat op basis van prompts afbeeldingen maakt.
Er zijn daarnaast nog heel veel andere tools en partijen zoals Google en Microsoft die de technologie in
hun producten integreren. Met deze tools kunnen individuen cognitieve taken (deels) automatiseren.
Ongeveer 21 procent van de taken van werkenden in Nederland zijn cognitieve routinetaken, bij in bijvoorbeeld de transport en logistiek eerder te
maken met robotisering. En wie in de zakelijke en financiële dienstverlening werkt, moet rekening
houden met de ontwikkelingen op het gebied van kunstmatige intelligentie. De meeste werkenden
zeggen echter dat ze nieuwe technologieën nu nog nauwelijks gebruiken. Een kwart van de werkenden
verwacht er de komende tijd wel meer mee te maken te de werkenden
verwacht niet veel goeds van de ontwikkelingen op technologisch gebied, terwijl 25 procent denkt dat
hun werk er juist positief door verandert.
10/29/25, 8:56 PM
Meeste werkenden zien kunstmatige intelligentie niet als bedreiging voor hun baan - Rabobank
https://www.rabobank.nl/kennis/s011385065-meeste-werkenden-zien-kunstmatige-intelligentie-niet-als-bedreiging-voor-hun-baan-quick-read
2/4

Het werk verandert
Hoewel maar weinig mensen zich zorgen maken over baan- of inkomensverlies door nieuwe
technologie, verwacht ruim commerciële ideeën. Dit
document is uitsluitend bedoeld voor informatieve doeleinden en mag niet worden opgevat als aanbod,
uitnodiging of aanbeveling. Lees verder
Zakelijke dienstverlening: van
urenfabriek naar outcome pricing
Zonder AI en digitalisering stagneert de
groei in de zakelijke dienstverlening. Wel is
een ander verdienmodel nodig: outcome
pricing. Lees hier meer.
28 oktober 2025
Nieuwe EU importquota en -heffingen
staal: de...","[(232, 619), (1256, 2273), (3271, 3665), (3695, 4234), (4811, 5250)]",12,2786,415,935
60,rabobank,Revolutie_ plastic sorteren met kunstmatige intelligentie - Rabobank.pdf,"Impact
Revolutie: plastic sorteren met kunstmatige
intelligentie
31 mei 2024 11:00
Plasticafval wordt in containers naar de andere kant van de wereld verscheept. Waar het wordt
verwerkt tot regranulaat - een grondstof voor nieuw plastic. Dat kan duurzamer, vond Broeckx
Plastic Recycling. Met een hogere kwaliteit regranulaat en vooral lokaal geproduceerd, binnen de
EU, waardoor er minder transportbewegingen nodig zijn. Dus ontwikkelde het Brabantse
familiebedrijf met hulp van machinebouwer Bollegraaf en financiering van Rabobank een
revolutionaire AI-gestuurde sorteermachine.
Minder transport & meer milieuwinst
Milieuwinst
Algemeen directeur Twan Hesselmans: “De huidige sorteermachines sorteren plastic op type kunststof
en kleur. Maar met onze nieuwe sorteerlijn kunnen we straks ook sorteren op chemische
eigenschappen. Dat is belangrijk voor bijvoorbeeld afnemers in de verpakkingsindustrie. Die kunnen op
die manier veel meer regranulaat verwerken in hun verpakkingen, zonder dat de kwaliteit achteruitgaat.
En daardoor is er minder virgin granulaat nodig: nieuwe korrels gemaakt van aardolie. De overheid
stuurt daar nu met nieuwe wetgeving op aan, want het levert milieuwinst op.”
Het moet kunnen
Eigenaar Ad Broeckx: “Scheiden op basis van chemische eigenschappen leek onmogelijk. Maar we
dachten: het móet kunnen. Met machinebouwer Bollegraaf hebben we de afgelopen jaren
samengewerkt aan de ontwikkeling van deze innovatieve machine. De bouw van de machine en de hal
waar die komt te staan, vraagt om een miljoeneninvestering. Maurice Peeters, onze accountmanager
van Rabobank kent ons al een jaar of 20. Hij zorgde onder meer voor een Rabo Impactlening: een lening
met rentekorting voor bedrijven en organisaties die ondernemen met duurzame of maatschappelijke
impact.”
“Broeckx: Blijf geloven in je eigen kracht.”
10/29/25, 8:55 PM
Revolutie: plastic sorteren met kunstmatige intelligentie - Rabobank
https://www.rabobank.nl/over-ons/impact/article/011429286/revolutie-plastic-sorteren-met-kunstmatige-intelligentie
1/3

Circulair Ondernemen Desk
Maurice Peeters: “Zo’n lening krijg je niet zomaar. Je hebt er een keurmerk voor nodig. Voor erg
bijzondere initiatieven, zoals deze sorteerlijn, kan een klant op basis van een expertopinie van onze
Circulair Ondernemen Desk, zonder keurmerk toch in aanmerking komen voor zo’n lening. Dit initiatief
is zó mooi: het past helemaal bij onze visie op duurzaamheid en circulariteit. Met de nieuwe sorteerlijn
kan er straks hoogwaardig regranulaat in Europa worden geproduceerd. Ook over de verzekering
hebben we meegedacht. Een recyclingbedrijf moet voldoen aan strenge eisen. Niet elke ondernemer
ziet dat zitten. Maar dankzij ons goede contact en begrip voor elkaars standpunten hebben we het met
Interpolis toch voor elkaar gekregen.”
Op tijd vooruitgekeken
Ad Broeckx: “Inmiddels is duidelijk dat de Europese Unie de export van kunststofafval gaat verbieden.
En een percentage gerecycled plastic in producten verplicht gaat stellen. We hebben op tijd
vooruitgekeken, en concrete stappen gezet voor een duurzamere wereld. Ik ben er trots op dat we
zelfstandig kunnen blijven. En dat we in onszelf zijn blijven geloven.” Nu de financiering rond is, is het
wachten op de vergunning voor de bouw van de hal. De nieuwe, innovatieve sorteermachine is in 2026
operationeel.
Ook een goed idee voor circulair ondernemen? Kijk wat we voor je bedrijf kunnen doen op
https://www.rabobank.nl/grootzakelijk
10/29/25, 8:55 PM
Revolutie: plastic sorteren met kunstmatige intelligentie - Rabobank
https://www.rabobank.nl/over-ons/impact/article/011429286/revolutie-plastic-sorteren-met-kunstmatige-intelligentie
2/3

Maurice Peeters is accountmanager handel en horeca bij Rabobank
“Ook na een financieringstraject blijven we met klanten in gesprek. Zo bouwen we aan een relatie. In
het geval van Broeckx Plastic Recycling zorgde die jarenlange relatie én een goed financieringsvoorstel
ervoor dat de klant voor Rabobank koos.”
Andere verhalen
Coöperatief Initiatief -
Biobased Bouwen en
Waterhergebruik
20 oktober 2025
Gigabatterijen: onmisbaar
voor de energietransitie
5 juli 2024
De groene energie van Avitec
2 mei 2024
Laad meer
10/29/25, 8:55 PM
Revolutie: plastic sorteren met kunstmatige intelligentie - Rabobank
https://www.rabobank.nl/over-ons/impact/article/011429286/revolutie-plastic-sorteren-met-kunstmatige-intelligentie
3/3
",yes,['kunstmatige intelligentie'],"['ai', 'kunstmatige intelligentie']","['kunstmatige intelligentie', 'ai']",1,4,[],"...regranulaat en vooral lokaal geproduceerd, binnen de
EU, waardoor er minder transportbewegingen nodig zijn. Dus ontwikkelde het Brabantse
familiebedrijf met hulp van machinebouwer Bollegraaf en financiering van Rabobank een
revolutionaire AI-gestuurde sorteermachine.
Minder transport & meer milieuwinst
Milieuwinst
Algemeen directeur Twan Hesselmans: “De huidige sorteermachines sorteren plastic op type kunststof
en kleur. Maar met onze nieuwe sorteerlijn kunnen we straks ook Impactlening: een lening
met rentekorting voor bedrijven en organisaties die ondernemen met duurzame of maatschappelijke
impact.”
“Broeckx: Blijf geloven in je eigen kracht.”
10/29/25, 8:55 PM
Revolutie: plastic sorteren met kunstmatige intelligentie - Rabobank
https://www.rabobank.nl/over-ons/impact/article/011429286/revolutie-plastic-sorteren-met-kunstmatige-intelligentie
1/3

Circulair Ondernemen Desk
Maurice Peeters: “Zo’n lening krijg je niet zomaar. Je hebt er een keurmerk voor nodig. Voor erg
bijzondere initiatieven, zoals deze sorteerlijn, innovatieve sorteermachine is in 2026
operationeel.
Ook een goed idee voor circulair ondernemen? Kijk wat we voor je bedrijf kunnen doen op
https://www.rabobank.nl/grootzakelijk
10/29/25, 8:55 PM
Revolutie: plastic sorteren met kunstmatige intelligentie - Rabobank
https://www.rabobank.nl/over-ons/impact/article/011429286/revolutie-plastic-sorteren-met-kunstmatige-intelligentie
2/3

Maurice Peeters is accountmanager handel en horeca bij Rabobank
“Ook na een financieringstraject blijven we met klanten in gesprek. Zo bouwen we aan een relatie. en
Waterhergebruik
20 oktober 2025
Gigabatterijen: onmisbaar
voor de energietransitie
5 juli 2024
De groene energie van Avitec
2 mei 2024
Laad meer
10/29/25, 8:55 PM
Revolutie: plastic sorteren met kunstmatige intelligentie - Rabobank
https://www.rabobank.nl/over-ons/impact/article/011429286/revolutie-plastic-sorteren-met-kunstmatige-intelligentie
3/3...","[(314, 792), (1658, 2211), (3281, 3827), (4033, 4386)]",4,1939,275,648
61,randstad,24% decline in Financial Services junior roles spurs shift to an AI-driven skills-first revolution _ Randstad.pdf,"•
78% of financial services professionals say their employer is helping
them build future-proof skills (vs. global average of 64%)
•
80% feel ready to use the latest technologies, including AI (vs. 71%
globally)
•
Global job postings for entry-level roles (0–2 years’ experience) down
24% as roles evolve, with growth in senior opportunities
Artificial intelligence is accelerating change in the financial services
sector, reshaping the skills required and the roles available.
Randstad’s latest analysis shows global job postings requiring 0–2 years’
experience fell by 24%, since January 2024, driven largely by the
automation of routine tasks. Data entry clerks saw the steepest decline
(-63%), followed by auditors (-43%), payroll specialists (-41%) and financial
analysts (-46%). These findings are based on 11m job postings analyzed by
Randstad.
2025
24% decline in Financial Services junior roles
spurs shift to an AI-driven skills-first
revolution.
22 September 2025
share article:

Demand for senior professionals (10+ years’ experience) is more resilient,
rising by 6% over the same period of time.
We are witnessing a fundamental reconfiguration of entry points into the
financial services workforce, as AI and broader economic pressures
reshape the role of junior talent. The sharp decline in demand for
traditional entry-level jobs may seem like a challenge, but the picture is
more optimistic. For a generation of ambitious, tech-savvy professionals
entering the industry, these changes represent a shift, not a shutdown. 
As automation absorbs repetitive and rules-based tasks, new
opportunities are emerging for early-career talent to contribute in more
strategic, creative and client-focused ways. Far from displacing talent,
technology is creating space for growth.
Employers are already adapting. Randstad’s 2025 Talent Trends report,
based on a survey of 1,060 talent leaders across 21 markets, finds that 83%
of organizations are adopting a skills-first approach to hiring and
development, moving away from rigid job definitions to focus on
capabilities. 
This aligns with Randstad’s 2025 Workmonitor findings that 78% of
financial services professionals say their employer is equipping them with
future-ready skills, and 80% feel prepared to use new technologies such
as AI – both well above the global averages of 64% and 71%.
Gen Z, in particular, is adapting quickly to this landscape.
Randstad research finds that Gen Z are actively pursuing growth,
combining roles and side hustles, and using AI to expand their skills at
pace. In fact, 75% of Gen Z are already using AI to upskill, more than any
other generation. 

This transformation is unfolding alongside a broader shift in workplace
expectations. Randstad’s research shows that 88% of financial services
talent now prioritize work-life balance over compensation, while 87%
believe a sense of community improves performance. 
In a sector often defined by long hours and individual performance
metrics, adaptability, inclusion and purpose are emerging as key drivers of
attraction and retention.
Sander van ‘t Noordende, CEO of Randstad, said:
“Entry-level roles have long been the foundation of career progression in
financial services but that foundation is shifting. As automation reduces
the need for routine work, employers must respond by accelerating
learning and development and creating clear, future-focused pathways
into the industry. The data shows that talent is ready to change: they want
to grow, adapt and contribute in more meaningful ways. Businesses that
invest in skilling, inclusion and culture will be the ones that thrive in this
new era.”
about randstad.
Randstad is a global talent leader with the vision to be the world’s most
equitable and specialized talent company. As a partner for talent and
through our four specializations - Operational, Professional, Digital and
Enterprise - we provide clients with the high-quality, diverse and agile
workforces that they need to succeed in a talent scarce world. We help
people secure meaningful roles, develop relevant skills and find purpose
and belonging in their workplace. Through the value we create, we are
committed to a better and more sustainable future for all. 
Headquartered in the Netherlands, Randstad operates in 39 markets and
has approximately 40,000 employees. In 2024, we supported over 1.7

million talent to find work and generated a revenue of € 24.1 billion.
Randstad N.V. is listed on the Euronext Amsterdam. 
For more information, see www.randstad.com. 
about Workmonitor.
The Randstad Workmonitor, now in its 22nd year, explores the views of
working people in 35 markets across Europe, Asia-Pacific and the
Americas. It aims to provide an inside look at their attitudes, ambitions
and expectations as the world of work continues to transform.
It is conducted online among respondents aged 18–67 who are either
employed for at least 24 hours per week, sole traders, or unemployed but
considering looking for a job in the future. The minimum sample size is
500 interviews per market. Evalueserve is used for sampling purposes. 
The survey was conducted between October 7 and November 6, 2024
among over 26,000 workers in Argentina, Australia, Austria, Belgium,
Brazil, Canada, Chile, China, Czech Republic, Denmark, France, Germany,
Greece, Hong Kong SAR, Hungary, India, Italy, Japan, Luxembourg,
Malaysia, Mexico, the Netherlands, New Zealand, Norway, Poland,
Portugal, Romania, Singapore, Spain, Sweden, Switzerland, Türkiye, the
United Kingdom, the United States and Uruguay.
about the report, Gen Z workplace blueprint: fast moving, future
focused.
The survey connected to this report explores the views of working people
in Europe, Asia-Pacific and North America. It is based on primary data
collected from 11,250 respondents in 15 markets between 30 June - 14 July
2025. For the primary research, Randstad partnered with Evalueserve, a
global research and analysis firm.

about the randstad enterprise talent trends report.
The 2024 Talent Trends research is a survey of 1,076 C-suite and human
capital leaders at global and regional organizations across 21 markets
worldwide. It is our largest survey in the nine-year history of the Talent
Trends Report and is designed to help our clients and the broader
business community understand the top HR and talent acquisition trends
for 2024. Conducted by a third party on behalf of Randstad Enterprise,
survey panels are composed of business leaders who influence both
strategic and operational decisions for their organizations. Online surveys
were conducted via external panels during Q4 of 2023. Interviews were
self-administered and could be taken across devices (including mobile
phones, tablets, desktops and laptops). 
Markets surveyed: Argentina, ​Australia, Belgium, Brazil, Canada, China,
France, Germany, Hungary, India, Italy, Japan, Mexico, Netherlands,
Nordics, Poland, Singapore, Spain, Switzerland, U.K., U.S.
tags:
2025, thought leadership
find a job
for talents
for employers
investors

Randstad N.V.
Registered in The Netherlands No: 33216172 Registered office: Diemermere 25, 1112 TC Diemen, The
Netherlands.
RANDSTAD, 
is a registered trademark of © Randstad N.V.
 
Some images on our website have been generated using AI.
contact us
terms & conditions
accessibility
cookies
privacy notice
misconduct reporting procedure
sitemap
misuse of our brands
press
about Randstad
about this website
",yes,['ai'],"['ai', 'artificial intelligence']","['artificial intelligence', 'ai']",1,8,[],"•
78% of financial services professionals say their employer is helping
them build future-proof skills (vs. global average of 64%)
•
80% feel ready to use the latest technologies, including AI (vs. 71%
globally)
•
Global job postings for entry-level roles (0–2 years’ experience) down
24% as roles evolve, with growth in senior opportunities
Artificial intelligence is accelerating change in the financial services
sector, reshaping the skills required and the roles available.
Randstad’s latest analysis shows global job postings requiring 0–2 years’
experience fell by payroll specialists (-41%) and financial
analysts (-46%). These findings are based on 11m job postings analyzed by
Randstad.
2025
24% decline in Financial Services junior roles
spurs shift to an AI-driven skills-first
revolution.
22 September 2025
share article:

Demand for senior professionals (10+ years’ experience) is more resilient,
rising by 6% over the same period of time.
We are witnessing a fundamental reconfiguration of entry points into the
financial services workforce, as AI and broader economic pressures
reshape the role of junior talent. The sharp decline in demand for
traditional entry-level jobs may seem like a challenge, but the picture is
more optimistic. with Randstad’s 2025 Workmonitor findings that 78% of
financial services professionals say their employer is equipping them with
future-ready skills, and 80% feel prepared to use new technologies such
as AI – both well above the global averages of 64% and 71%.
Gen Z, in particular, is adapting quickly to this landscape.
Randstad research finds that Gen Z are actively pursuing growth,
combining roles and side hustles, and using AI to expand their skills at
pace. In fact, 75% of Gen Z are already using AI to upskill, more than any
other generation. 

This transformation is unfolding alongside a broader shift in workplace
expectations. Randstad’s research shows that 88% of financial services
talent now prioritize work-life Netherlands No: 33216172 Registered office: Diemermere 25, 1112 TC Diemen, The
Netherlands.
RANDSTAD, 
is a registered trademark of © Randstad N.V.
 
Some images on our website have been generated using AI.
contact us
terms & conditions
accessibility
cookies
privacy notice
misconduct reporting procedure
sitemap
misuse of our brands
press
about Randstad
about this website...","[(0, 570), (727, 1407), (2089, 2818), (7066, 7439)]",8,2358,365,1152
62,randstad,AI skills gap widens. _ Randstad.pdf,"Against a backdrop of structural talent scarcity, Randstad research
highlights how AI inequities stand to worsen labor shortages if left
unchecked. 
•
While 75% of companies are adopting AI, only 35% of talent have
received AI training in the last year.
•
71% of AI-skilled workers are men and just 29% women - a 42
percentage point gender gap.
•
Just one in five Baby Boomers have been offered AI skilling
opportunities, compared to almost half of Gen Z workers
As the demand for talent with AI skills skyrockets, growing fivefold in the
last year, Randstad’s latest report, Understanding Talent Scarcity: AI and
Equity, has found that there is also an AI skills gap taking hold. The
insights were derived from data from nearly three million job profiles and
the experiences of over 12,000 talent around the world.
2024
AI skills gap widens: 71% of AI talent are
men, while only 22% of baby boomers
receive training - reveals randstad data.
12 November 2024
share article:

The data brings into focus a stark divide in access to AI training and
opportunities, with 42% more men than women reporting AI proficiency,
and just 22% of Baby Boomers and 28% of Gen X have been offered AI
skilling opportunities, compared to 45% of Gen Z and 43% of Millennials.
However, with younger talent driving AI skills acquisition at
unprecedented rates, growing by 292% vs an average of 110%, this has
also brought early signs of a narrowing gender gap. Women who have
been working around 30 years account for only 21% of talent with AI skills,
however when looking at those with less than 1 year of experience, this
rises to 34%.
Randstad CEO, Sander van ‘t Noordende, commented: ""Talent scarcity is a
significant global challenge, and so equitable access to skilling, resources
and opportunities needs to be a fundamental part of addressing this.
However, when it comes to AI, demand continues to grow at an
unprecedented rate, and so does the AI equity gap it is creating. Unless
we recognize and take active steps to address this, the pool of workers
who are prepared for the future of work will be too small - creating even
more shortages across industries.”
bridging the 42 percentage point AI gender divide.
There are clear shortcomings when it comes to gender equity and AI
opportunities at work. Just over a third of women have been offered
access by their employers to use it in their role (35%) compared with two-
fifths of men (41%) and men are 10% more likely than women to use AI to
problem-solve at work. 
When it comes to AI skilling, women are not only 5% less likely to be
offered AI skilling opportunities, but they also feel less confident (30%)
than men (35%) that the training they have received has adequately
prepared them to utilize the technology in their careers.

This points to a divergence forming between men and women, with men
more likely to be able to capitalize on the surge in demand for AI roles in
today’s global job market. This can already be seen in advanced technical
areas such as Deep Learning, where 76% of the talent pool is male. 
older workers over twice less likely to receive AI skilling.
The report highlights a significant generational divide in AI adoption.
While younger workers are rapidly embracing AI in their roles, Baby
Boomers are notably lagging. Less than one in three (31%) Baby Boomers
currently use AI, while nearly half (48%) of Gen Z are leveraging the
technology, potentially boosting their productivity and positioning
themselves more favorably for AI-driven roles.
This generational gap is also evident in job mobility. Younger talent with AI
skills, particularly those with 1-5 years of experience, reported a 33% job
change rate last year, reflecting high demand and greater movement in
the job market. In contrast, Baby Boomers, along with many Gen X (19%)
and Millennial workers (25%), are remaining more static in their careers,
increasing the risk of being left behind as AI becomes more integral to
future job opportunities.
Notably, Gen Z workers are twice as likely (63%) to seek AI learning
opportunities outside the workplace compared to Baby Boomers (27%).
Moreover, only 34% of Baby Boomers believe AI can make their work
easier, compared to 63% of Gen Z, 58% of Millennials, and 44% of Gen X.
steps to bridge the AI skills gap and address talent scarcity.
To address the widening AI skills gap and ensure all demographics can
contribute to enhanced productivity in the fight against talent scarcity,
Randstad’s report provides key recommendations for organizations to
promote equitable AI adoption. 

•
Rethink skilling: Organizations must adopt faster, more inclusive
skilling approaches to ensure that all demographics can keep up with
rapidly evolving AI technologies.
•
Explore possibilities & limitations: It is crucial for companies to
critically assess both the potential and limitations of AI, addressing
biases and ensuring that talent is well-prepared to use the technology
effectively.
•
Take a personalized approach: Employers should understand the
unique barriers different groups face in AI adoption and tailor skilling
opportunities to meet these diverse needs.
•
Foster collaboration: Partnerships between businesses, educational
institutions, and societal organizations are essential to bridge AI skills
gaps and ensure long-term equity across all demographics.
In celebration of the International Day for Persons with Disabilities on
December 3, 2024, Randstad will publish an additional press release with
new insights and data on AI workplace experiences specific to this
demographic.
about Randstad.
Randstad is a global talent leader with the vision to be the world’s most
equitable and specialized talent company. As a partner for talent and
through our four specializations - Operational, Professional, Digital and
Enterprise - we provide clients with the high-quality, diverse and agile
workforces that they need to succeed in a talent scarce world. We help
people secure meaningful roles, develop relevant skills and find purpose
and belonging in their workplace. Through the value we create, we are
committed to a better and more sustainable future for all. 
Headquartered in the Netherlands, Randstad operates in 39 markets and
has approximately 40,000 employees. In 2023, we supported 2 million

talent to find work and generated a revenue of €25.4 billion. Randstad N.V.
is listed on the Euronext Amsterdam. For more information,
see www.randstad.com
about the ai & equity report.
The survey connected to this report explores the views of working people
in Europe, Asia-Pacific and North America. It is based on primary data
collected from 12,429 respondents in 15 markets between 5 and 22 August
2024, along with secondary research compiled using data from almost 3
million job profiles from September 2023 to September 2024. For the
primary research, Randstad partnered with Evalueserve, a global research
and analysis firm.
tags:
2024, thought leadership
go to report
find a job
for talents
for employers
investors

Randstad N.V.
Registered in The Netherlands No: 33216172 Registered office: Diemermere 25, 1112 TC Diemen, The
Netherlands.
RANDSTAD, 
is a registered trademark of © Randstad N.V.
 
Some images on our website have been generated using AI.
contact us
terms & conditions
accessibility
cookies
privacy notice
misconduct reporting procedure
sitemap
misuse of our brands
press
about Randstad
about this website
",yes,['ai'],"['ai', 'deep learning']","['deep learning', 'ai']",1,43,[],"Against a backdrop of structural talent scarcity, Randstad research
highlights how AI inequities stand to worsen labor shortages if left
unchecked. 
•
While 75% of companies are adopting AI, only 35% of talent have
received AI training in the last year.
•
71% of AI-skilled workers are men and just 29% women - a 42
percentage point gender gap.
•
Just one in five Baby Boomers have been offered AI skilling
opportunities, compared to almost half of Gen Z workers
As the demand for talent with AI skills skyrockets, growing fivefold in the
last year, Randstad’s latest report, Understanding Talent Scarcity: AI and
Equity, has found that there is also an AI skills gap taking hold. The
insights were derived from data from nearly three million job profiles and
the experiences of over 12,000 talent around the world.
2024
AI skills gap widens: 71% of AI talent are
men, while only 22% of baby boomers
receive training - reveals randstad data.
12 November 2024
share article:

The data brings into focus a stark divide in access to AI training and
opportunities, with 42% more men than women reporting AI proficiency,
and just 22% of Baby Boomers and 28% of Gen X have been offered AI
skilling opportunities, compared to 45% of Gen Z and 43% of Millennials.
However, with younger talent driving AI skills acquisition at
unprecedented rates, growing by 292% vs an average of 110%, this has
also brought early signs of a narrowing gender gap. Women who have
been working around 30 years account for only 21% of talent with AI skills,
however when looking at those with less than 1 year of experience, this
rises to 34%.
Randstad CEO, Sander van ‘t Noordende, commented: ""Talent scarcity is a
significant global challenge, and so equitable access to skilling, resources
and opportunities needs to be a fundamental part of addressing this.
However, when it comes to AI, demand continues to grow at an
unprecedented rate, and so does the AI equity gap it is creating. Unless
we recognize and take active steps to address this, the pool of workers
who are prepared for the future of work will be too small - creating even
more shortages across industries.”
bridging the 42 percentage point AI gender divide.
There are clear shortcomings when it comes to gender equity and AI
opportunities at work. Just over a third of women have been offered
access by their employers to use it in their role (35%) compared with two-
fifths of men (41%) and men are 10% more likely than women to use AI to
problem-solve at work. 
When it comes to AI skilling, women are not only 5% less likely to be
offered AI skilling opportunities, but they also feel less confident (30%)
than men (35%) that the training they have received has adequately
prepared them to utilize the technology in their careers.

This points to a divergence forming between men and women, with men
more likely to be able to capitalize on the surge in demand for AI roles in
today’s global job market. This can already be seen in advanced technical
areas such as Deep Learning, where 76% of the talent pool is male. 
older workers over twice less likely to receive AI skilling.
The report highlights a significant generational divide in AI adoption.
While younger workers are rapidly embracing AI in their roles, Baby
Boomers are notably lagging. Less than one in three (31%) Baby Boomers
currently use AI, while nearly half (48%) of Gen Z are leveraging the
technology, potentially boosting their productivity and positioning
themselves more favorably for AI-driven roles.
This generational gap is also evident in job mobility. Younger talent with AI
skills, particularly those with 1-5 years of experience, reported a 33% job
change rate last year, reflecting high demand and greater movement in
the job market. In contrast, Baby Boomers, along with many Gen X (19%)
and Millennial workers (25%), are remaining more static in their careers,
increasing the risk of being left behind as AI becomes more integral to
future job opportunities.
Notably, Gen Z workers are twice as likely (63%) to seek AI learning
opportunities outside the workplace compared to Baby Boomers (27%).
Moreover, only 34% of Baby Boomers believe AI can make their work
easier, compared to 63% of Gen Z, 58% of Millennials, and 44% of Gen X.
steps to bridge the AI skills gap and address talent scarcity.
To address the widening AI skills gap and ensure all demographics can
contribute to enhanced productivity in the fight against talent scarcity,
Randstad’s report provides key recommendations for organizations to
promote equitable AI adoption. 

•
Rethink skilling: Organizations must adopt faster, more inclusive
skilling approaches to ensure that all demographics can keep up with
rapidly evolving AI technologies.
•
Explore possibilities & limitations: It is crucial for companies to
critically assess both the potential and limitations of AI, addressing
biases and ensuring that talent is well-prepared to use the technology
effectively.
•
Take a personalized approach: Employers should understand the
unique barriers different groups face in AI adoption and tailor skilling
opportunities to meet these diverse needs.
•
Foster collaboration: Partnerships between businesses, educational
institutions, and societal organizations are essential to bridge AI skills
gaps and ensure long-term equity across all demographics.
In celebration of the International Day for Persons with Disabilities on
December 3, 2024, Randstad will publish an additional press release with
new insights and data on AI workplace experiences specific to this
demographic.
about Randstad.
Randstad is a global talent leader with the vision to be the world’s most
equitable and specialized talent company. As a partner we supported 2 million

talent to find work and generated a revenue of €25.4 billion. Randstad N.V.
is listed on the Euronext Amsterdam. For more information,
see www.randstad.com
about the ai & equity report.
The survey connected to this report explores the views of working people
in Europe, Asia-Pacific and North America. It is based on primary data
collected from 12,429 Netherlands No: 33216172 Registered office: Diemermere 25, 1112 TC Diemen, The
Netherlands.
RANDSTAD, 
is a registered trademark of © Randstad N.V.
 
Some images on our website have been generated using AI.
contact us
terms & conditions
accessibility
cookies
privacy notice
misconduct reporting procedure
sitemap
misuse of our brands
press
about Randstad
about this website...","[(0, 5718), (6270, 6645), (7050, 7423)]",43,6471,1057,1205
63,randstad,"AI, skills, and flexibility in a ‘talent multiverse’_ randstad enterprise highlights top priorities for talent leaders in 2025. _ Randstad.pdf","randstad enterprise’s new talent trends research
highlights the rise of AI-powered skills strategies and
the increasing importance of embracing workforce
agility.
•
A new era for how work gets done is emerging, driven by AI: 82% of
company leaders positively regard the proliferation of new
advancements, like AI and HR technologies, suggesting a new era of
work in which technology and human skills intertwine.
•
Skills are the new currency: 83% of companies have already adopted
or are transitioning to a skills-based talent management model,
recognizing that skills, not just roles, are crucial for future success. 
•
Belonging drives business success: More than three-quarters (78%) of
organizations acknowledge the positive impact of equity efforts and
89% say equity is embedded within their talent strategies and integral
to everything they do — a 13-point increase since last year.
2025
AI, skills, and flexibility in a ‘talent
multiverse’: randstad enterprise highlights
top priorities for talent leaders in 2025.
06 February 2025
share article:

Randstad Enterprise, a global talent solutions provider, today released its
2025 Talent Trends Report, which reveals how talent leaders are preparing
for a new world of work shaped by artificial intelligence (AI), shifting
socio-economic dynamics and a rapidly evolving skills landscape.
AI’s role in building better workplace cultures.
The integration of AI is not just impacting business operations. It's
fundamentally reshaping workplace culture. From fostering inclusivity to
enhancing the employee experience, here's how AI is driving a new era of
work:
A new era for how work gets done is emerging, driven by AI: As 82% of
company leaders positively regard the proliferation of new
advancements, like AI and HR technologies, it’s clear that AI is
becoming increasingly intertwined with workplace culture. This aligns
with talent globally identifying AI as their most preferred skilling
opportunity, according to Randstad’s Workmonitor research.
AI is empowering a more purposeful and satisfying work experience:
84% of talent leaders find that robots and machine learning are
alleviating mundane tasks, giving knowledge workers more time to
focus on engaging, fulfilling work and driving innovation.
Career growth in the age of AI is a top priority for organizations:
Recognizing the significant impact of AI on the workforce, 82% of
employers are proactively providing training for workers who are
impacted by AI to help them remain employed and find new
opportunities. However, this does contrast with what talent have
reported: in the last six months, just 33% of workers say they have
seen an increase in training opportunities.
Neurodivergent talent is poised to thrive with the help of AI: It
is predicted that by 2027, 20% of the Fortune 500 will actively recruit
neurodivergent talent to enhance performance. This aligns with
1.
2.
3.
4.

Randstad’s research: 89% of talent leaders embed inclusion within
their strategies, and 43% have adjusted recruitment processes to
better support talent of all backgrounds. Similarly,
additional Randstad research finds that 55% of talent with disabilities
use AI for workplace problem-solving, compared to just 39% of non-
disabled peers.
rethink how work gets done.
The way work is structured is evolving, moving beyond rigid job roles to a
more flexible, skills-driven model. By leveraging a diverse mix of talent —
including full-time employees, freelancers, contractors and gig workers —
organizations can increase agility, improve workforce planning and unlock
new opportunities for growth.
Here's how talent leaders are embracing this shift:
Workforce agility is the new normal: 87% of leaders say their talent
strategies are now more focused on building a truly agile workforce
than ever before.
The demand for flexibility is driving new work arrangements: In
response to the evolving talent landscape, 46% of talent leaders are
prioritizing the creation of a more fluid and flexible workforce. This
aligns with Randstad’s Workmonitor finding that 31% of workers would
quit a job if it didn't provide enough flexibility.
Value creation takes center stage: 84% of talent leaders are prioritizing
creating value for their organization over simple cost savings.
step into the skills-first era.
Organizations are recognizing that skills are a critical currency of work. To
remain competitive, they're embracing a skills-first approach to talent
1.
2.
3.

acquisition, development and internal mobility. Here are some of the key
actions they are taking: 
Bridging the leadership gap is crucial: 45% of employers are investing
in executive coaching programs to develop the leadership skills
needed to navigate the future of work.
A skills-based approach is now a business imperative: The vast
majority of companies (83%) are transitioning to, or have already
adopted, a skills-based model for talent acquisition and management.
Internal talent marketplaces are gaining momentum: 81% of employers
believe talent acquisition will be focused on internal mobility more
than external recruitment, and internal talent marketplaces are
helping to accelerate this shift.
As organizations accelerate their adoption of AI, skills development and
flexible work models, the human element must remain central. More than
three-quarters (78%) of talent management leaders say equity efforts have
had a positive impact on their business, yet talent expectations continue
to rise. Nearly 60% of workers believe their employers aren’t doing
enough to promote equity, while almost two-thirds agree that such
initiatives make a real difference and want them to be more ambitious. 
“The last decade has been a period of disruption unlike any other, and
talent leaders have played a critical role in navigating organizations
through global crises and shifting expectations,” said Mike Smith, Chief
Executive at Randstad Enterprise. ""The future demands that they
reimagine work in the age of AI, balancing ethical applications and
optimal efficiencies while developing and upskilling the workforce to
reach its greatest potential.”
additional resources.
1.
2.
3.

•
 Randstad Enterprise In-Demand Skills research
•
 Randstad 2025 Workmonitor
about the randstad enterprise talent trends report.
The 2024 Talent Trends research is a survey of 1,076 C-suite and talent
leaders at global and regional organizations across 21 markets worldwide.
It is our largest survey in the nine-year history of the Talent Trends Report
and is designed to help our clients and the broader business community
understand the top HR and talent acquisition trends for 2024. Conducted
by a third party on behalf of Randstad Enterprise, survey panels are
composed of business leaders who influence both strategic and
operational decisions for their organizations. Online surveys were
conducted via external panels during Q4 of 2023. Interviews were self-
administered and could be taken across devices (including mobile
phones, tablets, desktops and laptops). 
Markets surveyed: Argentina, ​Australia, Belgium, Brazil, Canada, China,
France, Germany, Hungary, India, Italy, Japan, Mexico, Netherlands,
Nordics, Poland, Singapore, Spain, Switzerland, U.K., U.S.
about randstad enterprise.
Randstad Enterprise is the leading global talent solutions provider,
enabling companies to create sustainable business value and agility by
keeping people at the heart of their organizations. As part of Randstad N.V.
— a global talent leader with revenue of € 25.4 billion — we combine
unmatched talent data and market insights with smart technologies and
deep people expertise. Our integrated talent solutions – talent acquisition
(RPO, MSP, services procurement/SOW and talent BPO) delivered through
Randstad Sourceright, and talent development and transition (talent
mobility, career coaching and outplacement) delivered through Randstad

RiseSmart – help companies build a skilled and agile workforce that
moves their business forward.
For more information, visit www.randstadenterprise.com.
about randstad.
Randstad is a global talent leader with the vision to be the world’s most
equitable and specialized talent company. As a partner for talent and
through our four specializations - Operational, Professional, Digital and
Enterprise - we provide clients with the high-quality, diverse and agile
workforces that they need to succeed in a talent scarce world. We help
people secure meaningful roles, develop relevant skills and find purpose
and belonging in their workplace. Through the value we create, we are
committed to a better and more sustainable future for all. 
Headquartered in the Netherlands, Randstad operates in 39 markets and
has approximately 40,000 employees. In 2023, we supported 2 million
talent to find work and generated a revenue of €25.4 billion. Randstad N.V.
is listed on the Euronext Amsterdam. For more information, see
www.randstad.com 
tags:
2025, corporate news
go to talent trends report 2025
learn more

Randstad N.V.
Registered in The Netherlands No: 33216172 Registered office: Diemermere 25, 1112 TC Diemen, The
Netherlands.
RANDSTAD, 
is a registered trademark of © Randstad N.V.
 
Some images on our website have been generated using AI.
contact us
terms & conditions
accessibility
cookies
find a job
for talents
for employers
investors
press
about Randstad
about this website

privacy notice
misconduct reporting procedure
sitemap
misuse of our brands
",yes,['ai'],"['ai', 'artificial intelligence', 'machine learning']","['machine learning', 'artificial intelligence', 'ai']",1,23,[],"randstad enterprise’s new talent trends research
highlights the rise of AI-powered skills strategies and
the increasing importance of embracing workforce
agility.
•
A new era for how work gets done is emerging, driven by AI: 82% of
company leaders positively regard the proliferation of new
advancements, like AI and HR technologies, suggesting a new era of
work in which technology and human skills intertwine.
•
Skills are the new currency: 83% of companies have already adopted
or are the positive impact of equity efforts and
89% say equity is embedded within their talent strategies and integral
to everything they do — a 13-point increase since last year.
2025
AI, skills, and flexibility in a ‘talent
multiverse’: randstad enterprise highlights
top priorities for talent leaders in 2025.
06 February 2025
share article:

Randstad Enterprise, a global talent solutions provider, today released its
2025 Talent Trends Report, which reveals how talent leaders are preparing
for a new world of work shaped by artificial intelligence (AI), shifting
socio-economic dynamics and a rapidly evolving skills landscape.
AI’s role in building better workplace cultures.
The integration of AI is not just impacting business operations. It's
fundamentally reshaping workplace culture. From fostering inclusivity to
enhancing the employee experience, here's how AI is driving a new era of
work:
A new era for how work gets done is emerging, driven by AI: As 82% of
company leaders positively regard the proliferation of new
advancements, like AI and HR technologies, it’s clear that AI is
becoming increasingly intertwined with workplace culture. This aligns
with talent globally identifying AI as their most preferred skilling
opportunity, according to Randstad’s Workmonitor research.
AI is empowering a more purposeful and satisfying work experience:
84% of talent leaders find that robots and machine learning are
alleviating mundane tasks, giving knowledge workers more time to
focus on engaging, fulfilling work and driving innovation.
Career growth in the age of AI is a top priority for organizations:
Recognizing the significant impact of AI on the workforce, 82% of
employers are proactively providing training for workers who are
impacted by AI to help them remain employed and find new
opportunities. However, this does contrast with what talent have
reported: in the last six months, just 33% of workers say they have
seen an increase in training opportunities.
Neurodivergent talent is poised to thrive with the help of AI: It
is predicted that by 2027, 20% of the Fortune 500 will actively recruit
neurodivergent talent to enhance performance. This aligns with
1.
2.
3.
4.

Randstad’s research: 89% of embed inclusion within
their strategies, and 43% have adjusted recruitment processes to
better support talent of all backgrounds. Similarly,
additional Randstad research finds that 55% of talent with disabilities
use AI for workplace problem-solving, compared to just 39% of non-
disabled peers.
rethink how work gets done.
The way work is structured is evolving, moving beyond rigid job roles to a employers
believe talent acquisition will be focused on internal mobility more
than external recruitment, and internal talent marketplaces are
helping to accelerate this shift.
As organizations accelerate their adoption of AI, skills development and
flexible work models, the human element must remain central. More than
three-quarters (78%) of talent management leaders say equity efforts have
had a positive impact on their critical role in navigating organizations
through global crises and shifting expectations,” said Mike Smith, Chief
Executive at Randstad Enterprise. ""The future demands that they
reimagine work in the age of AI, balancing ethical applications and
optimal efficiencies while developing and upskilling the workforce to
reach its greatest potential.”
additional resources.
1.
2.
3.

•
 Randstad Enterprise In-Demand Skills research
•
 Randstad...","[(0, 487), (716, 2936), (2952, 3350), (4996, 5421), (5771, 6211)]",23,3977,613,1444
64,randstad,Over 50 have been offered AI training _ Randstad.pdf,"•
Despite a 20 fold surge in roles demanding generative AI skills and
over 50% of employees believing that the skill set will be essential for
their role, only one in ten (13%) have been offered any AI training in
the last year 
•
Nearly half (47%) of those surveyed are excited about the prospect of
AI in the workplace, a more common attitude than concern, which
was expressed by two in five (39%) 
•
Gen Z ranks learning & development (23%) as the highest non-financial
motivator at work 
Randstad's latest Workmonitor Pulse survey, based on insights from job
postings and the views of over 7,000 employees around the world, finds
that the majority (52%) believe that AI will improve their career and
promotion prospects, far outstripping fears of using the technology. 
2023
more than half of workers believe AI skills
will future-proof their careers, but only 13%
have been offered such training
opportunities - Randstad data reveals.
05 September 2023
share article:

A further 53% see AI as carrying an impact on their industries and roles. 
However, a concerning gap lies in training and development on this
technology: a mere 13% of employees have been offered any AI training in
the last year. This is despite one in three (33%) employees saying they
already use AI within their day to day roles. 
The research also shows surprising differences between countries when it
comes to usage and understanding of the impact of AI on jobs, as well as
the training offered to them to meet employers' changing expectations. 
In India, more than half (56%) of workers said they already use AI in their
role, followed by Australia (32%), US (29%), and Germany and UK (24%).
India is also the market where the most people (70%) believe the
technology will impact their industry and role, with its influence
understood by around half of workers in the US (51%), Australia (48%), UK
(47%) and Germany (46%).
employers should address gap in training expectations 
The majority of those surveyed (55%) are well aware that learning and
development will be important to future proof their careers and earning
potential. One fifth (22%) of employees would like to be offered AI training
in the next twelve months, which was the third most desired upskilling
opportunity behind leadership skills (24%) and wellbeing and mindfulness
(23%). While most employees have clarity on the importance of how AI
skills can support them in their current and future roles, a significant gap
exists between the training they desire and training they receive. 
When it comes to AI skills training the research found that only 13% of
global respondents received training in the previous 12-months, whilst
22% expect it in the following period. The gap in AI training between
offered and desired is highest in Germany (13pp), U.K. (12pp) and USA (8

pp), whilst employees are most satisfied with the training provided in India
(6pp) and Australia (9pp). 
On the whole, nearly 25% of those surveyed have reported they did not
receive any learning and development opportunities in the past 12-
months, and the figure widens when considering blue-collar workers
(41%).
training increases in importance versus flexibility 
When looking at generational differences, the data shows that Gen Z now
value learning and development (23%) more highly than flexibility at work
(18%) and company culture (16%), whilst remuneration still remains of
primary importance. In India however, learning & development (32%) is
considered more important than pay (20%) or flexibility at work (23%), and
learning on AI tops the development wish lists, with a third (30%) wanting
to receive training in the next year.
Younger staff are also feeling the most empowered to take action if their
demands on training are not met, with two fifths (41%) saying that they
would quit a job if they were not offered learning and development
opportunities in the next twelve months, more than double the number of
baby boomers (18%). 
It is clear that more employers are seeking talent with AI
skills - our own analysis of job ads shows a 2,000% uptick
since Q1. AI is increasingly an enabler and enhancer of skills,
holding a profound impact on productivity and overall
performance in the workplace. But the imbalance between
skills demanded by businesses and desired by employees,

on the one hand, and the training opportunities provided, on
the other, has to be addressed.
AI is here to stay and the benefits of it are very clear - our
data shows that employees stand ready to embrace it for
their own gain too. Successful organizations will be those
that leverage this readiness and harness the opportunities of
AI in their workforce.
Sander van ‘t Noordende
ceo, randstad
randstad digital 
Randstad has recently announced the launch of a new organization,
Randstad Digital, which specializes in meeting the technology talent
needs of multinational companies across a wide range of industries. To
address the widening training gap, Randstad’s new business offering will
provide companies with customized solutions that will ensure future
readiness for further technological innovation. 
To learn more about randstad digital please read here. 
country data
Artificial intelligence in the workplace, around the world.

the training demand and supply
Job posts referencing generative AI skills have risen by 2,000% since
March 2023, but the largest training gap lies in AI itself: it’s the 3rd most
sought after skill set but one of the lowest provided.

generations at work
Who is most excited about the prospect of AI in the workplace?

about randstad
Randstad is the world’s largest talent company and a partner of choice to
clients. We are committed to providing equitable opportunities to people
from all backgrounds and help them remain relevant in the rapidly
changing world of work. We have a deep understanding of the labor
market and help our clients to create the high-quality, diverse and agile
workforces they need to succeed. Our 46,000 employees around the
world make a positive impact on society by helping people to realize their
true potential throughout their working life. 
Randstad was founded in 1960 and is headquartered in Diemen, the
Netherlands. In 2022, in our 39 markets, we helped more than 2 million
people find a job that feels good and advised over 230,000 clients on
their talent needs. We generated revenue of €27.6 billion. Randstad N.V. is

listed on the Euronext Amsterdam. For more information, see
www.randstad.com
for more information
press@randstad.com
tags:
2023, corporate news
find a job
for talents
for employers
investors
press
about Randstad
about this website

Randstad N.V.
Registered in The Netherlands No: 33216172 Registered office: Diemermere 25, 1112 TC Diemen, The
Netherlands.
RANDSTAD, 
is a registered trademark of © Randstad N.V.
 
Some images on our website have been generated using AI.
contact us
terms & conditions
accessibility
cookies
privacy notice
misconduct reporting procedure
sitemap
misuse of our brands
",yes,['ai'],"['ai', 'artificial intelligence']","['artificial intelligence', 'ai']",1,24,[],"•
Despite a 20 fold surge in roles demanding generative AI skills and
over 50% of employees believing that the skill set will be essential for
their role, only one in ten (13%) have been offered any AI training in
the last year 
•
Nearly half (47%) of those surveyed are excited about the prospect of
AI in the workplace, a more common attitude than concern, which
was expressed by two in five (39%) 
•
Gen Z ranks learning & development (23%) as the highest non-financial
motivator at work 
Randstad's latest Workmonitor Pulse survey, based on insights from job
postings and the views of over 7,000 employees around the world, finds
that the majority (52%) believe that AI will improve their career and
promotion prospects, far outstripping fears of using the technology. 
2023
more than half of workers believe AI skills
will future-proof their careers, but only 13%
have been offered such training
opportunities - Randstad data reveals.
05 September 2023
share article:

A further 53% see AI as carrying an impact on their industries and roles. 
However, a concerning gap lies in training and development on this
technology: a mere 13% of employees have been offered any AI training in
the last year. This is despite one in three (33%) employees saying they
already use AI within their day to day roles. 
The research also shows surprising differences between countries when it
comes to usage and understanding of the impact of AI on jobs, as well as
the training offered to them to meet employers' changing expectations. 
In India, more than half (56%) of workers said they already use AI in their
role, followed by Australia (32%), US (29%), and Germany and UK (24%).
India is also the market where the most people (70%) believe the
technology will impact their surveyed (55%) are well aware that learning and
development will be important to future proof their careers and earning
potential. One fifth (22%) of employees would like to be offered AI training
in the next twelve months, which was the third most desired upskilling
opportunity behind leadership skills (24%) and wellbeing and mindfulness
(23%). While most employees have clarity on the importance of how AI
skills can support them in their current and future roles, a significant gap
exists between the training they desire and training they receive. 
When it comes to AI skills training the research found that only 13% of
global respondents received training in the previous 12-months, whilst
22% expect it in the following period. The gap in AI training between
offered and desired is highest in Germany (13pp), U.K. (12pp) and USA (8

pp), whilst employees are most satisfied with the training provided in India
(6pp) and Australia (16%), whilst remuneration still remains of
primary importance. In India however, learning & development (32%) is
considered more important than pay (20%) or flexibility at work (23%), and
learning on AI tops the development wish lists, with a third (30%) wanting
to receive training in the next year.
Younger staff are also feeling the most empowered to take action if their not offered learning and development
opportunities in the next twelve months, more than double the number of
baby boomers (18%). 
It is clear that more employers are seeking talent with AI
skills - our own analysis of job ads shows a 2,000% uptick
since Q1. AI is increasingly an enabler and enhancer of skills,
holding a profound impact on productivity and overall
performance in the workplace. But the imbalance between
skills demanded by businesses and desired by employees,

on the one hand, and the training opportunities provided, on
the other, has to be addressed.
AI is here to stay and the benefits of it are very clear - our
data shows that employees stand ready to embrace it for
their own gain too. Successful organizations will be those
that leverage this readiness and harness the opportunities of
AI in their workforce.
Sander van ‘t Noordende
ceo, randstad
randstad digital 
Randstad has recently announced the launch of a new organization,
Randstad Digital, which specializes in meeting the technology talent...","[(0, 482), (483, 1766), (1981, 2919), (3364, 3739), (3842, 4867)]",24,4110,681,1149
65,randstad,"Randstad Digital Acquires Torc, the AI-powered Digital Talent Marketplace _ Randstad.pdf","Acquisition strengthens digital enablement capabilities with access to
25,000+ digital talent. 
Today, Randstad NV, the world’s leading talent company announces that
Randstad Digital has acquired Torc - a next-generation AI-powered talent
marketplace platform with more than 25,000 digital talent enrolled
worldwide, with a specific current emphasis on LATAM, the US & India.
Torc, with its AI-driven platform, enables skill-based matching to connect
digital talent to clients globally. This acquisition allows Randstad Digital, a
leading digital enablement company, to further accelerate clients’ access
to digital talent, including global delivery centers, to meet its digital
ambitions across cloud, data, digital engineering, and customer
experience capabilities.
“The Torc acquisition strengthens Randstad's partner for talent strategy in
our Digital specialization. Digital transformation needs access to
specialized talent at scale and speed globally. Torc, with its enterprise-
grade AI-powered talent marketplace, will redefine the talent experience,
and speed of delivery, and strengthen Randstad Digital’s capabilities in
2024
randstad digital acquires Torc, the AI-
powered digital talent marketplace.
16 May 2024
share article:

enabling our client's digital transformation,” said Sander van’ t Noordende,
CEO of Randstad. 
“As enterprises redefine the digital business model, the demand for
specialized skills in AI, Cloud, Data, and CX, continues to increase,” said
Venu Lambu, CEO of Randstad Digital. “The acquisition of Torc is a direct
response to this evolution and client needs. It expands our access to a
diverse range of talent skill sets and a robust developer community from
assessment to productivity. We are extremely excited to welcome an
industry thought leader in open talent platforms, Michael Morris, Torc CEO
and Co-Founder, and his team to Randstad Digital.”
""Recognize is proud to have incubated Torc alongside a management
team who are visionaries at the forefront of open talent platform
innovation. As part of Randstad Digital, Torc will further accelerate the
adoption of AI-enabled talent experience and delivery. Together, they will
define the next-generation delivery model for technology and digital skills
and services,” said Francisco D'Souza, Co-Founder and Managing Partner
of Recognize.
about randstad digital.  
Randstad Digital is a trusted digital enablement partner that facilitates
accelerated transformation for businesses by providing global talent,
capacity, and solutions across specialized domains. Our digital talent
solutions allow you to seamlessly scale your team while connecting you
with skilled professionals around the world who align with your chosen
technologies. Our focus lies in managed programs, and we empower
businesses to move at speed and achieve goals efficiently. We support
four service lines, including customer experience, cloud & infrastructure,
data & analytics, and digital & product engineering in addition to three
engagement models, including talent services, global delivery centers,

and managed solutions. For more information,
see www.randstaddigital.com. 
Randstad is a global talent leader with a vision to be the world’s most
equitable and specialized talent company. As a partner for talent and
through our four specializations - Operational, Professional, Digital and
Enterprise - we provide clients with the high-quality, diverse and agile
workforces they need to succeed in a talent scarce world. We help people
secure meaningful roles, develop relevant skills and find purpose and
belonging in their workplace. Through the value we create, we are
committed to a better and more sustainable future for all. For more
information, see www.randstad.com. 
about Torc.
Torc, the nearshore intelligent talent network connecting quality remote
developers with jobs, provides career growth opportunities for its
community and a secure, AI-driven talent sourcing experience for
companies. Backed by a slate of technology and business veterans
(Cognizant, Catalant, Atomic, Mozilla, Harvard) and the investors
Recognize and Asymmetric, Torc’s emphasis on performance,
productivity, and upskilling make it the preferred platform for on-demand
technical talent and the companies that need to hire them.
www.torc.dev.
about Recognize.
Recognize is an investment platform exclusively focused on the digital
services industry. The firm provides operational expertise, industry
insights and strategic capital to innovative companies in this sector. 
To learn more, visit www.recognize.com.
Media Contact-

Weber Shandwick
Emily McDonough
nawswranstaddigital@webershandwick.com
tags:
2024, corporate news
Randstad N.V.
go to all press articles
find a job
for talents
for employers
investors
press
about Randstad
about this website

Registered in The Netherlands No: 33216172 Registered office: Diemermere 25, 1112 TC Diemen, The
Netherlands.
RANDSTAD, 
is a registered trademark of © Randstad N.V.
 
Some images on our website have been generated using AI.
contact us
terms & conditions
accessibility
cookies
privacy notice
misconduct reporting procedure
sitemap
misuse of our brands
",yes,['ai'],['ai'],['ai'],1,8,[],"Acquisition strengthens digital enablement capabilities with access to
25,000+ digital talent. 
Today, Randstad NV, the world’s leading talent company announces that
Randstad Digital has acquired Torc - a next-generation AI-powered talent
marketplace platform with more than 25,000 digital talent enrolled
worldwide, with a specific current emphasis on LATAM, the US & India.
Torc, with its AI-driven platform, enables skill-based matching to connect
digital talent to clients globally. This acquisition allows Randstad Digital, a
leading digital enablement company, to further accelerate clients’ access
to digital talent, including “The Torc acquisition strengthens Randstad's partner for talent strategy in
our Digital specialization. Digital transformation needs access to
specialized talent at scale and speed globally. Torc, with its enterprise-
grade AI-powered talent marketplace, will redefine the talent experience,
and speed of delivery, and strengthen Randstad Digital’s capabilities in
2024
randstad digital acquires Torc, the AI-
powered digital talent marketplace.
16 May 2024
share article:

enabling our client's digital transformation,” said Sander van’ t Noordende,
CEO of Randstad. 
“As enterprises redefine the digital business model, the demand for
specialized skills in AI, Cloud, Data, and CX, continues to increase,” said
Venu Lambu, CEO of Randstad Digital. “The acquisition of Torc is a direct
response to this evolution and client needs. It expands have incubated Torc alongside a management
team who are visionaries at the forefront of open talent platform
innovation. As part of Randstad Digital, Torc will further accelerate the
adoption of AI-enabled talent experience and delivery. Together, they will
define the next-generation delivery model for technology and digital skills
and services,” said Francisco D'Souza, Co-Founder and Managing Partner
of Recognize.
about randstad all. For more
information, see www.randstad.com. 
about Torc.
Torc, the nearshore intelligent talent network connecting quality remote
developers with jobs, provides career growth opportunities for its
community and a secure, AI-driven talent sourcing experience for
companies. Backed by a slate of technology and business veterans
(Cognizant, Catalant, Atomic, Mozilla, Harvard) and the investors
Recognize and Asymmetric, Torc’s emphasis on performance,
productivity, Netherlands No: 33216172 Registered office: Diemermere 25, 1112 TC Diemen, The
Netherlands.
RANDSTAD, 
is a registered trademark of © Randstad N.V.
 
Some images on our website have been generated using AI.
contact us
terms & conditions
accessibility
cookies
privacy notice
misconduct reporting procedure
sitemap
misuse of our brands...","[(0, 633), (768, 1610), (1916, 2349), (3700, 4169), (4831, 5164)]",8,2717,393,753
66,randstad,Workday and randstad partner to transform hiring with AI. _ Randstad.pdf,"New partnership combines Workday recruiting agent with
Randstad's expansive talent network to instantly connect
recruiters with top talent, making hiring faster and more efficient
than ever before. 
Workday, Inc., the AI platform for managing people and money,
and Randstad, the world’s leading talent company, today announced a
new strategic partnership to transform how companies find and hire
talent. By integrating Workday’s Recruiting Agent, powered by Illuminate,
with Randstad’s extensive talent network, this collaboration will help
businesses quickly connect with top talent – reducing the time-
consuming search process and leading to faster, smarter hiring decisions,
and improving business outcomes.
AI-powered hiring, simplified.
According to the 2025 World Economic Forum Future of Jobs Report, 42%
of employers expect talent availability to decline by 2030. Workday’s
Recruiting Agent acts as an intelligent coach for recruiters, using AI to
instantly surface qualified leads from past applicants, internal databases
and now, Randstad’s vast talent network. This means recruiters spend less
2025
workday and randstad partner to transform
hiring with AI.
26 February 2025
share article:

time sifting through resumes and more time engaging with the specialized
talent they need.
“Finding qualified talent in today’s job market is one of the biggest
challenges for companies,” said Matthew Brandt, senior vice president,
global partners, Workday. “By combining Workday’s Recruiting Agent with
Randstad’s unmatched talent network, we’re making hiring easier and
more efficient than it’s ever been. This is the future of work—where AI and
people collaborate to drive better outcomes.”
Workday's Recruiting Agent processed over 700,000 job requisitions in
2024, increasing customers' recruiting capacity by an average of 54%.
With the addition of Randstad’s network, customers will gain even greater
benefits, including:
•
access to more talent: puts vast network of qualified professionals
with in-demand skills at recruiters’ fingertips.
•
smarter matching: AI helps recruiters identify the most relevant and
likely-to-apply talent, reducing time-to-fill and improving application
rates. 
•
seamless integration: recruiters can access top leads directly within
their existing workflow—no system-hopping required.
•
faster hiring, greater agility: organizations can quickly fill critical roles
by targeting top talent – boosting productivity, improving the
candidate experience, and reducing hiring costs.
“We are excited to partner with Workday to accelerate the matching of our
specialized talent with meaningful opportunities,” said Mike Smith, chief
executive, Randstad Enterprise. “At Randstad, we believe AI enhances
human expertise while driving efficiency and innovation, and this

partnership is a great example of how we’re combining AI with our deep
understanding of talent to transform the world of work.”
This expanded partnership builds on a history of collaboration between
Workday and Randstad and comes at a pivotal moment where, according
to Workday research, 93% of employees say AI allows them to focus on
higher-level responsibilities such as strategy and problem-solving. This
collaboration is another example of humans and AI working together to
achieve more than either could alone. 
availability.
The integrated solution is now available to Workday Recruiting Agent
customers in the U.S. with plans to make the solution more broadly
available in the future.
about Workday.
Workday is the AI platform that helps organizations manage their most
important assets – their people and money. The Workday platform is built
with AI at the core to help customers elevate people, supercharge work,
and move their business forever forward. Workday is used by more than
11,000 organizations around the world and across industries – from
medium-sized businesses to more than 60% of the Fortune 500. For more
information about Workday, visit workday.com.
about randstad.
Randstad is a global talent leader with the vision to be the world’s most
equitable and specialized talent company. As a partner for talent and
through our four specializations - Operational, Professional, Digital and
Enterprise - we provide clients with the high-quality, diverse and agile
workforces that they need to succeed in a talent scarce world. We help
people secure meaningful roles, develop relevant skills and find purpose

and belonging in their workplace. Through the value we create, we are
committed to a better and more sustainable future for all. 
Headquartered in the Netherlands, Randstad operates in 39 markets and
has approximately 40,000 employees. In 2024, we supported over 1.7
million talent to find work and generated a revenue of €24.1 billion.
Randstad N.V. is listed on the Euronext Amsterdam. For more information,
see www.randstad.com.
tags:
2025, corporate news
go to all press articles
find a job
for talents
for employers
investors
press
about Randstad

Randstad N.V.
Registered in The Netherlands No: 33216172 Registered office: Diemermere 25, 1112 TC Diemen, The
Netherlands.
RANDSTAD, 
is a registered trademark of © Randstad N.V.
 
Some images on our website have been generated using AI.
contact us
terms & conditions
accessibility
cookies
privacy notice
misconduct reporting procedure
sitemap
misuse of our brands
about this website
",yes,['ai'],['ai'],['ai'],1,13,[],"New partnership combines Workday recruiting agent with
Randstad's expansive talent network to instantly connect
recruiters with top talent, making hiring faster and more efficient
than ever before. 
Workday, Inc., the AI platform for managing people and money,
and Randstad, the world’s leading talent company, today announced a
new strategic partnership to transform how companies find and hire
talent. By integrating Workday’s talent network, this collaboration will help
businesses quickly connect with top talent – reducing the time-
consuming search process and leading to faster, smarter hiring decisions,
and improving business outcomes.
AI-powered hiring, simplified.
According to the 2025 World Economic Forum Future of Jobs Report, 42%
of employers expect talent availability to decline by 2030. Workday’s
Recruiting Agent acts as an intelligent coach for recruiters, using AI to
instantly surface qualified leads from past applicants, internal databases
and now, Randstad’s vast talent network. This means recruiters spend less
2025
workday and randstad partner to transform
hiring with AI.
26 February 2025
share article:

time sifting through resumes and more time engaging with the specialized
talent they need.
“Finding qualified talent in today’s job market is one of the global partners, Workday. “By combining Workday’s Recruiting Agent with
Randstad’s unmatched talent network, we’re making hiring easier and
more efficient than it’s ever been. This is the future of work—where AI and
people collaborate to drive better outcomes.”
Workday's Recruiting Agent processed over 700,000 job requisitions in
2024, increasing customers' recruiting capacity by an average of 54%.
With the addition of Randstad’s network, customers will gain even greater
benefits, including:
•
access to more talent: puts vast network of qualified professionals
with in-demand skills at recruiters’ fingertips.
•
smarter matching: AI helps recruiters identify the most relevant and
likely-to-apply talent, reducing time-to-fill and improving application
rates. 
•
seamless integration: recruiters can access top leads directly within
their existing workflow—no system-hopping required. costs.
“We are excited to partner with Workday to accelerate the matching of our
specialized talent with meaningful opportunities,” said Mike Smith, chief
executive, Randstad Enterprise. “At Randstad, we believe AI enhances
human expertise while driving efficiency and innovation, and this

partnership is a great example of how we’re combining AI with our deep
understanding of talent to transform the world of work.”
This expanded partnership builds on a history of collaboration between
Workday and Randstad and comes at a pivotal moment where, according
to Workday research, 93% of employees say AI allows them to focus on
higher-level responsibilities such as strategy and problem-solving. This
collaboration is another example of humans and AI working together to
achieve more than either could alone. 
availability.
The integrated solution is now available to Workday Recruiting Agent
customers in the U.S. with plans to make the solution more broadly
available in the future.
about Workday.
Workday is the AI platform that helps organizations manage their most
important assets – their people and money. The Workday platform is built
with AI at the core to help customers elevate people, supercharge work,
and move their business forever forward. Workday is used by more than
11,000 organizations around the world and across industries Netherlands No: 33216172 Registered office: Diemermere 25, 1112 TC Diemen, The
Netherlands.
RANDSTAD, 
is a registered trademark of © Randstad N.V.
 
Some images on our website have been generated using AI.
contact us
terms & conditions
accessibility
cookies
privacy notice
misconduct reporting procedure
sitemap
misuse of our brands
about this website...","[(0, 428), (496, 1354), (1434, 2324), (2510, 3853), (5014, 5366)]",13,3878,587,818
67,rijkswaterstaat,Digitalisation.pdf,"Search
View photo
Expertise
Digitalisation
Society is becoming increasingly digital. So is
Rijkswaterstaat. We are creating, collecting and
using more and more data. The responsibility
to manage this data is immense.
To that end, we are using new techniques such as sensor
technology and artificial intelligence. We also have
higher demands on digital security. We need an
infrastructure that connects everything: cables,
satellites, networks, platforms and the cloud. And we
need skilled people to operate these systems. 
Indeed, at its core, digitalisation is about ensuring that
every component operates seamlessly and securely on
the interconnected framework, always prioritising the
Photo: © Robin Utrecht
On this page
Embedding digital
transformation in our vision
Innovative solutions for
tomorrow’s Netherlands
Projects
Want to know more?
Menu

people who engage with it.
Embedding digital transformation in our
vision
Digitalisation is essential to our mission of ensuring a
safe, liveable and accessible Netherlands. We want to
live in a country that is protected from flooding. A
country where there is plenty of greenery and clean
water. Where we can get from A to B quickly and safely. 
Our people and the companies we employ are
increasingly working digitally. From office tasks to on-
site measurements, the maintenance and design of
bridges, locks and tunnels, our operations are digitally
driven. 
The Netherlands is a transport hub. The country’s
economic viability relies on seamless accessibility, both
on roads and waterways. Moreover, residents and
businesses use our data for recreation, agriculture and
weather forecasting. In today’s landscape, thriving
without digital integration is inconceivable. 
From Delta Works to digital works:
innovative solutions for tomorrow’s
Netherlands
We are at the forefront of digital innovation, collecting
vast quantities of data daily. We monitor water levels,
bridge loads and motorway traffic intensity. We make a
lot of our data publicly accessible and free for reuse. This
is unique. Our Delta Works are also unique. 
They have seen extensive digital integration. We are
paving the way for international collaboration, creating
advanced traffic control systems with neighbouring

countries. We are also working on a digital infrastructure
project in the North Sea to ensure safe and efficient
shipping. 
Our expertise and endeavours in digitalisation are
expansive, underscoring our commitment to harnessing
technology for a safer, more efficient Netherlands.
Projects
Discover the international projects we are working on
within the field of digitalisation.
DIWA masterplan
Inland-waterway transport (IWT) plays a
substantial role in the transportation of goods
within Europe. This has many advantages.
5G Blueprint: accelerating smart
mobility
The 5G Blueprint is developing and validating
amongst others the technical architecture for
uninterrupted transnational tele operated
transport. Read more.
BE-GOOD
The BE-GOOD project aims to make government
information about infrastructure and the
environment in North-West Europe accessible to
a wider audience.
More projects

NEWS  29 February 2024
STORM_SAFE kick-off in The
Netherlands
Want to know more?
Get in touch with Rijkswaterstaat’s team of experts -
whether you’re an international professional, a member
of the press or just have a question.
Relevant
Get in touch
Network governance
Climate adaptation
Asset management
Corridor management and smart mobility
",no,[],['artificial intelligence'],['artificial intelligence'],0,1,[],"...are creating, collecting and
using more and more data. The responsibility
to manage this data is immense.
To that end, we are using new techniques such as sensor
technology and artificial intelligence. We also have
higher demands on digital security. We need an
infrastructure that connects everything: cables,
satellites, networks, platforms and the cloud. And we
need skilled people to operate...","[(111, 506)]",1,401,61,517
68,rijkswaterstaat,VIA APPIA.pdf,"Search
View photo
International projects
VIA APPIA
VIA APPIA was the Virtual Reality & Augmented reality
and Artificial intelligence Partner Programme for
Industrial Application. It was a field lab set up by the
World Class Maintenance Foundation (WCM).
The lab’s mission was to make high-tech applications like Artificial
Intelligence (AI), Virtual Reality (VR) and Augmented Reality (AR)
easier to use for everyday industrial tasks, such as maintenance
and service.
By synthesising the collective knowledge, experience and strengths
of the project participants, the lab identified more effective and
strategic uses of these applications.
On this page
Challenges
Communities of
practice
Project duration
European
programme
Project website
Partners
Menu

Rijkswaterstaat was part of this innovative project. We already
work with other forward-looking partners to develop new products
and methods that use AI. As a result, we are gradually adopting a
more data-driven approach to our work. Ultimately, VIA APPIA
supports our asset management development and digitises our
global strategy.
Challenges
VIA APPIA faced several exciting challenges. The key questions we
addressed include:
How can we effectively integrate these high-tech tools into a
factory environment?
Are they sufficiently resilient to support us in making critical
decisions?
What’s the best way to share the knowledge we gain?
Communities of practice
During the project’s initial phase, applications were developed
through communities of practice, fostering shared understanding
and learning. The knowledge products emerging from this
partnership will be implemented and validated in Living Labs.
Living Labs are industrial environments that serve as pilot projects.
Ultimately, lessons learned, best practices and insights gained from
the VIA APPIA project are shared with the broader industry through
the WCM counter 
, a dedicated service desk.
Project duration
July 2021 - October 2023
European programme
REACT-EU OP Zuid (Operational Programme South)

Project website
Fieldlab VIA APPIA - World Class Maintenance 
Partners
World Class Maintenance 
, ABB 
, Aevo, ASML 
, Avans
Hogeschool 
, Brabantse Ontwikkelings Maatschappij 
,
Brainport 
, Canon Production Printing Netherlands
Compumatica 
, Cordis Suite 
, Cyber Physical Factory, Emixa 
,
Etteplan 
, Festo 
, IMS International, InSpark 
, KPN 
,
ORTEC 
, REWIN 
, ROC Tilburg 
, Serious VR Sitech 
, Stork a
Fluor Company 
, Tilburg University 
, WWA 
Service Public Wallonie 
 (SPW) is an associate partner
",yes,[],"['ai', 'artificial intelligence']","['asml', 'artificial intelligence', 'ai']",0,3,['asml'],"Search
View photo
International projects
VIA APPIA
VIA APPIA was the Virtual Reality & Augmented reality
and Artificial intelligence Partner Programme for
Industrial Application. It was a field lab set up by the
World Class Maintenance Foundation (WCM).
The lab’s mission was to make high-tech applications like Artificial
Intelligence (AI), Virtual Reality (VR) and Augmented Reality (AR)
easier to use for everyday industrial tasks, such as maintenance
and service.
By synthesising the collective knowledge, experience and strengths
of the project Project duration
European
programme
Project website
Partners
Menu

Rijkswaterstaat was part of this innovative project. We already
work with other forward-looking partners to develop new products
and methods that use AI. As a result, we are gradually adopting a
more data-driven approach to our work. Ultimately, VIA APPIA
supports our asset management development and digitises our
global strategy.
Challenges
VIA APPIA July 2021 - October 2023
European programme
REACT-EU OP Zuid (Operational Programme South)

Project website
Fieldlab VIA APPIA - World Class Maintenance 
Partners
World Class Maintenance 
, ABB 
, Aevo, ASML 
, Avans
Hogeschool 
, Brabantse Ontwikkelings Maatschappij 
,
Brainport 
, Canon Production Printing Netherlands
Compumatica 
, Cordis Suite 
, Cyber Physical Factory, Emixa 
,
Etteplan 
, Festo 
, IMS International,...","[(0, 549), (688, 1108), (1933, 2358)]",4,1399,193,356
69,schiphol,Schiphol and Pangiam innovate with artificial intelligence in security process.pdf,"13 March 2023
Schiphol and Pangiam innovate with artificial
intelligence in security process
Royal Schiphol Group is starting a collaboration with security technology company Pangiam
to develop a new way to screen hand baggage quickly and safely. The new technology,
powered by artificial intelligence, could eventually help enable travellers to go through
security checks faster, without compromising on safety.
The aim of the collaboration is to explore how Pangiam's new technology can improve and
speed up hand baggage screening at Schiphol and other airports. The technology uses
artificial intelligence and algorithms to analyse images of hand baggage and identify
prohibited items and other security risks. In the future, the technology could support
employees in this and speed up the process for travellers.
Philip van Noort, Director Security at Amsterdam Airport Schiphol
Alexis Long, Head of Project DARTMOUTH at Pangiam
We are fully committed to recruiting security colleagues and have been increasing the
productivity of our security equipment recently, of course without compromising on
the quality of security. In the future, this collaboration can contribute to more comfort
for travellers thanks to secure and faster hand baggage screening. Safety always
remains our priority.


Royal Schiphol Group has an international reputation for innovation and excellence in
technology. This collaboration allows us to bring the benefits of artificial intelligence
to the security checkpoint and improve the process.


Newsroom
News
Blog
More
NL
EN
We use cookies to optimize the website, no personal information is stored. 
ACCEPT COOKIES
DECLINE COOKIES
Learn more

Schiphol is the first major European airport to support Project DARTMOUTH, a collaboration
between Pangiam and Google. Schiphol is testing the new technology in practice and on a
small scale in order for the system to be developed further. The technology can be applied to
existing hardware and equipment, such as Schiphol's CT scans. It can also be used in
combination with other software. If the technology meets all requirements and European
regulations, and the trial period is successful, it will be implemented at scale. 
The collaboration between Pangiam and Schiphol is part of a wider programme to accelerate
the innovation and development of promising in-house and partner technology solutions.
We use cookies to optimize the website, no personal information is stored. 
ACCEPT COOKIES
DECLINE COOKIES
Learn more
",yes,['artificial intelligence'],['artificial intelligence'],"['artificial intelligence', 'google']",1,3,['google'],"...process
Royal Schiphol Group is starting a collaboration with security technology company Pangiam
to develop a new way to screen hand baggage quickly and safely. The new technology,
powered by artificial intelligence, could eventually help enable travellers to go through
security checks faster, without compromising on safety.
The aim of the collaboration is to explore how Pangiam's new technology can improve and
speed up hand baggage screening at Schiphol and other airports. The technology uses
artificial intelligence and algorithms to analyse images of hand baggage and identify
prohibited items and other security risks. In the future, the technology could support
employees in this and speed up screening. Safety always
remains our priority.


Royal Schiphol Group has an international reputation for innovation and excellence in
technology. This collaboration allows us to bring the benefits of artificial intelligence
to the security checkpoint and improve the process.


Newsroom
News
Blog
More
NL
EN
We use cookies to optimize the website, no personal information is stored. 
ACCEPT COOKIES
DECLINE COOKIES
Learn more

Schiphol is the first major European airport to support Project DARTMOUTH, a collaboration
between Pangiam and Google. Schiphol is testing the new technology in practice and on a
small scale in order for the system to be developed further. The technology can be applied to
existing hardware...","[(85, 788), (1248, 1970)]",4,1432,216,379
70,schiphol,Schiphol starts renewing and renovating the baggage basements.pdf,"13 January 2023
Schiphol starts renewing and renovating the
baggage basements
Schiphol is renewing, renovating and further innovating the baggage basements. This
includes preparations for the construction of a new baggage basement with handling
system. Building this new basement means that the existing baggage system can be
replaced without causing disruptions to airlines and passengers. Substantial sections of
Schiphol's baggage system are due for replacement. With the construction of the new
baggage basement and the renovation of the existing basement, Schiphol is ensuring that,
in addition to operational continuity, the working conditions of baggage employees are
further improved.
Better working conditions
Schiphol is working on improving the quality of work at the airport. This includes redesigning
the baggage process, work areas and rest areas. Innovative automation and artificial
intelligence solutions will provide more support to baggage employees in the future.
Examples of such solutions include the further development of existing robots in the baggage
basement, the production of machines that can unload suitcases, and the development of
autonomous vehicles that will drive around the baggage basement to move carts and
containers.  
29 football pitches
Schiphol has over 145,000 m2 of baggage systems – a total surface area equal to around 29
football pitches – that are divided across various areas. Each area of this system has a useful
life of around 30 years. Several of these areas will need to be renovated over the coming
years. To continue guaranteeing baggage reliability, Schiphol must first install a completely
new and working system elsewhere. After that, the existing systems that require updating
Newsroom
News
Blog
More
NL
EN
We use cookies to optimize the website, no personal information is stored. 
ACCEPT COOKIES
DECLINE COOKIES
Learn more

can be tackled. The construction of a new basement is therefore of great importance to the
continuity of the operation at Schiphol. At the same time, the airport is seizing the
opportunity to make the jobs of baggage employees easier through innovation.  
No decision yet on new terminal
The new baggage basement will be built at the location where a possible new terminal can
be constructed. There is no decision yet on the construction of the new terminal. To keep the
option open, an integral preliminary design is being created in collaboration with design team
KLAIR (a consortium of van Kaan Architecten, Estudio Lamela, ABT and Ineco). The design will
take the possibility of the construction of a new terminal on the roof of the new baggage
basement into account. In this way, time, money and resources can be used consciously and
sustainably. The new baggage basement will function independently of any new terminal to
be built on top of it. In other words, the new basement is necessary to facilitate a future
large-scale renovation.   
This project – the creation of a new innovative baggage system – was granted to Vanderlande
Industries by way of a framework agreement. The tender for the construction of the baggage
basement will start this year. Construction is expected to begin in 2026.
We use cookies to optimize the website, no personal information is stored. 
ACCEPT COOKIES
DECLINE COOKIES
Learn more
",no,[],[],[],0,0,[],,[],0,0,0,519
71,tno,"Boost TNO facilities sustainable mobility, bio-based construction, AI.pdf","Geselecteerde taal: EN
Sustainable
Healthy
Safe
Digital
Sectors
Careers
More
Geselecteerde taal: EN
Home
Newsroom
Boost for TNO facilities for sustainable mobility, bio-based construction and AI
Boost for TNO facilities for sustainable mobility, bio-
based construction and AI
Artificial intelligence
Bio-based building materials
23 November 2023
The Dutch Minister of Economic Affairs and Climate Policy, Micky Adriaansens, has allocated budget to applied research
facilities. In the first round for these Applied Research Facilities (FTO) announced on 2 November 2023, three proposals
from TNO were approved.
Investment in applied research facilities is crucial to the future of the Netherlands. After all, securing the country’s earning
power is not only about developing new knowledge and techniques, but, above all, about applying them. Besides funding
facilities for the Applied Research Organisations, the minister is also investing in various facilities of knowledge
institutions such as the Netherlands Forensic Institute (NFI) and the National Institute for Public Health and the
Environment (RIVM).
The three TNO proposals that were awarded funding are a boost to TNO's portfolio in sustainable mobility, bio-based
construction and AI. This allows us to collaborate even further with businesses and public authorities, focusing on future
earning power and social welfare.
Innovation Centre for Sustainable Powertrains (ICSP)
There is an urgent demand in Dutch and European society for sustainable propulsion technology for all forms of transport,
such as heavy road transport, shipping and mobile machinery. Industry is urgently calling on TNO to support it with
knowledge and expertise. The experiments needed to develop and validate these innovative propulsion technologies call
for new equipment and the expansion of existing facilities.
R&D facility for Biobased Building Materials Innovation Center (BBMIC)

To accelerate the transition to bio-based construction, products that are safe, sustainable and affordable have to be
developed.
However, there is a lack of the right R&D facilities to enable scale-up. The funding announced will allow TNO to invest in
pilot production lines and test facilities to develop and scale up products made from waste wood, fungi and biofibres such
as flax and hemp. There will also be an adhesive laboratory and a CLT production line for producing 0-series.
GPT-NL: a facility for a sovereign Dutch language model
The Netherlands is taking a huge step in developing public expertise and experience in generative AI language models.
Having its own open language model strengthens expertise on the subject and also means a boost for AI research and
innovation. This model is needed to develop, strengthen and maintain digital sovereignty. It marks a landmark step towards
a transparent, fair and testable use of AI, according to Dutch and European values and guidelines and with respect for data
ownership.
Contact us
Get inspired
Erik Drop
More about Erik
More about Erik
Den Haag - New Babylon
Email Erik

Filter
All
News
Article
Insight
50 resultaten, getoond 1 t/m 5
How TNO is leading the drive towards sovereign, responsible Dutch AI
Insight
23 October 2025
TNO is leading the drive toward sovereign, trustworthy, and responsible AI deployments in the Netherlands along three
pathways: develop, share and deploy.
Read more

TNO’s Vision for Responsible AI That Works
Article
10 October 2025
Read more

Reclaimed timber deserves a new purpose as a high-quality building material
Insight
9 October 2025
Read more

ObjectivEye: AI-assisted human recruitment
Insight
5 September 2025
Read more

Large dataset news organizations for Dutch AI language model GPT-NL
News
17 July 2025
Read more

More
This is what we're working on
Sustainable
Healthy
Safe
Digital
Sectors
Careers
Newsroom Newsroom
News
Events
Webinars
Insights
Podcasts
Papers
Subscribe to our TNO Update
About TNO About TNO
Mission and vision
Strategy
Organisation
Our people
Contact
TNO and society

Communities
Technology and science Technology and science
Facilities
Research devices
Technologies
Exploratory research programmes
Innovate faster: access TNO’s technologies
Repository TNO Publications
Collaboration Collaboration
Projects on commission
Public-private
TNO Fast Track
TNO Ventures
Innovation centres
International
Make TNO yours!
Follow your favorite subjects.
Create your own TNO News
Cookies
Privacy statement
Accessibility
Disclaimer
General terms and conditions
Geselecteerde taal: EN
LinkedIn
Facebook
X
Youtube
Instagram
Spotify
",yes,['ai'],"['ai', 'artificial intelligence', 'gpt']","['gpt', 'facebook', 'artificial intelligence', 'ai']",1,14,['facebook'],"Geselecteerde taal: EN
Sustainable
Healthy
Safe
Digital
Sectors
Careers
More
Geselecteerde taal: EN
Home
Newsroom
Boost for TNO facilities for sustainable mobility, bio-based construction and AI
Boost for TNO facilities for sustainable mobility, bio-
based construction and AI
Artificial intelligence
Bio-based building materials
23 November 2023
The Dutch Minister of Economic Affairs and Climate Policy, Micky Adriaansens, has allocated budget to applied research
facilities. In the first round for the National Institute for Public Health and the
Environment (RIVM).
The three TNO proposals that were awarded funding are a boost to TNO's portfolio in sustainable mobility, bio-based
construction and AI. This allows us to collaborate even further with businesses and public authorities, focusing on future
earning power and social welfare.
Innovation Centre for Sustainable Powertrains (ICSP)
There is an urgent scale up products made from waste wood, fungi and biofibres such
as flax and hemp. There will also be an adhesive laboratory and a CLT production line for producing 0-series.
GPT-NL: a facility for a sovereign Dutch language model
The Netherlands is taking a huge step in developing public expertise and experience in generative AI language models.
Having its own open language model strengthens expertise on the subject and also means a boost for AI research and
innovation. This model is needed to develop, strengthen and maintain digital sovereignty. It marks a landmark step towards
a transparent, fair and testable use of AI, according to Dutch and European values and guidelines and with respect for data
ownership.
Contact us
Get inspired
Erik Drop
More about Erik
More about Erik
Den Haag - New Babylon
Email Erik

Filter
All
News
Article
Insight
50 resultaten, getoond 1 t/m 5
How TNO is leading the drive towards sovereign, responsible Dutch AI
Insight
23 October 2025
TNO is leading the drive toward sovereign, trustworthy, and responsible AI deployments in the Netherlands along three
pathways: develop, share and deploy.
Read more

TNO’s Vision for Responsible AI That Works
Article
10 October 2025
Read more

Reclaimed timber deserves a new purpose as a high-quality building material
Insight
9 October 2025
Read more

ObjectivEye: AI-assisted human recruitment
Insight
5 September 2025
Read more

Large dataset news organizations for Dutch AI language model GPT-NL
News
17 July 2025
Read more

More
This is what we're working on
Sustainable
Healthy
Safe
Digital
Sectors
Careers
Newsroom Newsroom
News
Events
Webinars
Insights
Podcasts
Papers
Subscribe to our TNO Ventures
Innovation centres
International
Make TNO yours!
Follow your favorite subjects.
Create your own TNO News
Cookies
Privacy statement
Accessibility
Disclaimer
General terms and conditions
Geselecteerde taal: EN
LinkedIn
Facebook
X
Youtube
Instagram
Spotify...","[(0, 500), (1041, 1454), (2234, 3907), (4299, 4565)]",15,2858,442,691
72,tno,First global summit on AI in the military domain _ TNO.pdf,"Geselecteerde taal: EN
Sustainable
Healthy
Safe
Digital
Sectors
Careers
More
Geselecteerde taal: EN
Home
Newsroom
First global summit on AI in the military domain
First global summit on AI in the military domain
15 February 2023
This first summit on responsible AI in the military field in The Hague attracts more than 1,000 participants, including ministers, policy makers, academics, business leaders,
civil society organizations and journalists from around the world.
By inviting all relevant stakeholders, the Dutch government wants to share and build knowledge and understanding of military AI internationally, break through the silos
between different stakeholders and move this topic higher on the international political agenda.
Academics and other stakeholders are invited to submit research and position papers. TNO supports this initiative and publishes a position paper especially for this summit.
Position Paper: Operationalization of meaningful human control for military AI, a way forward
Download the position paper
In this position paper, a short opinion piece, TNO presents the (multi-level) Socio-Technological Feedback Loop (STFL). This is an approach that can be widely used for the
responsible deployment of AI systems, including in the military domain.
The rapid rise of Artificial Intelligence (AI) has fueled thinking about, but also the development and use of intelligent and autonomous systems in the military domain. As AI
continues to develop, the opportunities for AI to do parts of human work will also increase. We see potential benefits for the armed forces in increasing the speed, efficiency,
effectiveness and safety of operations.
The STFL is a methodology for properly involving all stakeholders in the governance, design, development and deployment of AI-based systems. This methodology must
lead to clear assigned responsibilities and the by people desired outcomes of military operations.
Contact us

Get inspired
Filter
All
News
Article
Insight
53 resultaten, getoond 1 t/m 5
How TNO is leading the drive towards sovereign, responsible Dutch AI
Insight
23 October 2025
TNO is leading the drive toward sovereign, trustworthy, and responsible AI deployments in the Netherlands along three pathways: develop, share and deploy.
Read more
Peter Werkhoven
Chief Scientist at TNO and Professor at University of Utrecht
More about Peter
My research and teaching activities are about human perception and interaction in computer simulated worlds, focusing on tactile and brain-computer interfaces for navigatin
More about Peter
Den Haag - New Babylon
Email Peter

TNO’s Vision for Responsible AI That Works
Article
10 October 2025
Read more

ObjectivEye: AI-assisted human recruitment
Insight
5 September 2025
Read more

Large dataset news organizations for Dutch AI language model GPT-NL
News
17 July 2025
Read more
Working on reliable AI
Insight
27 January 2025
Read more

More
This is what we're working on
Sustainable
Healthy
Safe
Digital
Sectors
Careers
Newsroom Newsroom
News
Events
Webinars
Insights
Podcasts
Papers
Subscribe to our TNO Update
About TNO About TNO
Mission and vision
Strategy
Organisation
Our people
Contact

TNO and society
Communities
Technology and science Technology and science
Facilities
Research devices
Technologies
Exploratory research programmes
Innovate faster: access TNO’s technologies
Repository TNO Publications
Collaboration Collaboration
Projects on commission
Public-private
TNO Fast Track
TNO Ventures
Innovation centres
International
Make TNO yours!
Follow your favorite subjects.
Create your own TNO News
Cookies
Privacy statement
Accessibility
Disclaimer
General terms and conditions
Geselecteerde taal: EN
LinkedIn
Facebook
X
Youtube
Instagram
Spotify
",yes,['ai'],"['ai', 'artificial intelligence', 'gpt']","['gpt', 'facebook', 'artificial intelligence', 'ai']",1,18,['facebook'],"Geselecteerde taal: EN
Sustainable
Healthy
Safe
Digital
Sectors
Careers
More
Geselecteerde taal: EN
Home
Newsroom
First global summit on AI in the military domain
First global summit on AI in the military domain
15 February 2023
This first summit on responsible AI in the military field in The Hague attracts more than 1,000 participants, including ministers, policy makers, academics, business leaders,
civil society organizations and journalists from around the world.
By inviting all relevant stakeholders, the Dutch government wants to share and build knowledge and understanding of military AI internationally, break through the silos
between different stakeholders and move this topic higher on the international political agenda.
Academics and other stakeholders are invited to submit research and position papers. TNO supports this initiative and publishes a position paper especially for this summit.
Position Paper: Operationalization of meaningful human control for military AI, a way forward
Download the position paper
In this position paper, a short opinion piece, TNO presents the (multi-level) Socio-Technological Feedback Loop (STFL). This is an approach that can be widely used for the
responsible deployment of AI systems, including in the military domain.
The rapid rise of Artificial Intelligence (AI) has fueled thinking about, but also the development and use of intelligent and autonomous systems in the military domain. As AI
continues to develop, the opportunities for AI to do parts of human work will also increase. We see potential benefits for the armed forces in increasing the speed, efficiency,
effectiveness and safety of operations.
The STFL is a methodology for properly involving all stakeholders in the governance, design, development and deployment of AI-based systems. This methodology must
lead to clear assigned responsibilities and the by people desired outcomes of military operations.
Contact us

Get inspired
Filter
All
News
Article
Insight
53 resultaten, getoond 1 t/m 5
How TNO is leading the drive towards sovereign, responsible Dutch AI
Insight
23 October 2025
TNO is leading the drive toward sovereign, trustworthy, and responsible AI deployments in the Netherlands along three pathways: develop, share and deploy.
Read more
Peter Werkhoven
Chief Scientist at TNO and Professor at University of Utrecht
More about Peter
My research human perception and interaction in computer simulated worlds, focusing on tactile and brain-computer interfaces for navigatin
More about Peter
Den Haag - New Babylon
Email Peter

TNO’s Vision for Responsible AI That Works
Article
10 October 2025
Read more

ObjectivEye: AI-assisted human recruitment
Insight
5 September 2025
Read more

Large dataset news organizations for Dutch AI language model GPT-NL
News
17 July 2025
Read more
Working on reliable AI
Insight
27 January 2025
Read more

More
This is what we're working on
Sustainable
Healthy
Safe
Digital
Sectors
Careers
Newsroom Newsroom
News
Events
Webinars
Insights
Podcasts
Papers
Subscribe to our TNO Ventures
Innovation centres
International
Make TNO yours!
Follow your favorite subjects.
Create your own TNO News
Cookies
Privacy statement
Accessibility
Disclaimer
General terms and conditions
Geselecteerde taal: EN
LinkedIn
Facebook
X
Youtube
Instagram
Spotify...","[(0, 2382), (2417, 3072), (3464, 3730)]",19,3308,499,554
73,tno,First overview of cyberattack techniques by AI against AI.pdf,"Geselecteerde taal: EN
Sustainable
Healthy
Safe
Digital
Sectors
Careers
More
Geselecteerde taal: EN
Home
Newsroom
First overview of cyberattack techniques by AI against AI
First overview of cyberattack techniques by AI against AI
Artificial intelligence
Cyber and electronic warfare
Operations and human factors
All international trend reports view Artificial Intelligence as the most important disruptive technology of the coming years. Where a new technology develops, new
vulnerabilities also arise. And AI is no exception.
Because AI can also be used within the cybersecurity domain to deceive or attack adversaries and their AI systems, knowledge is needed to detect those attacks and to
develop defense methods against them. This so-called 'Adversarial AI' is a threat that is developing extremely actively and rapidly, but about which relatively little is known.
This also means that more and more products are potentially becoming vulnerable to such attacks.
Making AI more robust against attacks
In the paper 'Adversarial AI in the cyber domain', TNO has provided an overview of the most recent and relevant literature in the rapidly developing field of Adversarial AI
within the cybersecurity domain and distilled initial models and overviews for the attack techniques. But this does not apply to defensive measures, where research is, by its
very nature, still lagging behind recent developments in the field of attacks.
Therefore, this essential component deserves more attention to make models more robust and resistant to Adversarial AI. This can be done, for example, by training the
model on and with malicious examples.
Paper 'Adversarial AI in the cyber domain'
Download (pdf)
Safe deployment of AI

The imbalance between the attack capabilities on the one hand and the defensive measures on the other must be resolved so that new AI systems can be rolled out securely,
especially within vital sectors such as security and defence. This ensures that the possibilities of AI can be realized in a safe way.
With this paper we join the AI discussion on REAIM. During REAIM 2023, the Ministry of Foreign Affairs invited more than 80 countries to exchange knowledge and
experience and to take the first steps to reach meaningful agreements on the opportunities and risks of AI in the military domain. This event was an important milestone in
promoting global cooperation in this important area.
Contact us
Get inspired
Filter
All
News
Article
Insight
55 resultaten, getoond 1 t/m 5
How TNO is leading the drive towards sovereign, responsible Dutch AI
Insight
23 October 2025
TNO is leading the drive toward sovereign, trustworthy, and responsible AI deployments in the Netherlands along three pathways: develop, share and deploy.
Read more
Philip Weimar
Director Electromagnetics & Military Operations
More about Philip
More about Philip
Den Haag - Oude Waalsdorperweg
Email Philip

TNO’s Vision for Responsible AI That Works
Article
10 October 2025
Read more

ObjectivEye: AI-assisted human recruitment
Insight
5 September 2025
Read more

Pioneering on the edge of physics: quantum chips tested faster and faster
Insight
4 September 2025
Read more
How TNO’s Ines Corveira Rodrigues shapes tomorrow's quantum world
Insight
4 September 2025
Read more

More
This is what we're working on
Sustainable
Healthy
Safe
Digital
Sectors
Careers
Newsroom Newsroom
News
Events
Webinars
Insights
Podcasts
Papers
Subscribe to our TNO Update
About TNO About TNO
Mission and vision
Strategy
Organisation
Our people
Contact

TNO and society
Communities
Technology and science Technology and science
Facilities
Research devices
Technologies
Exploratory research programmes
Innovate faster: access TNO’s technologies
Repository TNO Publications
Collaboration Collaboration
Projects on commission
Public-private
TNO Fast Track
TNO Ventures
Innovation centres
International
Make TNO yours!
Follow your favorite subjects.
Create your own TNO News
Cookies
Privacy statement
Accessibility
Disclaimer
General terms and conditions
Geselecteerde taal: EN
LinkedIn
Facebook
X
Youtube
Instagram
Spotify
",yes,['ai'],"['ai', 'artificial intelligence']","['facebook', 'artificial intelligence', 'ai']",2,24,['facebook'],"Geselecteerde taal: EN
Sustainable
Healthy
Safe
Digital
Sectors
Careers
More
Geselecteerde taal: EN
Home
Newsroom
First overview of cyberattack techniques by AI against AI
First overview of cyberattack techniques by AI against AI
Artificial intelligence
Cyber and electronic warfare
Operations and human factors
All international trend reports view Artificial Intelligence as the most important disruptive technology of the coming years. Where a new technology develops, new
vulnerabilities also arise. And AI is no exception.
Because AI can also be used within the cybersecurity domain to deceive or attack adversaries and their AI systems, knowledge is needed to detect those attacks and to
develop defense methods against them. This so-called 'Adversarial AI' is a threat that is developing extremely actively and rapidly, but about which relatively little is known.
This also means that more and more products are potentially becoming vulnerable to such attacks.
Making AI more robust against attacks
In the paper 'Adversarial AI in the cyber domain', TNO has provided an overview of the most recent and relevant literature in the rapidly developing field of Adversarial AI
within the cybersecurity domain and distilled initial models and overviews for the attack techniques. But this does not apply to defensive measures, where research is, by its
very nature, still lagging behind recent developments in the field of attacks.
Therefore, this essential component deserves more attention to make models more robust and resistant to Adversarial AI. This can be done, for example, by training the
model on and with malicious examples.
Paper 'Adversarial AI in the cyber domain'
Download (pdf)
Safe deployment of AI

The imbalance between the attack capabilities on the one hand and the defensive measures on the other must be resolved so that new AI systems can be rolled out securely,
especially within vital sectors such as security and defence. This ensures that the possibilities of AI can be realized in a safe way.
With this paper we join the AI discussion on REAIM. During REAIM 2023, the Ministry of Foreign Affairs invited more than 80 countries to exchange knowledge and
experience and to take the first steps to reach meaningful agreements on the opportunities and risks of AI in the military domain. This event was an important milestone in
promoting global cooperation in this important area.
Contact us
Get inspired
Filter
All
News
Article
Insight
55 resultaten, getoond 1 t/m 5
How TNO is leading the drive towards sovereign, responsible Dutch AI
Insight
23 October 2025
TNO is leading the drive toward sovereign, trustworthy, and responsible AI deployments in the Netherlands along three pathways: develop, share and deploy.
Read more
Philip Weimar
Director Electromagnetics & Military Operations
More about Philip
More about Philip
Den Haag - Oude Waalsdorperweg
Email Philip

TNO’s Vision for Responsible AI That Works
Article
10 October 2025
Read more

ObjectivEye: AI-assisted human recruitment
Insight
5 September 2025
Read more

Pioneering on the edge of physics: quantum chips tested faster and faster
Insight
4 September 2025
Read more
How TNO’s Ines Corveira TNO Ventures
Innovation centres
International
Make TNO yours!
Follow your favorite subjects.
Create your own TNO News
Cookies
Privacy statement
Accessibility
Disclaimer
General terms and conditions
Geselecteerde taal: EN
LinkedIn
Facebook
X
Youtube
Instagram
Spotify...","[(0, 3185), (3820, 4086)]",25,3455,535,622
74,tno,"How TNO is leading the drive towards sovereign, responsible Dutch AI.pdf","Geselecteerde taal: EN
Sustainable
Healthy
Safe
Digital
Sectors
Careers
More
Geselecteerde taal: EN
Home
Newsroom
Insights
How TNO is leading the drive towards sovereign, responsible Dutch AI
How TNO is leading the drive towards sovereign, responsible Dutch AI
Artificial intelligence
It’s hard to go a single day without hearing about AI, its development, or the vast number of applications that it enables. Yet only a few individuals control the current AI
landscape, and opportunities to benefit from it are not shared equally. TNO is working across three distinct fronts to ensure that the AI that supports the Netherlands in the
future, also supports our European values.
Addressing an urgent need
According to Berry Vetjens, Director of market unit ICT, Strategy & Policy (ISP) at TNO, the time for European organisations to establish trustworthy AI practices is right
now. “AI is here to stay, and it is not an option to not participate in its responsible development,” he says. “Otherwise, the market will organise itself into a system that does
not suit our European values.”
Among those European values are privacy, transparency, sustainability, and security – elements currently lacking in the most popular non-European AI models. That’s why
TNO is dedicated to a vision of Responsible AI that Works: sovereign, independent, responsible, and trusted AI models that are not only effective, but also adhere to
European values. To achieve that vision, TNO is currently active in three distinct pathways. “We develop, we share, and we deploy responsible AI expertise to accelerate this
AI vision in the Netherlands and beyond.”
“By creating and supporting an innovation pipeline that adheres to European values, we extract the full benefits of AI without sacrificing our principles.”
Berry Vetjens
Director market unit ISP, TNO
1. Developing responsible AI

For years, TNO has been developing both the technology and know-how to develop effective AI models. Whether it’s narrow AI developments that perform specific
functions, or general models that learn and develop over time, understanding the principles of AI development is key to their responsible use.
With the upcoming release of GPT-NL – the Netherlands’ first Large Language Model – TNO aims to prove that effective models can be deployed at scale. GPT-NL is
sovereign to the Netherlands, legally compliant with EU regulations for privacy and security, and adheres to strict guidelines for responsible data usage. “With GPT-NL, we
show that TNO has the intelligence needed to build these models, and the wisdom needed to build them right,” Berry says.
2. Sharing critical knowledge
That intelligence and wisdom is only useful if it is shared with those who need it most. Which is why the second pathway to TNO’s AI vision is about knowledge transfer.
“We want as many organisations as possible to benefit from our knowledge and expertise,” Berry explains. “The key to successful AI development is not just computing
power – it’s expertise in responsible model development. So, we aim to accelerate the adoption of responsible AI principles.”
One of the ways TNO will achieve this is by acting as the dedicated Expertise Centre for the Netherlands’ first AI Factory: a knowledge centre and supercomputing facility
where organisations can build and test their AI models. “Our contribution to the AI Factory is especially relevant for SMEs, who normally may not have access to TNO’s
expertise. At the factory, we’ll help them develop the skills and knowledge to deploy their own responsible AI models.”
One of the ways TNO will achieve this is by acting as the dedicated Expertise Centre for the Netherlands’ first AI Factory: a knowledge centre and supercomputing facility
where organisations can build and test their AI models. “Our contribution to the AI Factory is especially relevant for SMEs, who normally may not have access to TNO’s
expertise. At the factory, we’ll help them develop the skills and knowledge to deploy their own responsible AI models.”
“Sharing our knowledge at the AI Factory will create a much larger community and a bigger movement towards sovereign and responsible Dutch AI developments.”
Berry Vetjens
Director market unit ISP, TNO
3. Deployment with a difference
AI systems are not used in isolation. They support and supplement existing technologies and interactions, extract data from protected sources, and influence the decision-
making of the people who use them. So, effective deployment is the key to maintaining a safe and secure AI ecosystem. By supporting effective AI deployment, TNO will
prepare Dutch organisations to extract the full value of AI in a business environment. “We aim to ensure that every AI deployment is trustworthy and secure. That
organisations know what can happen when they connect AI into their systems, and how to do it the right way to get the intended effect and avoid the potential dangers,”
Berry says.
Looking even further into the future, Berry envisions a time when federated AI systems connect across Europe to further multiply their power and potential. “The more
responsible, secure, sovereign European models we can join up, the more Europe can benefit from them. “We are already supporting responsible deployment through our AI
Oversight Lab, where we assess models for bias, transparency, and compliance. We are also ready to extend our technological expertise to enable organisations to deploy
effectively and responsibly across the Netherlands and Europe.”
Smart technology, wise implementation
The age of AI is upon us. And TNO aims to ensure that all the values that define Europe are safeguarded. Amidst the growing energy for AI’s potential, TNO is leading the
drive towards incorporating the right values into every AI development. “We must give attention to all three pathways: develop, share, and deploy,” Berry says. “Otherwise,
the impact will be diluted. For TNO, it is not a maybe but a must: the Netherlands will have sovereign and responsible AI models both now and in the future, and TNO will
drive that. Organisations can trust us to help them do it, and do it right.”
Contact us
Berry Vetjens

Get inspired
Filter
All
News
Article
Insight
47 resultaten, getoond 1 t/m 5
TNO’s Vision for Responsible AI That Works
Article
10 October 2025
TNO builds Responsible AI That Works: sovereign, ethical and effective systems that preserve human agency and measurable societal impact across Europe.
Read more
Director market unit ICT, Strategy & Policy (ISP)
More about Berry
Director market unit ICT, Strategy & Policy (ISP), with a passion for major innovation challenges that can be accelerated with digitisation.
More about Berry
Den Haag - New Babylon
Email Berry

ObjectivEye: AI-assisted human recruitment
Insight
5 September 2025
Read more
Large dataset news organizations for Dutch AI language model GPT-NL
News
17 July 2025
Read more

Working on reliable AI
Insight
27 January 2025
Read more

AI model for personalised healthy lifestyle advice
Insight
7 November 2024
Read more

More
This is what we're working on
Sustainable
Healthy
Safe
Digital
Sectors
Careers
Newsroom Newsroom
News
Events
Webinars
Insights
Podcasts
Papers
Subscribe to our TNO Update
About TNO About TNO
Mission and vision
Strategy
Organisation
Our people
Contact
TNO and society
Communities
Technology and science Technology and science
Facilities
Research devices
Technologies
Exploratory research programmes
Innovate faster: access TNO’s technologies
Repository TNO Publications
Collaboration Collaboration
Projects on commission
Public-private
TNO Fast Track
TNO Ventures
Innovation centres
International
Make TNO yours!
Follow your favorite subjects.
Create your own TNO News
Cookies
Privacy statement
Accessibility
Disclaimer
General terms and conditions
Geselecteerde taal: EN
LinkedIn
Facebook
X
Youtube
Instagram
Spotify
",yes,['ai'],"['ai', 'artificial intelligence', 'gpt', 'large language model']","['facebook', 'ai', 'gpt', 'artificial intelligence', 'large language model']",1,54,['facebook'],"Geselecteerde taal: EN
Sustainable
Healthy
Safe
Digital
Sectors
Careers
More
Geselecteerde taal: EN
Home
Newsroom
Insights
How TNO is leading the drive towards sovereign, responsible Dutch AI
How TNO is leading the drive towards sovereign, responsible Dutch AI
Artificial intelligence
It’s hard to go a single day without hearing about AI, its development, or the vast number of applications that it enables. Yet only a few individuals control the current AI
landscape, and opportunities to benefit from it are not shared equally. TNO is working across three distinct fronts to ensure that the AI that supports the Netherlands in the
future, also supports our European values.
Addressing an urgent need
According to Berry Vetjens, Director of market unit ICT, Strategy & Policy (ISP) at TNO, the time for European organisations to establish trustworthy AI practices is right
now. “AI is here to stay, and it is not an option to not participate in its responsible development,” he says. “Otherwise, the market will organise itself into a system that does
not suit our European values.”
Among those European values are privacy, transparency, sustainability, and security – elements currently lacking in the most popular non-European AI models. That’s why
TNO is dedicated to a vision of Responsible AI that Works: sovereign, independent, responsible, and trusted AI models that are not only effective, but also adhere to
European values. To achieve that vision, TNO is currently active in three distinct pathways. “We develop, we share, and we deploy responsible AI expertise to accelerate this
AI vision in the Netherlands and beyond.”
“By creating and supporting an innovation pipeline that adheres to European values, we extract the full benefits of AI without sacrificing our principles.”
Berry Vetjens
Director market unit ISP, TNO
1. Developing responsible AI

For years, TNO has been developing both the technology and know-how to develop effective AI models. Whether it’s narrow AI developments that perform specific
functions, or general models that learn and develop over time, understanding the principles of AI development is key to their responsible use.
With the upcoming release of GPT-NL – the Netherlands’ first Large Language Model – TNO aims to prove that effective models can be deployed at scale. GPT-NL is
sovereign to the Netherlands, legally compliant with EU regulations for privacy and security, and adheres to strict guidelines for responsible data usage. “With GPT-NL, we
show that TNO has the intelligence needed to build these models, and the wisdom needed to build them right,” Berry says.
2. Sharing critical knowledge
That intelligence and wisdom is only useful if it is shared with those who need it most. Which is why the second pathway to TNO’s AI vision is about knowledge transfer.
“We want as many organisations as possible to benefit from our knowledge and expertise,” Berry explains. “The key to successful AI development is not just computing
power – it’s expertise in responsible model development. So, we aim to accelerate the adoption of responsible AI principles.”
One of the ways TNO will achieve this is by acting as the dedicated Expertise Centre for the Netherlands’ first AI Factory: a knowledge centre and supercomputing facility
where organisations can build and test their AI models. “Our contribution to the AI Factory is especially relevant for SMEs, who normally may not have access to TNO’s
expertise. At the factory, we’ll help them develop the skills and knowledge to deploy their own responsible AI models.”
One of the ways TNO will achieve this is by acting as the dedicated Expertise Centre for the Netherlands’ first AI Factory: a knowledge centre and supercomputing facility
where organisations can build and test their AI models. “Our contribution to the AI Factory is especially relevant for SMEs, who normally may not have access to TNO’s
expertise. At the factory, we’ll help them develop the skills and knowledge to deploy their own responsible AI models.”
“Sharing our knowledge at the AI Factory will create a much larger community and a bigger movement towards sovereign and responsible Dutch AI developments.”
Berry Vetjens
Director market unit ISP, TNO
3. Deployment with a difference
AI systems are not used in isolation. They support and supplement existing technologies and interactions, extract data from protected sources, and influence the decision-
making of the people who use them. So, effective deployment is the key to maintaining a safe and secure AI ecosystem. By supporting effective AI deployment, TNO will
prepare Dutch organisations to extract the full value of AI in a business environment. “We aim to ensure that every AI deployment is trustworthy and secure. That
organisations know what can happen when they connect AI into their systems, and how to do it the right way to get the intended effect and avoid the potential dangers,”
Berry says.
Looking even further into the future, Berry envisions a time when federated AI systems connect across Europe to further multiply their power and potential. “The more
responsible, secure, sovereign European models we can join up, the more Europe can benefit from them. “We are already supporting responsible deployment through our AI
Oversight Lab, where we assess models for bias, transparency, and compliance. We are also ready to extend our technological expertise to enable organisations to deploy
effectively and responsibly across the Netherlands and Europe.”
Smart technology, wise implementation
The age of AI is upon us. And TNO aims to ensure that all the values that define Europe are safeguarded. Amidst the growing energy for AI’s potential, TNO is leading the
drive towards incorporating the right values into every AI development. “We must give attention to all three pathways: develop, share, and deploy,” Berry says. “Otherwise,
the impact will be diluted. For TNO, it is not a maybe but a must: the Netherlands will have sovereign and responsible AI models both now and in the future, and TNO will
drive that. Organisations can trust us to help them do it, and do it right.”
Contact us
Berry Vetjens

Get inspired
Filter
All
News
Article
Insight
47 resultaten, getoond 1 t/m 5
TNO’s Vision for Responsible AI That Works
Article
10 October 2025
TNO builds Responsible AI That Works: sovereign, ethical and effective systems that preserve human agency and measurable societal impact across Europe.
Read more
Director market unit ICT, Strategy & Policy (ISP)
More about Berry unit ICT, Strategy & Policy (ISP), with a passion for major innovation challenges that can be accelerated with digitisation.
More about Berry
Den Haag - New Babylon
Email Berry

ObjectivEye: AI-assisted human recruitment
Insight
5 September 2025
Read more
Large dataset news organizations for Dutch AI language model GPT-NL
News
17 July 2025
Read more

Working on reliable AI
Insight
27 January 2025
Read more

AI model for personalised healthy lifestyle advice
Insight
7 November 2024
Read more

More
This is what we're working on
Sustainable
Healthy
Safe
Digital
Sectors
Careers
Newsroom Newsroom
News
Events
Webinars TNO Ventures
Innovation centres
International
Make TNO yours!
Follow your favorite subjects.
Create your own TNO News
Cookies
Privacy statement
Accessibility
Disclaimer
General terms and conditions
Geselecteerde taal: EN
LinkedIn
Facebook
X
Youtube
Instagram
Spotify...","[(0, 6526), (6543, 7162), (7595, 7861)]",55,7416,1187,1245
75,tno,Large dataset news organizations for Dutch AI language model GPT-NL.pdf,"Geselecteerde taal: EN
Sustainable
Healthy
Safe
Digital
Sectors
Careers
More
Geselecteerde taal: EN
Home
Newsroom
Large dataset news organizations for Dutch AI language model GPT-NL
Large dataset news organizations for Dutch AI language model GPT-NL
Artificial intelligence
17 July 2025
TNO and members of NDP Nieuwsmedia who represent the vast majority of Dutch newspublishers are working together to further develop GPT-NL, the first large-scale
Dutch AI language model trained entirely on legally obtained data. Members of NDP Nieuwsmedia are making a substantial portion of their archives, containing articles
from over 30 national and regional news titles, available to train the model. The addition of the dataset is expected to double the amount of high-quality Dutch data used for
training. News agency ANP is also joining the initiative. It’s the first time worldwide that private news publishers are collaborating collectively with a organization
developing an AI model.
The collaboration between NDP Nieuwsmedia and TNO supports the shared goal of GPT-NL and the Dutch government: to create a language model that respects copyright
and sets an benchmark for how to handle copyrighted content in AI systems. Strict agreements have been made to prevent the articles from being technically extracted from
the AI-model. When GPT-NL is released, publishers will receive appropriate remuneration.
GPT-NL is a non-profit initiative by TNO, NFI, and SURF, and offers a responsible alternative to existing language models. It is built for the Netherlands using high-quality
Dutch data. Unlike some international models that use large parts of content scraped from the internet without permission, GPT-NL collects copyrighted data carefully and
ethically, and remunerates those who contribute their content. It also complies with European laws like the AI Act. The model is being developed for specific tasks such as
summarizing, simplifying, and extracting information from text.

'We’re proud of this collaboration. NDP Nieuwsmedia members are not only providing high-quality data, but also sending a strong message: AI can be developed
responsibly, with respect for copyright and public values.'
Selmar Smit
Manager of Science & Technology at TNO and founder of GPT-NL
News article data
Thanks to the collaboration with NDP Nieuwsmedia—the trade association of private news publishers such as DPG Media, Mediahuis, Erdee Mediagroep, and De Groene
Amsterdammer, and the participation of ANP, the model gains access to over 20 billion tokens. The articles cover many topics, from politics and economics to healthcare and
science, and form a rich source for training GPT-NL. The datasets contain billions of tokens, small pieces of text that help AI understand and process language. A token can
be a word, part of a word, or even a punctuation mark.
'Big Tech companies have trained their models on news articles without permission or payment. This partnership between NDP Nieuwsmedia members and TNO shows
there is an alternative route. We’re setting a precedent that helps the advancement of AI and strengthens journalism in the Netherlands. AI innovation can be ethical and
responsible without using the work of our journalists without permission. This step gives that movement a boost.'
Rien van Beemen
Chair of NDP Nieuwsmedia

Timeline
TNO, NFI, and SURF began developing GPT-NL in 2023. Training started in June 2025. In the fourth quarter of 2025, the model will be improved and prepared for first use.
Earlier Dutch contributors of data to GPT-NL include DNB (De Nederlandsche Bank), ICTRecht, and Het Utrechts Archief.
Contact us
Get inspired
Filter
All
News
Article
Insight
51 resultaten, getoond 1 t/m 5
How TNO is leading the drive towards sovereign, responsible Dutch AI
Insight
23 October 2025
TNO is leading the drive toward sovereign, trustworthy, and responsible AI deployments in the Netherlands along three pathways: develop, share and deploy.
Read more
Selmar Smit
Science & Technology Manager Autonomous Systems & Decision support
More about Selmar
More about Selmar
Den Haag - Oude Waalsdorperweg
Email Selmar

TNO’s Vision for Responsible AI That Works
Article
10 October 2025
Read more

ObjectivEye: AI-assisted human recruitment
Insight
5 September 2025
Read more

TNO joins Dutch chip security company Fortaegis as partner and investor
News
24 July 2025
Read more
Working on reliable AI
Insight
27 January 2025
Read more

More
This is what we're working on
Sustainable
Healthy
Safe
Digital
Sectors
Careers
Newsroom Newsroom
News
Events
Webinars
Insights
Podcasts
Papers
Subscribe to our TNO Update
About TNO About TNO
Mission and vision
Strategy
Organisation
Our people
Contact

TNO and society
Communities
Technology and science Technology and science
Facilities
Research devices
Technologies
Exploratory research programmes
Innovate faster: access TNO’s technologies
Repository TNO Publications
Collaboration Collaboration
Projects on commission
Public-private
TNO Fast Track
TNO Ventures
Innovation centres
International
Make TNO yours!
Follow your favorite subjects.
Create your own TNO News
Cookies
Privacy statement
Accessibility
Disclaimer
General terms and conditions
Geselecteerde taal: EN
LinkedIn
Facebook
X
Youtube
Instagram
Spotify
",yes,"['ai', 'gpt']","['ai', 'artificial intelligence', 'gpt']","['gpt', 'facebook', 'artificial intelligence', 'ai']",2,28,['facebook'],"Geselecteerde taal: EN
Sustainable
Healthy
Safe
Digital
Sectors
Careers
More
Geselecteerde taal: EN
Home
Newsroom
Large dataset news organizations for Dutch AI language model GPT-NL
Large dataset news organizations for Dutch AI language model GPT-NL
Artificial intelligence
17 July 2025
TNO and members of NDP Nieuwsmedia who represent the vast majority of Dutch newspublishers are working together to further develop GPT-NL, the first large-scale
Dutch AI language model trained entirely on legally obtained data. Members of NDP Nieuwsmedia are making a substantial portion of their archives, containing articles
from over 30 national and regional news titles, Dutch data used for
training. News agency ANP is also joining the initiative. It’s the first time worldwide that private news publishers are collaborating collectively with a organization
developing an AI model.
The collaboration between NDP Nieuwsmedia and TNO supports the shared goal of GPT-NL and the Dutch government: to create a language model that respects copyright
and sets an benchmark for how to handle copyrighted content in AI systems. Strict agreements have been made to prevent the articles from being technically extracted from
the AI-model. When GPT-NL is released, publishers will receive appropriate remuneration.
GPT-NL is a non-profit initiative by TNO, NFI, and SURF, and offers a responsible alternative to existing language models. It is built for the Netherlands using high-quality
Dutch data. Unlike some international models that use large parts of content scraped from the internet without permission, GPT-NL collects copyrighted data carefully and
ethically, and remunerates those who contribute their content. It also complies with European laws like the AI Act. The model is being developed for specific tasks such as
summarizing, simplifying, and extracting information from text.

'We’re proud of this collaboration. NDP Nieuwsmedia members are not only providing high-quality data, but also sending a strong message: AI can be developed
responsibly, with respect for copyright and public values.'
Selmar Smit
Manager of Science & Technology at TNO and founder of GPT-NL
News article data
Thanks to the collaboration with NDP Nieuwsmedia—the trade association of private news publishers such as DPG Media, Mediahuis, Erdee Mediagroep, and De Groene
Amsterdammer, and the participation ANP, the model gains access to over 20 billion tokens. The articles cover many topics, from politics and economics to healthcare and
science, and form a rich source for training GPT-NL. The datasets contain billions of tokens, small pieces of text that help AI understand and process language. A token can
be a word, part of a word, or even a punctuation mark.
'Big Tech companies have trained their models on news articles without permission or payment. This partnership between NDP Nieuwsmedia members and TNO shows
there is an alternative route. We’re setting a precedent that helps the advancement of AI and strengthens journalism in the Netherlands. AI innovation can be ethical and
responsible without using the work of our journalists without permission. This step gives that movement a boost.'
Rien van Beemen
Chair of NDP Nieuwsmedia

Timeline
TNO, NFI, and SURF began developing GPT-NL in 2023. Training started in June 2025. In the fourth quarter of 2025, the model will be improved and prepared for first use.
Earlier Dutch contributors of data to GPT-NL include DNB (De Nederlandsche Bank), ICTRecht, and Het Utrechts Archief.
Contact us
Get inspired
Filter
All
News
Article
Insight
51 resultaten, getoond 1 t/m 5
How TNO is leading the drive towards sovereign, responsible Dutch AI
Insight
23 October 2025
TNO is leading the drive toward sovereign, trustworthy, and responsible AI deployments in the Netherlands along three pathways: develop, share and deploy.
Read more
Selmar Smit
Science & Technology Manager Autonomous Systems & Decision support
More about Selmar
More about Selmar
Den Haag - Oude Waalsdorperweg
Email Selmar

TNO’s Vision for Responsible AI That Works
Article
10 October 2025
Read more

ObjectivEye: AI-assisted human recruitment
Insight
5 September 2025
Read more

TNO joins Dutch chip security company Fortaegis as partner and investor
News
24 July 2025
Read more
Working on reliable AI
Insight
27 January 2025
Read more

More
This is what we're working on
Sustainable
Healthy
Safe
Digital
Sectors
Careers
Newsroom Newsroom
News
Events
Webinars
Insights
Podcasts
Papers
Subscribe to our TNO Ventures
Innovation centres
International
Make TNO yours!
Follow your favorite subjects.
Create your own TNO News
Cookies
Privacy statement
Accessibility
Disclaimer
General terms and conditions
Geselecteerde taal: EN
LinkedIn
Facebook
X
Youtube
Instagram
Spotify...","[(0, 661), (769, 2486), (2490, 4614), (5006, 5272)]",29,4774,744,814
76,tno,New AI Lab for effective and responsible oversight _ TNO.pdf,"Geselecteerde taal: EN
Sustainable
Healthy
Safe
Digital
Sectors
Careers
More
Geselecteerde taal: EN
Home
Newsroom
New AI Lab for effective and responsible oversight
New AI Lab for effective and responsible oversight
Artificial intelligence
20 October 2023
Collaborating on a new generation of responsible AI is the goal of the ICAI Lab AI4Oversight, launched on October 19. In partnership with four collaborators and two
universities, the lab aims not only to develop responsible and explainable AI but also to optimize collaboration between inspectors and AI systems. Scarce inspectors will be
maximally supported with new algorithms and methodologies, enabling a more effective use of their time.

Involved TNO employees celebrate the signing with above: (from left to right) Frans van Ette, Erik Peeters, Sharon Prins. And below: (from left to right) Steven Vethman,
Cor Veenman, and Marianne Schaaphok.
The ICAI Lab AI4Oversight officially started on October 19th and includes:
5 partners: Human Environment and Transport Inspectorate (ILT), Netherlands Labour Authority, Inspectorate of Education, Netherlands Food and Consumer Product
Safety Authority and TNO.
2 universities: Utrecht University and Leiden University
Optimizing Inspection Deployment: The Key Role of AI
Supervision does not mean inspecting everything everywhere continuously; that's impossible. Choices must be made. The challenge is to inspect precisely where the societal
contribution is greatest.
How do you achieve a risk-based approach, deploying inspectors as effectively as possible at the right times and places? This is the task for which regulatory bodies are
collectively seeking a solution. The use of artificial intelligence (AI) plays a significant role, especially as these become more sophisticated.
""We already use AI where possible for a responsible, selective, and effective deployment of our inspectors. But there are more opportunities ahead,"" summarizes Mattheus
Wassenaar, Inspector General of ILT, the motivation to start this collaboration.
""Together with universities, we will develop methods to ensure that our people are optimally supported by algorithms. Inspectors are scarce, and they don't generate much
data. This means we need algorithms that learn faster with limited data. There is also a focus on preventing unwanted selection bias. We are doing everything to collectively
develop AI that can be deployed in the oversight domain responsibly and reliably.""
Developing and Testing New Methods
Practical experiences have highlighted the need for new methods in AI within the oversight domain. This led to the current research agenda, where universities are
developing methods that align well with practice. All this is done in close collaboration with participating inspectorates.
In this way the gap is bridged between theory and practice, where inspectorates and TNO can use the new methods, and universities can build their research on practical case
studies. The research agenda focuses on the topics: collaboration between humans and machines, faster and fairer learning algorithms, and the contribution of AI to behavior
improvement.

Read more about the ICAI Lab AI4Oversight on the ICAI website.
Contact us
Get inspired
Filter
All
News
Article
Insight
47 resultaten, getoond 1 t/m 5
How TNO is leading the drive towards sovereign, responsible Dutch AI
Insight
23 October 2025
TNO is leading the drive toward sovereign, trustworthy, and responsible AI deployments in the Netherlands along three pathways: develop, share and deploy.
Read more
Cor Veenman
Senior Scientist Specialist
More about Cor
I am Cor Veenman, researcher in Trustworthy AI at TNO Data Science and at Leiden University in the Leiden Institute for Advanced Computer Science (LIACS). My researc
More about Cor
Den Haag - New Babylon
Email Cor

TNO’s Vision for Responsible AI That Works
Article
10 October 2025
Read more

ObjectivEye: AI-assisted human recruitment
Insight
5 September 2025
Read more

Large dataset news organizations for Dutch AI language model GPT-NL
News
17 July 2025
Read more
Working on reliable AI
Insight
27 January 2025
Read more

More
This is what we're working on
Sustainable
Healthy
Safe
Digital
Sectors
Careers
Newsroom Newsroom
News
Events
Webinars
Insights
Podcasts
Papers
Subscribe to our TNO Update
About TNO About TNO
Mission and vision
Strategy
Organisation
Our people
Contact

TNO and society
Communities
Technology and science Technology and science
Facilities
Research devices
Technologies
Exploratory research programmes
Innovate faster: access TNO’s technologies
Repository TNO Publications
Collaboration Collaboration
Projects on commission
Public-private
TNO Fast Track
TNO Ventures
Innovation centres
International
Make TNO yours!
Follow your favorite subjects.
Create your own TNO News
Cookies
Privacy statement
Accessibility
Disclaimer
General terms and conditions
Geselecteerde taal: EN
LinkedIn
Facebook
X
Youtube
Instagram
Spotify
",yes,['ai'],"['ai', 'artificial intelligence', 'gpt']","['gpt', 'facebook', 'artificial intelligence', 'ai']",1,21,['facebook'],"Geselecteerde taal: EN
Sustainable
Healthy
Safe
Digital
Sectors
Careers
More
Geselecteerde taal: EN
Home
Newsroom
New AI Lab for effective and responsible oversight
New AI Lab for effective and responsible oversight
Artificial intelligence
20 October 2023
Collaborating on a new generation of responsible AI is the goal of the ICAI Lab AI4Oversight, launched on October 19. In partnership with four collaborators and two
universities, the lab aims not only to develop responsible and explainable AI but also to optimize collaboration between inspectors and AI systems. Scarce inspectors will be
maximally supported with new algorithms and methodologies, enabling a more effective use of their time.

Involved TNO employees celebrate the signing with above: (from left (ILT), Netherlands Labour Authority, Inspectorate of Education, Netherlands Food and Consumer Product
Safety Authority and TNO.
2 universities: Utrecht University and Leiden University
Optimizing Inspection Deployment: The Key Role of AI
Supervision does not mean inspecting everything everywhere continuously; that's impossible. Choices must be made. The challenge is to inspect precisely where the societal
contribution is greatest.
How do you achieve risk-based approach, deploying inspectors as effectively as possible at the right times and places? This is the task for which regulatory bodies are
collectively seeking a solution. The use of artificial intelligence (AI) plays a significant role, especially as these become more sophisticated.
""We already use AI where possible for a responsible, selective, and effective deployment of our inspectors. But there are more opportunities ahead,"" summarizes Mattheus
Wassenaar, Inspector General of ILT, the motivation to start this much
data. This means we need algorithms that learn faster with limited data. There is also a focus on preventing unwanted selection bias. We are doing everything to collectively
develop AI that can be deployed in the oversight domain responsibly and reliably.""
Developing and Testing New Methods
Practical experiences have highlighted the need for new methods in AI within the oversight domain. This led to the current research agenda, where universities are
developing methods that align well with practice. All this is done in close collaboration with participating universities can build their research on practical case
studies. The research agenda focuses on the topics: collaboration between humans and machines, faster and fairer learning algorithms, and the contribution of AI to behavior
improvement.

Read more about the ICAI Lab AI4Oversight on the ICAI website.
Contact us
Get inspired
Filter
All
News
Article
Insight
47 resultaten, getoond 1 t/m 5
How TNO is leading the drive towards sovereign, responsible Dutch AI
Insight
23 October 2025
TNO is leading the drive toward sovereign, trustworthy, and responsible AI deployments in the Netherlands along three pathways: develop, share and deploy.
Read more
Cor Veenman
Senior Scientist Specialist
More about Cor
I am Cor Veenman, researcher in Trustworthy AI at TNO Data Science and at Leiden University in the Leiden Institute for Advanced Computer Science (LIACS). My researc
More about Cor
Den Haag - New Babylon
Email Cor

TNO’s Vision for Responsible AI That Works
Article
10 October 2025
Read more

ObjectivEye: AI-assisted human recruitment
Insight
5 September 2025
Read more

Large dataset news organizations for Dutch AI language model GPT-NL
News
17 July 2025
Read more
Working on reliable AI
Insight
27 January 2025
Read more

More
This is what we're working on
Sustainable
Healthy
Safe
Digital
Sectors
Careers
Newsroom Newsroom
News
Events
Webinars
Insights
Podcasts
Papers
Subscribe to our...","[(0, 767), (1039, 1492), (1495, 2024), (2205, 2773), (2906, 4302)]",22,3720,563,737
77,ziggo,From Gut Feeling to Data-Driven Decisions_ How AI Helps Small Business Owners with Market Analysis.pdf,"From Gut Feeling to Data-Driven
From Gut Feeling to Data-Driven
From Gut Feeling to Data-Driven
Decisions: How AI Helps Small
Decisions: How AI Helps Small
Decisions: How AI Helps Small
Business Owners with Market
Business Owners with Market
Business Owners with Market
Analysis
Analysis
Analysis
Next-gen AI tools make market research faster and easier than ever
Next-gen AI tools make market research faster and easier than ever
Next-gen AI tools make market research faster and easier than ever
8 april 2025
8 april 2025
8 april 2025
Many entrepreneurs still make major business decisions based
on intuition or quick Google searches. But in an age where
market information becomes outdated faster than ever,
artificial intelligence (AI) offers a powerful alternative. As a
technology partner to entrepreneurs, Vodafone Business helps
them take steps into the digital world every day — not only with
smart ICT solutions, but also by offering inspiration and sharing
knowledge. The telecom company explored how AI is radically
speeding up the market analysis process and which tools are
best suited for small business owners.
News
News
From Gut Feeling to Data-Driven Decisions: How AI
From Gut Feeling to Data-Driven Decisions: How AI
Helps Small Business Owners with Market Analysis
Helps Small Business Owners with Market Analysis
VodafoneZiggo.nl uses cookies, by accepting these cookies you make optimal use of our website.
ACCEPT
DECLINE

Traditional market research is often expensive, time-consuming,
and requires specialised knowledge. For freelancers and small
businesses, this is rarely feasible. As a result, decisions about
marketing, customer groups, or product development are often
made without solid data.
“AI tools are levelling the playing field,” says Aziz Mohammadi,
Tribe Lead Data & Artificial Intelligence for Vodafone Business.
“They help entrepreneurs pick up on market signals incredibly
quickly and act on them — without needing to be a data
analyst.”
What AI Does Differently
Modern AI tools can scan and structure large volumes of online
data in seconds. Think analysing competitors, identifying growth
markets, or detecting new customer needs. Where you used to
spend hours trawling through forums, reports and review sites,
you now get a full summary — including sources — from a single
prompt. These tools not only save time, but also help you make
better, well-informed decisions based on current market insights.
Three Standout AI Tools
“AI isn’t just hype — it’s a real asset for entrepreneurs,” says Aziz
Mohammadi. “It’s not about the tech itself, but what you can do
with it. At Vodafone Business, we’re already using this technology
ourselves, and we want to help entrepreneurs take the same
step.”
Especially for small business owners, he selected three accessible
AI tools:
Perplexity Pro [Perplexity] – The go-to tool for anyone who
wants fast, reliable market analysis. Perplexity combines AI
1
News
News
From Gut Feeling to Data-Driven Decisions: How AI
From Gut Feeling to Data-Driven Decisions: How AI
Helps Small Business Owners with Market Analysis
Helps Small Business Owners with Market Analysis
VodafoneZiggo.nl uses cookies, by accepting these cookies you make optimal use of our website.

What to Watch Out For
All three tools now offer deep research functionality — a
powerful way to use AI for market analysis.
Perplexity Pro stands out with its combination of web search and
AI. It gives clear, concise answers with sources and excels in
deepening your research iteratively through follow-up questions.
You develop sharp market insights simply by talking to it.
power with search engine logic: it answers questions with
up-to-date information and always cites its sources. Ideal
for competitor analysis, customer queries or exploring new
target groups. The interface is simple, and the results are
transparent — a key advantage for entrepreneurs who
want to trust their insights.
ChatGPT (Pro version) [ChatGPT | OpenAI] – This powerful
AI assistant excels at structuring and interpreting
information. You can ask it to summarise sector analyses,
compare trends or simulate customer personas. Combined
with the browser plugin, it becomes a versatile tool for
strategic insights as well as creative uses like marketing
texts or content ideas.
Google Gemini (formerly Bard) [Gemini: the chat tool that
gives your ideas a boost] – Gemini is ideal for analysing up-
to-date web content: customer reviews, news articles, trend
reports. Thanks to its integration with other Google
services, it’s a low-barrier option for entrepreneurs already
in the Google ecosystem. Especially useful for quickly
gaining insight into customer feedback or product trends.
2
3
News
News
From Gut Feeling to Data-Driven Decisions: How AI
From Gut Feeling to Data-Driven Decisions: How AI
Helps Small Business Owners with Market Analysis
Helps Small Business Owners with Market Analysis
VodafoneZiggo.nl uses cookies, by accepting these cookies you make optimal use of our website.

ChatGPT distinguishes itself with its advanced deep research
mode, capable of breaking down complex questions in 5–15
minutes, including calculations and detailed references. Ideal for
in-depth analysis.
Google Gemini scores points for accessibility: it’s free, easy to use
and casts a wide net — great for quick orientation, especially in
consumer markets. The integration with Google services makes it
attractive for starters, although its analytical depth is currently
more limited than the other two. The final choice therefore
depends on your goal: trustworthy data, creative insights, or
quick customer feedback.
Vodafone Business doesn’t just provide connectivity and ICT
technology to businesses; it also wants to help entrepreneurs navigate
new digital solutions. That’s why small business customers of Vodafone
Business and Ziggo Zakelijk can try Perplexity Pro free for a year
(normally €225 per year). This makes the shift to data-driven decision-
making even easier.
More info here.
Share
Follow us |
News
News
From Gut Feeling to Data-Driven Decisions: How AI
From Gut Feeling to Data-Driven Decisions: How AI
Helps Small Business Owners with Market Analysis
Helps Small Business Owners with Market Analysis
VodafoneZiggo.nl uses cookies, by accepting these cookies you make optimal use of our website.

Contact
VodafoneZiggo to deliver services over DELTA Fiber’s
fiber-optic network
Read more
New Ziggo campaign highlights WiFi Guarantee
Read more
Ziggo introduces WiFi Guarantee beyond the front door
Read more
News
News
From Gut Feeling to Data-Driven Decisions: How AI
From Gut Feeling to Data-Driven Decisions: How AI
Helps Small Business Owners with Market Analysis
Helps Small Business Owners with Market Analysis
VodafoneZiggo.nl uses cookies, by accepting these cookies you make optimal use of our website.

Contact
Read our magazine
Vodafone
Vodafone in the Netherlands
Vodafone Group
Ziggo
Ziggo in the Netherlands
Liberty Global
hollandsnieuwe
hollandsnieuwe in the Netherlands
Disclaimer
Privacy
Cookies
Conditions
© 2025
News
News
From Gut Feeling to Data-Driven Decisions: How AI
From Gut Feeling to Data-Driven Decisions: How AI
Helps Small Business Owners with Market Analysis
Helps Small Business Owners with Market Analysis
VodafoneZiggo.nl uses cookies, by accepting these cookies you make optimal use of our website.
",yes,['ai'],"['ai', 'artificial intelligence', 'bard', 'chatgpt', 'gemini', 'openai']","['ai', 'google', 'gemini', 'artificial intelligence', 'openai', 'bard', 'chatgpt']",1,41,['google'],"From Gut Feeling to Data-Driven
From Gut Feeling to Data-Driven
From Gut Feeling to Data-Driven
Decisions: How AI Helps Small
Decisions: How AI Helps Small
Decisions: How AI Helps Small
Business Owners with Market
Business Owners with Market
Business Owners with Market
Analysis
Analysis
Analysis
Next-gen AI tools make market research faster and easier than ever
Next-gen AI tools make market research faster and easier than ever
Next-gen AI tools make market research faster and easier than ever
8 april 2025
8 april 2025
8 april 2025
Many entrepreneurs still make major business decisions based
on intuition or quick Google searches. But in an age where
market information becomes outdated faster than ever,
artificial intelligence (AI) offers a powerful alternative. As a
technology partner to entrepreneurs, Vodafone Business helps
them take steps into the digital world every day — not only with
smart ICT solutions, but also by offering inspiration and sharing
knowledge. The telecom company explored how AI is radically
speeding up the market analysis process and which tools are
best suited for small business owners.
News
News
From Gut Feeling to Data-Driven Decisions: How AI
From Gut Feeling to Data-Driven Decisions: How AI
Helps Small Business Owners with Market Analysis
Helps Small Business Owners with Market Analysis
VodafoneZiggo.nl uses cookies, by accepting these cookies you make optimal use of our website.
ACCEPT
DECLINE and requires specialised knowledge. For freelancers and small
businesses, this is rarely feasible. As a result, decisions about
marketing, customer groups, or product development are often
made without solid data.
“AI tools are levelling the playing field,” says Aziz Mohammadi,
Tribe Lead Data & Artificial Intelligence for Vodafone Business.
“They help entrepreneurs pick up on market signals incredibly
quickly and act on them — without needing to be a data
analyst.”
What AI Does Differently
Modern AI tools can scan and structure large volumes of online
data in seconds. Think analysing competitors, identifying growth
markets, or detecting new customer needs. Where you used to
spend hours trawling summary — including sources — from a single
prompt. These tools not only save time, but also help you make
better, well-informed decisions based on current market insights.
Three Standout AI Tools
“AI isn’t just hype — it’s a real asset for entrepreneurs,” says Aziz
Mohammadi. “It’s not about the tech itself, but what you can do
with it. At Vodafone Business, we’re already using this technology
ourselves, and we want to help entrepreneurs take the same
step.”
Especially for small business owners, he selected three accessible
AI tools:
Perplexity Pro [Perplexity] – The go-to tool for anyone who
wants fast, reliable market analysis. Perplexity combines AI
1
News
News
From Gut Feeling to Data-Driven Decisions: How AI
From Gut Feeling to Data-Driven Decisions: How AI
Helps Small Business Owners with Market Analysis
Helps Small Business Owners with Market Analysis
VodafoneZiggo.nl uses cookies, by accepting these cookies you make optimal use of our website.

What to Watch Out For
All three tools now offer deep research functionality — a
powerful way to use AI for market analysis.
Perplexity Pro stands out with its combination of web search and
AI. It gives clear, concise answers with sources and excels in
deepening your research iteratively through follow-up questions.
You develop sharp market insights simply by talking to it.
power with search competitor analysis, customer queries or exploring new
target groups. The interface is simple, and the results are
transparent — a key advantage for entrepreneurs who
want to trust their insights.
ChatGPT (Pro version) [ChatGPT | OpenAI] – This powerful
AI assistant excels at structuring and interpreting
information. You can ask it to summarise sector analyses,
compare trends or simulate customer personas. Combined
with the browser plugin, it becomes a versatile tool for
strategic insights as well as creative uses like marketing
texts or content ideas.
Google Gemini (formerly Bard) [Gemini: the chat tool that
gives your ideas a boost] – Gemini is ideal for analysing up-
to-date web content: customer reviews, news articles, trend
reports. Thanks to its integration with other Google
services, it’s a low-barrier option for entrepreneurs already
in the Google ecosystem. Especially useful for quickly
gaining insight into customer feedback or product trends.
2
3
News
News
From Gut Feeling to Data-Driven Decisions: How AI
From Gut Feeling to Data-Driven Decisions: How AI
Helps Small Business Owners with Market Analysis
Helps Small Business Owners with Market Analysis
VodafoneZiggo.nl uses cookies, by accepting these cookies you make optimal use of our website.

ChatGPT distinguishes itself with its advanced deep research
mode, capable of breaking down complex questions in 5–15
minutes, including calculations and detailed references. Ideal for
in-depth analysis.
Google Gemini scores points for accessibility: it’s free, easy to use
and casts a wide net — great for quick orientation, especially in
consumer markets. The integration with Google services makes it
attractive for starters, although its analytical depth is currently
more limited than the other two. The final choice therefore
depends on your goal: trustworthy data, creative insights, (normally €225 per year). This makes the shift to data-driven decision-
making even easier.
More info here.
Share
Follow us |
News
News
From Gut Feeling to Data-Driven Decisions: How AI
From Gut Feeling to Data-Driven Decisions: How AI
Helps Small Business Owners with Market Analysis
Helps Small Business Owners with Market Analysis
VodafoneZiggo.nl uses cookies, by accepting these cookies you make optimal use of our website.

Contact
VodafoneZiggo...","[(0, 1444), (1510, 2214), (2276, 3637), (3741, 5606), (5904, 6355)]",47,5832,918,1156
78,ziggo,Ziggo voice control now powered by AI.pdf,"Ziggo voice control now powered
Ziggo voice control now powered
Ziggo voice control now powered
by AI
by AI
by AI
Easier than ever to find your favorite TV show
Easier than ever to find your favorite TV show
Easier than ever to find your favorite TV show
5 november 2025
5 november 2025
5 november 2025
Starting 14 November, Ziggo customers can find their favorite
TV shows even faster and easier. With the addition of AI to
voice control, searching for TV and streaming content is now
possible using everyday language. This means no complicated
commands or lengthy searches: simply tell your remote what
you want to watch. Voice control is very popular with Ziggo
customers. In the past quarter, Ziggo processed more than 25
million voice searches. This innovation responds to the
increasing demand for convenience and personalized search
options on TV.
Ziggo is the first telecom company in the Netherlands to
combine voice-controlled search with advanced AI technology.
News
News
Ziggo voice control now powered by AI
Ziggo voice control now powered by AI
VodafoneZiggo.nl uses cookies, by accepting these cookies you make optimal use of our website.
ACCEPT
DECLINE

You can search by genre, character, theme, or other personal
preferences. Both children and adults can easily find their
favorite shows; the search works for all ages and situations. For
example: ""Show me only DC superheroes,"" “Find a movie starring
Kate Winslet,” or “I want to watch a British crime series.”
Find Quickly with AI
With the new AI support, the mediabox understands not only
simple requests but also more complex questions. Technical
commands are no longer needed, making it more intuitive to find
movies and series. You can also use voice control to record,
pause, or switch channels instantly.
Search results are now presented in a clearer way with a
renewed graphic overview, making it even easier to choose and
discover content. No additional installation is required; the
feature is available immediately on Next/Next Mini mediaboxes
and the including remote control.
News
News
Ziggo voice control now powered by AI
Ziggo voice control now powered by AI
VodafoneZiggo.nl uses cookies, by accepting these cookies you make optimal use of our website.

Continual Improvement of the viewing Experience
Research shows that Ziggo customers greatly appreciate Voice
Control. More than 40% already use voice control. Together,
they completed over 25 million voice searches in the third
quarter. Robin Kroes, Director Consumer Market at
VodafoneZiggo, says: “Everyone knows the feeling of searching
too long for fun TV or streaming content. Watching TV should be
easy and effortless. That’s why we’re the first in the Netherlands
to bring voice-controlled search with AI. This way, Ziggo
continues to lead the way in TV technology and smart viewing
solutions, just as customers expect from us.”
The feature will automatically be available from November 14 for all
customers with a TV package with Next or Next Mini mediabox and
the corresponding remote control. For more information, visit
ziggo.nl/televisie/makkelijk-zoeken.
Share
Follow us |
News
News
Ziggo voice control now powered by AI
Ziggo voice control now powered by AI
VodafoneZiggo.nl uses cookies, by accepting these cookies you make optimal use of our website.

Contact
VodafoneZiggo and Ziggo Sport expand access to UEFA
club football
Read more
Ziggo and Netflix center fans in their joint advertising
campaign
Read more
Ajax and Ziggo extend partnership
Read more
News
News
Ziggo voice control now powered by AI
Ziggo voice control now powered by AI
VodafoneZiggo.nl uses cookies, by accepting these cookies you make optimal use of our website.

Contact
Read our magazine
Vodafone
Vodafone in the Netherlands
Vodafone Group
Ziggo
Ziggo in the Netherlands
Liberty Global
hollandsnieuwe
hollandsnieuwe in the Netherlands
Disclaimer
Privacy
Cookies
Conditions
© 2025
News
News
Ziggo voice control now powered by AI
Ziggo voice control now powered by AI
VodafoneZiggo.nl uses cookies, by accepting these cookies you make optimal use of our website.
",yes,['ai'],['ai'],['ai'],1,18,[],"Ziggo voice control now powered
Ziggo voice control now powered
Ziggo voice control now powered
by AI
by AI
by AI
Easier than ever to find your favorite TV show
Easier than ever to find your favorite TV show
Easier than ever to find your favorite TV show
5 november 2025
5 november 2025
5 november 2025
Starting 14 November, Ziggo customers can find their favorite
TV shows even faster and easier. With the addition of AI to
voice control, searching for TV and streaming content is now
possible using everyday language. This means no complicated
commands or lengthy searches: simply tell your remote what
you want This innovation responds to the
increasing demand for convenience and personalized search
options on TV.
Ziggo is the first telecom company in the Netherlands to
combine voice-controlled search with advanced AI technology.
News
News
Ziggo voice control now powered by AI
Ziggo voice control now powered by AI
VodafoneZiggo.nl uses cookies, by accepting these cookies you make optimal use of our website.
ACCEPT
DECLINE

You can search by genre, character, theme, or other personal
preferences. Both children and for all ages and situations. For
example: ""Show me only DC superheroes,"" “Find a movie starring
Kate Winslet,” or “I want to watch a British crime series.”
Find Quickly with AI
With the new AI support, the mediabox understands not only
simple requests but also more complex questions. Technical
commands are no longer needed, making it more intuitive to find
movies and series. You can and
discover content. No additional installation is required; the
feature is available immediately on Next/Next Mini mediaboxes
and the including remote control.
News
News
Ziggo voice control now powered by AI
Ziggo voice control now powered by AI
VodafoneZiggo.nl uses cookies, by accepting these cookies you make optimal use of our website.

Continual Improvement of the viewing Experience
Research shows that Ziggo customers greatly appreciate Voice
Control. More of searching
too long for fun TV or streaming content. Watching TV should be
easy and effortless. That’s why we’re the first in the Netherlands
to bring voice-controlled search with AI. This way, Ziggo
continues to lead the way in TV technology and smart viewing
solutions, just as customers expect from us.”
The feature will automatically be available from November 14...","[(0, 613), (750, 1261), (1324, 1709), (1896, 2362), (2567, 2936)]",18,2351,386,662
